scenario,pop,lwr,upr
Current,842907803.470137,562398431.2,1119123514.725
No dams,1679205567.16081,1132932131.3,2237729600.275
No passage,800715964.468411,529304834.075,1064054864.775
