upstream,downstream,downstream_j,region,pop,lwr,upr,samp
0,0,DS Juv = 0,MAT,68051588.803835,47488157.55,88830194.5,561
0,0,DS Juv = 0,NNE,812003071.784681,608735257.55,1075808730.25,878
0,0,DS Juv = 0,SNE,7013663.55458233,4661518.225,9829711.525,156
0,0,DS Juv = 0.1,MAT,68835197.2673861,49039446,90078184.85,536
0,0,DS Juv = 0.1,NNE,807288182.961287,619214325.45,1011687077.525,860
0,0,DS Juv = 0.1,SNE,6733274.59907531,4333949.9,9078792.8,153
0,0,DS Juv = 0.2,MAT,67729129.6565623,48378615,86708356.925,523
0,0,DS Juv = 0.2,NNE,814682162.398493,604889054.875,1023899797.05,860
0,0,DS Juv = 0.2,SNE,6562556.81255793,4512416.2,8989838.175,153
0,0,DS Juv = 0.3,MAT,68469078.0047053,48895706.55,91104309.725,517
0,0,DS Juv = 0.3,NNE,815329154.57567,581005852.05,1052319441.95,824
0,0,DS Juv = 0.3,SNE,6944522.68147318,5075484.975,9109730.925,138
0,0,DS Juv = 0.4,MAT,68794021.0936784,47390834.775,90949481.9,525
0,0,DS Juv = 0.4,NNE,823139119.144312,609181354.925,1020961731.525,821
0,0,DS Juv = 0.4,SNE,6732246.18144696,4408308.125,9121363.95,130
0,0,DS Juv = 0.5,MAT,68400784.4350332,48947315.925,90382001.975,544
0,0,DS Juv = 0.5,NNE,813710308.899517,571766233.425,1062290751.075,834
0,0,DS Juv = 0.5,SNE,6862427.09008564,4434846.675,9663988.525,134
0,0,DS Juv = 0.6,MAT,69356151.8851253,51356030.125,88662129.425,534
0,0,DS Juv = 0.6,NNE,829565917.197722,609408136.65,1077658299.9,843
0,0,DS Juv = 0.6,SNE,7008613.79857071,4885267.3,9257806.925,137
0,0,DS Juv = 0.7,MAT,69122942.9531441,49993950.85,89206309.475,494
0,0,DS Juv = 0.7,NNE,833933704.186648,608927011.775,1095025093.7,876
0,0,DS Juv = 0.7,SNE,6916072.26303321,4861609.825,8907705.35,146
0,0,DS Juv = 0.8,MAT,68011361.0622533,46912473.25,88473230.15,583
0,0,DS Juv = 0.8,NNE,815271077.750153,552398389.075,1063976550.05,840
0,0,DS Juv = 0.8,SNE,7057497.51246377,5073347.1,9161092.425,129
0,0,DS Juv = 0.9,MAT,67545088.1946635,48028729.325,88371933.65,568
0,0,DS Juv = 0.9,NNE,816841527.337575,582439763.15,1047961223.4,852
0,0,DS Juv = 0.9,SNE,6883423.79421031,4572587.575,8985369.175,128
0,0,DS Juv = 1,MAT,67962724.4240049,46595182.725,86346330.3,513
0,0,DS Juv = 1,NNE,817100656.496673,586183589.1,1091687387.85,822
0,0,DS Juv = 1,SNE,6899163.22593838,5186292.7,9193914.625,127
0,0.1,DS Juv = 0,MAT,68246313.82047,50562509.2,86526985.525,564
0,0.1,DS Juv = 0,NNE,807358617.914096,561795962.3,1008784924.825,839
0,0.1,DS Juv = 0,SNE,6888857.94272892,5019903.875,8684700.1,125
0,0.1,DS Juv = 0.1,MAT,67821886.2902625,48767780.525,88910260.45,557
0,0.1,DS Juv = 0.1,NNE,824170011.39317,611972785.525,1077602258.45,856
0,0.1,DS Juv = 0.1,SNE,6913139.09834758,5070190.175,9033927.65,134
0,0.1,DS Juv = 0.2,MAT,68505953.6606976,49659238.75,88651088.575,532
0,0.1,DS Juv = 0.2,NNE,826442997.836994,591998856.9,1082558046.075,831
0,0.1,DS Juv = 0.2,SNE,6710911.88387941,4915629.6,8733035.425,114
0,0.1,DS Juv = 0.3,MAT,68742082.2929361,49071125.15,88787846.025,554
0,0.1,DS Juv = 0.3,NNE,821662268.501564,575055765.125,1049123122.85,843
0,0.1,DS Juv = 0.3,SNE,6799191.19678399,4864316.85,9012108.075,127
0,0.1,DS Juv = 0.4,MAT,68468654.4727488,47703504.85,92086214.375,517
0,0.1,DS Juv = 0.4,NNE,834415545.686126,577666397.95,1058935235.4,859
0,0.1,DS Juv = 0.4,SNE,6957318.92377414,4449025.3,10050110.425,138
0,0.1,DS Juv = 0.5,MAT,68817454.2874008,50178775,87374637.25,518
0,0.1,DS Juv = 0.5,NNE,813043270.468944,579200485.775,1024529931.575,801
0,0.1,DS Juv = 0.5,SNE,7186439.75972092,5317883.325,9299622.675,146
0,0.1,DS Juv = 0.6,MAT,68047936.1247688,47092484.525,92035828.175,552
0,0.1,DS Juv = 0.6,NNE,821691985.946657,601384889.975,1084978591.55,828
0,0.1,DS Juv = 0.6,SNE,6885545.67566644,4667643.225,8886403.675,121
0,0.1,DS Juv = 0.7,MAT,67151103.9064435,45342532.25,88328634.45,501
0,0.1,DS Juv = 0.7,NNE,843942396.050922,624735286.8,1073706170.85,795
0,0.1,DS Juv = 0.7,SNE,6940853.36964281,4453691.65,9430149.875,121
0,0.1,DS Juv = 0.8,MAT,68521446.1129636,46520292.25,88421861.7,495
0,0.1,DS Juv = 0.8,NNE,828284497.786659,581486404.8,1081948619.025,829
0,0.1,DS Juv = 0.8,SNE,6857114.69119968,4764648.125,8874372.4,124
0,0.1,DS Juv = 0.9,MAT,68385565.8919868,49118665.025,90196455.9,562
0,0.1,DS Juv = 0.9,NNE,821109332.107449,610141863.525,1068034225.8,822
0,0.1,DS Juv = 0.9,SNE,6923734.34352142,4878769.375,9594337.65,152
0,0.1,DS Juv = 1,MAT,69296629.9030315,49111946.25,89919212.45,582
0,0.1,DS Juv = 1,NNE,804064523.032009,600309889.025,1067405090.35,828
0,0.1,DS Juv = 1,SNE,6898296.42896825,4760886.225,9151271.7,152
0,0.2,DS Juv = 0,MAT,70022788.4859425,50964263.325,91878522.9,489
0,0.2,DS Juv = 0,NNE,837566360.071052,569194174.925,1112188763.85,861
0,0.2,DS Juv = 0,SNE,6601235.98618012,4807610.8,8972722.75,118
0,0.2,DS Juv = 0.1,MAT,67684941.7086797,45780911.35,90601594.3,540
0,0.2,DS Juv = 0.1,NNE,817877580.244766,592038902.325,1027401795.3,816
0,0.2,DS Juv = 0.1,SNE,6593892.16410674,4464859.7,8644099.525,137
0,0.2,DS Juv = 0.2,MAT,68014561.2588461,50068817.975,86645922.175,534
0,0.2,DS Juv = 0.2,NNE,808480445.605501,586961676.05,1015782125.675,824
0,0.2,DS Juv = 0.2,SNE,6883182.14059934,4590713,9210022.075,126
0,0.2,DS Juv = 0.3,MAT,68979704.1361579,51088756.325,88150341.75,540
0,0.2,DS Juv = 0.3,NNE,810623516.381459,597466124.025,1037163225.2,808
0,0.2,DS Juv = 0.3,SNE,6990207.88932191,5041105.9,9050610.95,139
0,0.2,DS Juv = 0.4,MAT,68415293.4911675,45885189.9,88433122.675,559
0,0.2,DS Juv = 0.4,NNE,810378661.862402,547881535.5,1041850881.7,871
0,0.2,DS Juv = 0.4,SNE,7079081.53474379,5238882.775,9244505.875,141
0,0.2,DS Juv = 0.5,MAT,69484768.3935861,49681255.9,92088157.725,494
0,0.2,DS Juv = 0.5,NNE,837502608.390037,600366440.55,1078424654.725,860
0,0.2,DS Juv = 0.5,SNE,7089041.50650227,5119991.125,9461377.9,144
0,0.2,DS Juv = 0.6,MAT,67445008.0556182,45935184.7,87890263.425,520
0,0.2,DS Juv = 0.6,NNE,828231783.537193,604689836.675,1053275994.55,789
0,0.2,DS Juv = 0.6,SNE,7181458.32066261,4995943.6,9766904.825,125
0,0.2,DS Juv = 0.7,MAT,68238243.9856511,47409675.725,89729692.55,541
0,0.2,DS Juv = 0.7,NNE,833953372.121316,606011492.55,1074675855.15,811
0,0.2,DS Juv = 0.7,SNE,6657426.03787981,4579108.5,8734352.125,121
0,0.2,DS Juv = 0.8,MAT,69184691.1762639,50670749.55,89791871.6,527
0,0.2,DS Juv = 0.8,NNE,809646283.802128,577025980.075,1052156516.425,841
0,0.2,DS Juv = 0.8,SNE,6931597.3535153,4913099.425,9207672.05,139
0,0.2,DS Juv = 0.9,MAT,68330304.4036291,48439643.7,90553074.525,523
0,0.2,DS Juv = 0.9,NNE,814546848.687588,573611554.275,1036610615.425,776
0,0.2,DS Juv = 0.9,SNE,7172402.59781024,5170492.7,9479046.5,129
0,0.2,DS Juv = 1,MAT,68561157.629635,47627804.85,89874679.05,529
0,0.2,DS Juv = 1,NNE,823429958.085623,601705247.75,1095224106.65,816
0,0.2,DS Juv = 1,SNE,7093398.7157444,5067532.075,9422463.15,102
0,0.3,DS Juv = 0,MAT,69063311.7218933,49517317.475,89236565.875,557
0,0.3,DS Juv = 0,NNE,817783111.467856,606834498.125,1054683959.275,843
0,0.3,DS Juv = 0,SNE,6801350.30254826,4895249.8,9163534.575,143
0,0.3,DS Juv = 0.1,MAT,68356271.411593,46560471.475,91937600.325,567
0,0.3,DS Juv = 0.1,NNE,812431429.855728,593995400.675,1056071068.325,772
0,0.3,DS Juv = 0.1,SNE,7124484.46252874,4578075.5,9643132.4,125
0,0.3,DS Juv = 0.2,MAT,69121972.7036784,48327757.9,89739258.275,499
0,0.3,DS Juv = 0.2,NNE,833331453.815085,602441247.075,1078525798.8,838
0,0.3,DS Juv = 0.2,SNE,6865476.7935112,4699807.85,9331291.475,123
0,0.3,DS Juv = 0.3,MAT,69389578.5278166,48460639.85,89993389.425,535
0,0.3,DS Juv = 0.3,NNE,784804596.670066,526201492.3,1020034216.575,785
0,0.3,DS Juv = 0.3,SNE,6924670.51492409,4842240.875,8712570.95,124
0,0.3,DS Juv = 0.4,MAT,67120216.8838147,47308586.625,88002818.975,550
0,0.3,DS Juv = 0.4,NNE,819261533.171108,598316492.55,1065998529.7,868
0,0.3,DS Juv = 0.4,SNE,6730367.79379836,4730218.7,9235715.475,138
0,0.3,DS Juv = 0.5,MAT,68446700.2395487,47722793.275,87885712.2,537
0,0.3,DS Juv = 0.5,NNE,808754690.435317,581056004.7,1048407110.1,802
0,0.3,DS Juv = 0.5,SNE,7009976.33917552,4766762.75,8890665.1,145
0,0.3,DS Juv = 0.6,MAT,67529419.1648436,47471203.75,88976185.9,552
0,0.3,DS Juv = 0.6,NNE,833176041.346357,605867616.55,1050689258.9,822
0,0.3,DS Juv = 0.6,SNE,6796580.14686303,5018208.6,9011385.125,161
0,0.3,DS Juv = 0.7,MAT,67810049.1880409,49925430.725,86946218.55,498
0,0.3,DS Juv = 0.7,NNE,818791041.755729,584298897.325,1070922996.35,783
0,0.3,DS Juv = 0.7,SNE,6796307.33790332,4604290.6,8930103.6,116
0,0.3,DS Juv = 0.8,MAT,69374363.8268665,48812393.3,90193329.125,539
0,0.3,DS Juv = 0.8,NNE,831698972.12447,590167935.375,1060420528.275,868
0,0.3,DS Juv = 0.8,SNE,7062188.57491334,4775360.7,9606542.925,142
0,0.3,DS Juv = 0.9,MAT,66867800.4007349,47862226.275,84882393.55,463
0,0.3,DS Juv = 0.9,NNE,808386034.08036,598538000.95,1047773609.375,817
0,0.3,DS Juv = 0.9,SNE,6808688.8044302,4327526.55,8902762.65,119
0,0.3,DS Juv = 1,MAT,67651143.8242537,48297481.7,88639667.975,531
0,0.3,DS Juv = 1,NNE,816799353.084398,563988621.375,1087372941.65,868
0,0.3,DS Juv = 1,SNE,6964996.76074303,4873663.75,9118876.55,107
0,0.4,DS Juv = 0,MAT,68780787.2318555,48860712.675,91035623.05,537
0,0.4,DS Juv = 0,NNE,794212507.907225,539357372.175,979529878.025,808
0,0.4,DS Juv = 0,SNE,6721591.74651638,4483447.875,8890951.725,135
0,0.4,DS Juv = 0.1,MAT,68504468.6574279,50268733.775,89030852.95,560
0,0.4,DS Juv = 0.1,NNE,821075324.352032,605765130.85,1055439320.15,777
0,0.4,DS Juv = 0.1,SNE,7044057.30366103,5099826.3,8851222.175,134
0,0.4,DS Juv = 0.2,MAT,67954291.5267033,48263785.525,91001417.85,546
0,0.4,DS Juv = 0.2,NNE,822831833.444601,591125420.025,1069426244.175,870
0,0.4,DS Juv = 0.2,SNE,6801356.52108919,4961691.15,8615653.125,149
0,0.4,DS Juv = 0.3,MAT,67764072.3501033,47814574.725,89319139.825,513
0,0.4,DS Juv = 0.3,NNE,836115221.086176,591371614.9,1078077955.675,798
0,0.4,DS Juv = 0.3,SNE,6676666.19225218,4227731.75,8926995.275,128
0,0.4,DS Juv = 0.4,MAT,68083330.1356199,46765526.025,89806829.625,525
0,0.4,DS Juv = 0.4,NNE,823562638.347985,602366807.625,1052448486.425,848
0,0.4,DS Juv = 0.4,SNE,6892098.84089731,4253364.8,9170507.825,149
0,0.4,DS Juv = 0.5,MAT,69013751.782184,50485214.75,90607201.625,529
0,0.4,DS Juv = 0.5,NNE,797482165.611043,542786015.75,1043856042.3,873
0,0.4,DS Juv = 0.5,SNE,6845910.7994453,5003873.7,9192393.15,146
0,0.4,DS Juv = 0.6,MAT,68275153.2340865,50133297.775,89562892.475,532
0,0.4,DS Juv = 0.6,NNE,813455642.558907,574893262.975,1061863383.675,836
0,0.4,DS Juv = 0.6,SNE,6999874.39668396,4946445.525,8950061.975,121
0,0.4,DS Juv = 0.7,MAT,67972067.0076146,48239540.275,88118916.825,516
0,0.4,DS Juv = 0.7,NNE,813522032.136816,587191936.1,1025431291.225,795
0,0.4,DS Juv = 0.7,SNE,6950411.33335544,4790061.075,9109871.075,150
0,0.4,DS Juv = 0.8,MAT,68354423.788565,48205387.55,88049258.45,522
0,0.4,DS Juv = 0.8,NNE,833801687.424772,615376364.625,1045949097.85,777
0,0.4,DS Juv = 0.8,SNE,6760066.37393992,4988415.35,9163865.725,135
0,0.4,DS Juv = 0.9,MAT,68501170.5307741,49332098.5,88420506.325,540
0,0.4,DS Juv = 0.9,NNE,814325290.36448,603801541.475,1035660078.55,863
0,0.4,DS Juv = 0.9,SNE,6922226.45541502,4756837.1,9123603.325,130
0,0.4,DS Juv = 1,MAT,68254453.8711902,47373345.975,91207678.825,557
0,0.4,DS Juv = 1,NNE,806144083.63174,518208240.8,1059347827.575,845
0,0.4,DS Juv = 1,SNE,6933333.33526522,4941124.7,9140562.5,146
0,0.5,DS Juv = 0,MAT,67287093.178336,45366592.225,86124663.525,526
0,0.5,DS Juv = 0,NNE,820562158.190639,570210444.525,1099130261.05,809
0,0.5,DS Juv = 0,SNE,6853347.75069444,4702738.725,8521416.425,144
0,0.5,DS Juv = 0.1,MAT,68676591.9496985,49381374.75,88853143.825,519
0,0.5,DS Juv = 0.1,NNE,815249216.382299,584527506.6,1032937959.075,855
0,0.5,DS Juv = 0.1,SNE,6880303.96666667,4885414.925,9075976.7,124
0,0.5,DS Juv = 0.2,MAT,67840449.7573079,47921773.85,88052832.775,566
0,0.5,DS Juv = 0.2,NNE,810497760.349741,578356153.8,1042860398.825,821
0,0.5,DS Juv = 0.2,SNE,6816335.25179426,4690763.375,8706366.8,130
0,0.5,DS Juv = 0.3,MAT,67985405.4106051,48520650.8,88885707.325,535
0,0.5,DS Juv = 0.3,NNE,804580250.279703,557306313.5,1031654517.05,881
0,0.5,DS Juv = 0.3,SNE,6968846.4129529,4742447.1,9499353.5,162
0,0.5,DS Juv = 0.4,MAT,66700900.8557173,48635763,86172894.4,521
0,0.5,DS Juv = 0.4,NNE,823921899.801943,581229941.125,1056009388,868
0,0.5,DS Juv = 0.4,SNE,7239236.58433894,4661882.55,9491448.6,128
0,0.5,DS Juv = 0.5,MAT,69859014.2139373,51507368.525,91141107.525,495
0,0.5,DS Juv = 0.5,NNE,817379624.991684,592773634.9,1045678703.95,875
0,0.5,DS Juv = 0.5,SNE,6833095.6776589,4894662.025,8894818.5,160
0,0.5,DS Juv = 0.6,MAT,68142580.0575591,48662403.2,88872073.9,528
0,0.5,DS Juv = 0.6,NNE,821480231.49241,607157931.3,1039726284.875,819
0,0.5,DS Juv = 0.6,SNE,7023653.85399836,5260823.2,9051939.075,124
0,0.5,DS Juv = 0.7,MAT,67708898.9836769,48765408.6,88796189.475,533
0,0.5,DS Juv = 0.7,NNE,823840151.79445,585270539.925,1063424036.225,804
0,0.5,DS Juv = 0.7,SNE,7057861.28381521,4718741.95,9260073.075,134
0,0.5,DS Juv = 0.8,MAT,67756755.3730301,48624581.6,88369385.425,541
0,0.5,DS Juv = 0.8,NNE,823520643.665508,589541825.85,1054763407.35,812
0,0.5,DS Juv = 0.8,SNE,7091323.75515151,5324848.6,9454172.175,121
0,0.5,DS Juv = 0.9,MAT,68458140.2266734,49939788.625,87365742,504
0,0.5,DS Juv = 0.9,NNE,793057522.471706,567698549.725,1013811690.85,808
0,0.5,DS Juv = 0.9,SNE,6759358.85893185,4541913.5,8812061.4,119
0,0.5,DS Juv = 1,MAT,67609092.140944,48603995.425,87354631.825,564
0,0.5,DS Juv = 1,NNE,822537959.861017,593818981.3,1050048570.675,812
0,0.5,DS Juv = 1,SNE,6709873.32659608,4637872.675,9806670.375,155
0,0.6,DS Juv = 0,MAT,68846765.3530753,50081838.85,89747397.175,520
0,0.6,DS Juv = 0,NNE,820678311.360181,630461198.325,1042330347.9,804
0,0.6,DS Juv = 0,SNE,6773470.76988946,4448673.225,8739287.6,134
0,0.6,DS Juv = 0.1,MAT,67809540.1390234,48686129.125,87910504.575,523
0,0.6,DS Juv = 0.1,NNE,824953050.227166,605277125.725,1050568092.5,809
0,0.6,DS Juv = 0.1,SNE,6867900.00246283,4526105.375,9316162.75,147
0,0.6,DS Juv = 0.2,MAT,68636173.3607951,47579216.95,92061336.95,538
0,0.6,DS Juv = 0.2,NNE,810091745.464445,577838537.45,1016562644.075,875
0,0.6,DS Juv = 0.2,SNE,7106085.36810376,5261380.975,9648529.85,122
0,0.6,DS Juv = 0.3,MAT,68731755.4622524,47632988.125,88840376.95,531
0,0.6,DS Juv = 0.3,NNE,817077825.69092,544428550.25,1058679378.725,848
0,0.6,DS Juv = 0.3,SNE,6884196.12941317,5187244.425,8403753.95,124
0,0.6,DS Juv = 0.4,MAT,67136488.0543456,47197662.3,89805864.55,563
0,0.6,DS Juv = 0.4,NNE,824354069.78407,571490168.05,1073074170.275,862
0,0.6,DS Juv = 0.4,SNE,6809503.88471496,4771901.475,9144078.2,148
0,0.6,DS Juv = 0.5,MAT,69508960.3366512,49361123.025,90206964.975,519
0,0.6,DS Juv = 0.5,NNE,805414999.959122,598342010.775,1026464704.275,855
0,0.6,DS Juv = 0.5,SNE,6826984.0904135,4950953.5,8989182.4,126
0,0.6,DS Juv = 0.6,MAT,68083415.4442881,48889227.4,89160869.225,515
0,0.6,DS Juv = 0.6,NNE,815941287.28033,594818939,1046130476.575,867
0,0.6,DS Juv = 0.6,SNE,6954926.96014493,4357749.225,9365352.85,125
0,0.6,DS Juv = 0.7,MAT,68310600.3831861,47025888.75,91721988.275,560
0,0.6,DS Juv = 0.7,NNE,807378038.535837,569423481.875,1052819428.625,844
0,0.6,DS Juv = 0.7,SNE,7195392.1958195,5005795.35,9366575.4,145
0,0.6,DS Juv = 0.8,MAT,68930232.0558053,46954963.975,91308197.625,529
0,0.6,DS Juv = 0.8,NNE,820440806.979948,591612394.075,1039830540.4,915
0,0.6,DS Juv = 0.8,SNE,6822346.34164447,4758873.225,8882132.35,137
0,0.6,DS Juv = 0.9,MAT,67604383.3356267,47644064.975,88100956.125,551
0,0.6,DS Juv = 0.9,NNE,797148922.065502,547160871.825,1050823900.45,821
0,0.6,DS Juv = 0.9,SNE,7053913.99858198,5141646.575,9157618.375,152
0,0.6,DS Juv = 1,MAT,67603172.3231498,47892210.875,87346379.6,527
0,0.6,DS Juv = 1,NNE,826920690.190932,574006215.9,1105004775.9,832
0,0.6,DS Juv = 1,SNE,6924635.62179369,4797231.925,9369574.325,148
0,0.7,DS Juv = 0,MAT,67928645.1408803,46631586.15,89998324.275,520
0,0.7,DS Juv = 0,NNE,811276899.195076,582808700.5,1056883772.375,815
0,0.7,DS Juv = 0,SNE,7122170.73627594,4780877.925,9156714.225,160
0,0.7,DS Juv = 0.1,MAT,69312799.6345377,47994967.775,93528557.2,543
0,0.7,DS Juv = 0.1,NNE,800858311.498537,575950247.925,1043109242.475,890
0,0.7,DS Juv = 0.1,SNE,7111900.03309908,4542285.825,9770642.9,133
0,0.7,DS Juv = 0.2,MAT,67763657.6349261,49371527.225,87000971.125,524
0,0.7,DS Juv = 0.2,NNE,832282893.902752,588904626.475,1068170897.825,847
0,0.7,DS Juv = 0.2,SNE,6850098.9955988,4426999.775,9269630.8,139
0,0.7,DS Juv = 0.3,MAT,67918356.4284876,49920292.225,88489622.675,510
0,0.7,DS Juv = 0.3,NNE,817015941.699749,591546705.8,1032701103.025,821
0,0.7,DS Juv = 0.3,SNE,6882878.76078246,4825884.45,9336006.175,114
0,0.7,DS Juv = 0.4,MAT,67818846.1560727,50123331.525,90011489.3,519
0,0.7,DS Juv = 0.4,NNE,802245414.554045,569538977.2,1070190970.025,817
0,0.7,DS Juv = 0.4,SNE,6849767.14880952,5315511.4,8837385.775,120
0,0.7,DS Juv = 0.5,MAT,68344647.0583592,49927013.575,89391153.075,556
0,0.7,DS Juv = 0.5,NNE,804582175.14943,600007485.6,1055645802.875,854
0,0.7,DS Juv = 0.5,SNE,6832731.76362023,4873058.875,9092814.825,129
0,0.7,DS Juv = 0.6,MAT,67381197.8963522,47824290.05,89630448.975,535
0,0.7,DS Juv = 0.6,NNE,799192526.639433,570343161.875,1014951618.8,805
0,0.7,DS Juv = 0.6,SNE,7191803.77222222,5104440.425,9062695.95,127
0,0.7,DS Juv = 0.7,MAT,68814007.2621692,49457177.7,90197733.35,530
0,0.7,DS Juv = 0.7,NNE,809540321.287224,554433142.925,1068587264.075,834
0,0.7,DS Juv = 0.7,SNE,7010319.98730159,4672958.3,8807629.25,125
0,0.7,DS Juv = 0.8,MAT,68466580.8062923,49342731.825,89784037.05,567
0,0.7,DS Juv = 0.8,NNE,830498758.159206,581972754.9,1073108450.475,815
0,0.7,DS Juv = 0.8,SNE,6741008.92671243,5131921.05,8879097.4,123
0,0.7,DS Juv = 0.9,MAT,68362200.8968798,47776810.575,90524334.575,558
0,0.7,DS Juv = 0.9,NNE,806180282.542764,522107536.65,1050563332.15,817
0,0.7,DS Juv = 0.9,SNE,6887741.05569764,4831273.025,9592378.5,139
0,0.7,DS Juv = 1,MAT,69796258.901199,51288403.625,88878225.475,495
0,0.7,DS Juv = 1,NNE,822188668.643931,619389567.3,1044282449.675,803
0,0.7,DS Juv = 1,SNE,7013982.98792327,4933518.025,9183855.85,150
0,0.8,DS Juv = 0,MAT,69797701.444656,49316029.925,89133531.375,557
0,0.8,DS Juv = 0,NNE,814475954.397038,587907197.75,1056998694.475,803
0,0.8,DS Juv = 0,SNE,6808166.14643952,4562462.325,9219850.6,108
0,0.8,DS Juv = 0.1,MAT,67790910.3795035,47917285.15,89054523.55,530
0,0.8,DS Juv = 0.1,NNE,821913090.080915,618823762.125,1068422952.725,823
0,0.8,DS Juv = 0.1,SNE,7156609.98320134,4529918.2,9541506.5,144
0,0.8,DS Juv = 0.2,MAT,67747872.8686071,48339654.125,87593718.95,556
0,0.8,DS Juv = 0.2,NNE,824587192.260186,576700185.4,1055705460.275,818
0,0.8,DS Juv = 0.2,SNE,7011678.16939189,4936287.25,8992209.6,158
0,0.8,DS Juv = 0.3,MAT,68228820.1532982,48163615.625,89864234.5,509
0,0.8,DS Juv = 0.3,NNE,819418644.36245,596009531.45,1048629134.225,805
0,0.8,DS Juv = 0.3,SNE,6956607.66027437,5235794.75,8741330.35,112
0,0.8,DS Juv = 0.4,MAT,70013700.1233758,49275756.675,91818318.2,553
0,0.8,DS Juv = 0.4,NNE,820314727.146941,576049855.825,1076840770.975,870
0,0.8,DS Juv = 0.4,SNE,6704449.51418528,4613448.1,8785610.9,130
0,0.8,DS Juv = 0.5,MAT,68803436.7087156,48211357.55,88885509.55,476
0,0.8,DS Juv = 0.5,NNE,824291866.803581,607459676.05,1048663516.175,833
0,0.8,DS Juv = 0.5,SNE,6966335.25190476,4368055.85,9399470.2,122
0,0.8,DS Juv = 0.6,MAT,67814681.3722986,48534132.625,89266340.825,544
0,0.8,DS Juv = 0.6,NNE,798171934.399961,575007630.175,1026474653.225,786
0,0.8,DS Juv = 0.6,SNE,7100481.90581592,4779336.475,9794408.575,149
0,0.8,DS Juv = 0.7,MAT,68240980.3299607,48626537.075,90626451.8,572
0,0.8,DS Juv = 0.7,NNE,808574128.461414,583055149.05,1021165247.7,808
0,0.8,DS Juv = 0.7,SNE,6749109.40788616,4685130.1,9375294.6,124
0,0.8,DS Juv = 0.8,MAT,67514343.0926723,47382090.925,90464513.85,464
0,0.8,DS Juv = 0.8,NNE,820395626.98033,592787795.475,1076702149.075,821
0,0.8,DS Juv = 0.8,SNE,6848459.57433586,4071924.1,9189752.9,139
0,0.8,DS Juv = 0.9,MAT,68834052.1879295,47748125.425,88442892.975,535
0,0.8,DS Juv = 0.9,NNE,823763681.13352,609410142.1,1061294056.2,850
0,0.8,DS Juv = 0.9,SNE,7046494.9000821,4920153.975,9044654.375,135
0,0.8,DS Juv = 1,MAT,67897439.9325728,48204619.2,89562721.225,532
0,0.8,DS Juv = 1,NNE,809151753.914349,565389285.2,1037480221.1,847
0,0.8,DS Juv = 1,SNE,6815854.1954023,4778917.275,9132628.375,134
0,0.9,DS Juv = 0,MAT,68054729.2533652,46885124.3,90393741.45,557
0,0.9,DS Juv = 0,NNE,832789821.766011,621662348,1065345046.1,834
0,0.9,DS Juv = 0,SNE,6957033.01569494,4790159.25,9237670.7,133
0,0.9,DS Juv = 0.1,MAT,69814126.7144655,51068851.025,89906925.975,516
0,0.9,DS Juv = 0.1,NNE,817523779.913644,586288183.075,1081502008.925,813
0,0.9,DS Juv = 0.1,SNE,6906847.76733061,4927383.8,8757809.15,139
0,0.9,DS Juv = 0.2,MAT,68541395.7395422,48860633.875,90128313.65,530
0,0.9,DS Juv = 0.2,NNE,807977700.758049,565790352.175,1023784227.625,762
0,0.9,DS Juv = 0.2,SNE,6833782.48695564,5018373.5,8747967.7,125
0,0.9,DS Juv = 0.3,MAT,68664631.9410398,47318327.45,86886088.625,529
0,0.9,DS Juv = 0.3,NNE,830640462.816676,577710003.325,1058076571.725,807
0,0.9,DS Juv = 0.3,SNE,7079387.0809703,5042464.75,9376901.975,124
0,0.9,DS Juv = 0.4,MAT,69655840.4548487,50193151.225,89537136.05,496
0,0.9,DS Juv = 0.4,NNE,824601964.973689,572281822.7,1085632402.1,823
0,0.9,DS Juv = 0.4,SNE,6677960.51170569,4849194.35,8397602.85,133
0,0.9,DS Juv = 0.5,MAT,68206291.8837072,46391408.8,91670275.375,545
0,0.9,DS Juv = 0.5,NNE,816316636.189986,582962026.15,1070279674.375,883
0,0.9,DS Juv = 0.5,SNE,6791939.63055274,4835188.475,9177869.9,155
0,0.9,DS Juv = 0.6,MAT,69059638.3725422,48214344.425,90220048.475,524
0,0.9,DS Juv = 0.6,NNE,818717862.02682,591283385.025,1042494379.75,805
0,0.9,DS Juv = 0.6,SNE,6997140.56916055,5258913.325,8848392,135
0,0.9,DS Juv = 0.7,MAT,69286644.6418405,49973150.85,90999460.075,525
0,0.9,DS Juv = 0.7,NNE,833423516.343904,598120644.625,1105595411.65,838
0,0.9,DS Juv = 0.7,SNE,7115045.45696619,5058177.05,9484940.2,143
0,0.9,DS Juv = 0.8,MAT,69987886.2623929,49810540.7,90995249.1,542
0,0.9,DS Juv = 0.8,NNE,822744592.707845,612930316.275,1060205825.8,818
0,0.9,DS Juv = 0.8,SNE,6923378.53462365,4835391.3,8622922.9,120
0,0.9,DS Juv = 0.9,MAT,69133535.38199,50556246.425,90487945.275,537
0,0.9,DS Juv = 0.9,NNE,817591427.531389,580471143.9,1084348078.175,851
0,0.9,DS Juv = 0.9,SNE,7032446.49787237,4937468.425,9105356.275,133
0,0.9,DS Juv = 1,MAT,68016540.8864686,47152131.875,90872322.95,518
0,0.9,DS Juv = 1,NNE,820135234.463728,601979182.575,1039760292.9,843
0,0.9,DS Juv = 1,SNE,7049763.67731092,5047348.4,9037692.3,134
0,1,DS Juv = 0,MAT,68577684.6929036,49104965.025,90415841.775,595
0,1,DS Juv = 0,NNE,817136835.097267,581503450.825,1063546904.975,800
0,1,DS Juv = 0,SNE,6944221.90739289,4619467.825,9046724.925,136
0,1,DS Juv = 0.1,MAT,67095876.27736,47772046.05,88851805.4,540
0,1,DS Juv = 0.1,NNE,824990490.311764,624297628.925,1051514770.575,800
0,1,DS Juv = 0.1,SNE,6826745.90110024,4817331.55,9440541.25,143
0,1,DS Juv = 0.2,MAT,68240115.9559261,47318822,87769110.55,520
0,1,DS Juv = 0.2,NNE,824579062.380227,588110395.25,1075939237.925,800
0,1,DS Juv = 0.2,SNE,6864632.95769231,4756591.425,9202195.575,135
0,1,DS Juv = 0.3,MAT,69662868.1940751,49889934.525,91335553.65,534
0,1,DS Juv = 0.3,NNE,797576770.739242,541285774.1,1055368233.675,774
0,1,DS Juv = 0.3,SNE,7028398.63368726,4846921.3,9156412.55,168
0,1,DS Juv = 0.4,MAT,67904656.7131344,48353823.85,90413992.55,508
0,1,DS Juv = 0.4,NNE,797633593.089242,554207288.325,1025055475.925,838
0,1,DS Juv = 0.4,SNE,7152029.32378033,5341752.15,9328912.825,136
0,1,DS Juv = 0.5,MAT,68390377.0708779,49047178.9,87791892.325,529
0,1,DS Juv = 0.5,NNE,824070372.849379,605705277.5,1098770132.075,840
0,1,DS Juv = 0.5,SNE,7119949.91406121,4981418.8,9374838.375,141
0,1,DS Juv = 0.6,MAT,69346490.8196796,47765582.2,91371232.8,580
0,1,DS Juv = 0.6,NNE,817669330.274618,591596495.925,1027099620.675,803
0,1,DS Juv = 0.6,SNE,6685851.77695616,4944185.175,8695201.8,139
0,1,DS Juv = 0.7,MAT,68734765.872741,48468856.6,90834315.9,549
0,1,DS Juv = 0.7,NNE,815463353.956409,557546907.25,1068203371.375,826
0,1,DS Juv = 0.7,SNE,7021473.91800203,4813985.175,9166793.325,160
0,1,DS Juv = 0.8,MAT,68841352.979225,49596415.325,89537222.05,559
0,1,DS Juv = 0.8,NNE,823241176.76001,597850454.775,1079671968.825,869
0,1,DS Juv = 0.8,SNE,6975978.29469175,4948126.725,8905962.175,144
0,1,DS Juv = 0.9,MAT,69211099.775403,51070520.9,89494017.125,478
0,1,DS Juv = 0.9,NNE,826397126.634188,579237699.275,1081632381.175,844
0,1,DS Juv = 0.9,SNE,6961086.31738579,4532904.7,8822436.675,129
0,1,DS Juv = 1,MAT,68755855.4978473,48644330.6,88738234.3,515
0,1,DS Juv = 1,NNE,817856608.104612,600217000.75,1044146995.675,839
0,1,DS Juv = 1,SNE,6986787.82511022,4926478.6,9138174.775,154
0.1,0,DS Juv = 0,MAT,65067995.6255087,46705025.65,85770342.925,532
0.1,0,DS Juv = 0,NNE,808410483.774393,555235357.325,1031993572.45,788
0.1,0,DS Juv = 0,SNE,6373788.49070513,4480223,8540283.95,148
0.1,0,DS Juv = 0.1,MAT,65281017.0416526,47193674.55,86151817.575,607
0.1,0,DS Juv = 0.1,NNE,812826277.007653,566575403.15,1059339106.825,861
0.1,0,DS Juv = 0.1,SNE,6156355.81861587,4265710.575,8427453.075,136
0.1,0,DS Juv = 0.2,MAT,64712317.1253049,47262508.225,82782136.325,553
0.1,0,DS Juv = 0.2,NNE,816829586.202738,583902261.975,1067412253.625,849
0.1,0,DS Juv = 0.2,SNE,6476382.40259009,4013717.3,8859469.15,156
0.1,0,DS Juv = 0.3,MAT,66511644.5255326,46207573.775,85600576.15,559
0.1,0,DS Juv = 0.3,NNE,798768775.652546,564719284.075,1051763549.475,841
0.1,0,DS Juv = 0.3,SNE,6736278.04156251,4529330.2,8576547.325,149
0.1,0,DS Juv = 0.4,MAT,66931957.8526874,47069777.125,86953409.475,540
0.1,0,DS Juv = 0.4,NNE,791694124.011665,582586441.675,1016584743.625,785
0.1,0,DS Juv = 0.4,SNE,6471039.87314352,4754506.85,8811408.15,122
0.1,0,DS Juv = 0.5,MAT,65817647.8701381,46856896.225,87572514.65,540
0.1,0,DS Juv = 0.5,NNE,810220695.698006,600268648.825,1041281891.525,851
0.1,0,DS Juv = 0.5,SNE,6468926.42137039,4912875.9,8192707.425,126
0.1,0,DS Juv = 0.6,MAT,67880542.2592102,48468493.95,89854536,488
0.1,0,DS Juv = 0.6,NNE,808575715.412858,549885874.2,1044886774.425,826
0.1,0,DS Juv = 0.6,SNE,6752576.77290774,4680649.6,8828365.75,139
0.1,0,DS Juv = 0.7,MAT,67861260.6180758,48690555.85,89797383.35,470
0.1,0,DS Juv = 0.7,NNE,817174699.8905,563797226.125,1047680869.175,811
0.1,0,DS Juv = 0.7,SNE,6668408.01285714,4239834.9,8618632.9,154
0.1,0,DS Juv = 0.8,MAT,67611667.5065744,48962111.35,87097993.45,530
0.1,0,DS Juv = 0.8,NNE,813204701.371856,561374624.3,1045328758.95,810
0.1,0,DS Juv = 0.8,SNE,6935635.77142857,5039833.975,8900576.625,111
0.1,0,DS Juv = 0.9,MAT,67065368.4413809,47243790.825,87014493.175,501
0.1,0,DS Juv = 0.9,NNE,816351881.423048,590146819.2,1070285715.75,851
0.1,0,DS Juv = 0.9,SNE,6763919.0452264,4859319.425,9249343.825,141
0.1,0,DS Juv = 1,MAT,67450779.6936769,48958957,88148655.025,519
0.1,0,DS Juv = 1,NNE,817431570.817684,569294883.975,1048900292.475,875
0.1,0,DS Juv = 1,SNE,6784241.76058019,4199251.575,9065912.2,130
0.1,0.1,DS Juv = 0,MAT,64320058.4266481,46855142.45,84508748.5,540
0.1,0.1,DS Juv = 0,NNE,815108201.563079,607839880.875,1068913362.65,820
0.1,0.1,DS Juv = 0,SNE,6660431.11111111,4772069.225,8775237.125,120
0.1,0.1,DS Juv = 0.1,MAT,64882763.3554759,44856504.675,86110105.7,557
0.1,0.1,DS Juv = 0.1,NNE,818266349.597197,609522164.925,1038071832.375,845
0.1,0.1,DS Juv = 0.1,SNE,6355301.06481481,4334755.95,8191123,131
0.1,0.1,DS Juv = 0.2,MAT,66066835.234928,43361811.7,87136655.15,525
0.1,0.1,DS Juv = 0.2,NNE,810831006.540025,580911486.925,1083425836.75,788
0.1,0.1,DS Juv = 0.2,SNE,6464489.91768563,4184973.125,8430778.425,124
0.1,0.1,DS Juv = 0.3,MAT,65742049.8737927,46895358.7,85059194.225,529
0.1,0.1,DS Juv = 0.3,NNE,810732793.175414,573887166.725,1018839894.375,818
0.1,0.1,DS Juv = 0.3,SNE,6279005.18579727,4551569.6,8553254.775,141
0.1,0.1,DS Juv = 0.4,MAT,66522358.7354552,47298412.025,86678816.025,550
0.1,0.1,DS Juv = 0.4,NNE,814891969.478665,578775167.95,1061099716.425,850
0.1,0.1,DS Juv = 0.4,SNE,6866651.73619053,5115092.4,8680460.025,144
0.1,0.1,DS Juv = 0.5,MAT,66979540.1694135,47712234.075,86048842.7,561
0.1,0.1,DS Juv = 0.5,NNE,818045615.694973,582573673.35,1055427675.975,814
0.1,0.1,DS Juv = 0.5,SNE,6759353.7095657,4528670.675,8651710.6,155
0.1,0.1,DS Juv = 0.6,MAT,66622331.730962,45984508.35,88019225.2,556
0.1,0.1,DS Juv = 0.6,NNE,815047597.102865,615375734.175,1035861472.275,777
0.1,0.1,DS Juv = 0.6,SNE,6943648.66491228,4855828.65,9225817.475,134
0.1,0.1,DS Juv = 0.7,MAT,66960093.2696263,48629310.25,86811933.15,533
0.1,0.1,DS Juv = 0.7,NNE,826040519.780237,608290975.825,1068565800.25,827
0.1,0.1,DS Juv = 0.7,SNE,6700772.91175614,4461467.675,8731008.85,126
0.1,0.1,DS Juv = 0.8,MAT,66829245.6851948,48720719.95,87464334.825,569
0.1,0.1,DS Juv = 0.8,NNE,822503612.495773,592072359.7,1068938787.25,877
0.1,0.1,DS Juv = 0.8,SNE,6848803.50143057,5125715.75,8717615.775,131
0.1,0.1,DS Juv = 0.9,MAT,67279036.2247331,47710255.8,85613442.725,526
0.1,0.1,DS Juv = 0.9,NNE,808810069.646538,566487798.275,1041473793.375,787
0.1,0.1,DS Juv = 0.9,SNE,6944354.87857893,4663119.95,8825711.05,126
0.1,0.1,DS Juv = 1,MAT,66920343.1860201,47651149.1,87322102.575,530
0.1,0.1,DS Juv = 1,NNE,795039781.34001,547181783.975,1062946181.375,809
0.1,0.1,DS Juv = 1,SNE,7201806.11816195,4944612.825,9389134.275,131
0.1,0.2,DS Juv = 0,MAT,65644909.1120477,47136164.225,84129789.525,524
0.1,0.2,DS Juv = 0,NNE,810735494.294492,601025366.1,1035774036.05,893
0.1,0.2,DS Juv = 0,SNE,6488648.35707031,4199814.875,9148404.7,154
0.1,0.2,DS Juv = 0.1,MAT,66554422.0808055,47597550.375,88046441.45,539
0.1,0.2,DS Juv = 0.1,NNE,807896941.289729,588254534.25,1071103188.125,897
0.1,0.2,DS Juv = 0.1,SNE,6621379.21256867,4549023.95,8643629.725,137
0.1,0.2,DS Juv = 0.2,MAT,64636020.1316452,47325753.175,84857311.975,543
0.1,0.2,DS Juv = 0.2,NNE,802677639.739382,591380179.25,1010786787.425,857
0.1,0.2,DS Juv = 0.2,SNE,6534512.59927948,4302508.2,8642802.775,152
0.1,0.2,DS Juv = 0.3,MAT,66695366.2366366,46934175.725,89175355.525,570
0.1,0.2,DS Juv = 0.3,NNE,811145717.943706,602151986.2,1029372772.15,877
0.1,0.2,DS Juv = 0.3,SNE,6513284.27336182,4513948,8671439.875,140
0.1,0.2,DS Juv = 0.4,MAT,66740662.2366459,47963519.125,87295425.975,482
0.1,0.2,DS Juv = 0.4,NNE,809123677.070987,569612934.3,1046976013.8,851
0.1,0.2,DS Juv = 0.4,SNE,6529904.14444444,4211203.375,8531196.225,145
0.1,0.2,DS Juv = 0.5,MAT,66479773.178602,47297714.075,86409336.375,516
0.1,0.2,DS Juv = 0.5,NNE,821568716.964231,596250408.15,1074508373.45,826
0.1,0.2,DS Juv = 0.5,SNE,6706954.13703704,5021125.575,8939492.4,115
0.1,0.2,DS Juv = 0.6,MAT,66851570.7181584,47514587.575,86021950.075,548
0.1,0.2,DS Juv = 0.6,NNE,823669186.50936,626124928.45,1042171223.15,865
0.1,0.2,DS Juv = 0.6,SNE,6681996.97574166,4522363.275,8874018.675,133
0.1,0.2,DS Juv = 0.7,MAT,67431298.4987895,49451367.825,89261934.55,534
0.1,0.2,DS Juv = 0.7,NNE,827499475.513402,573219398.4,1056057009.35,821
0.1,0.2,DS Juv = 0.7,SNE,6849170.76400464,4642890.275,8928652.475,134
0.1,0.2,DS Juv = 0.8,MAT,67545207.2702577,49796171.9,87148163.85,537
0.1,0.2,DS Juv = 0.8,NNE,814243385.802932,568129166.45,1091895548.8,812
0.1,0.2,DS Juv = 0.8,SNE,7059053.68062964,4908650.025,9059654.85,135
0.1,0.2,DS Juv = 0.9,MAT,68124040.875946,48270464.2,90193297.4,526
0.1,0.2,DS Juv = 0.9,NNE,808724104.402284,596889612.475,1059583612.525,791
0.1,0.2,DS Juv = 0.9,SNE,6765471.3026428,4892140.1,9110403.2,125
0.1,0.2,DS Juv = 1,MAT,67858959.6001941,47474663.525,86145192,554
0.1,0.2,DS Juv = 1,NNE,824561660.481788,599977233.475,1050408502.7,848
0.1,0.2,DS Juv = 1,SNE,7019075.14395757,4863307.675,9508412.775,154
0.1,0.3,DS Juv = 0,MAT,65228308.077789,47322658.75,84741254.775,513
0.1,0.3,DS Juv = 0,NNE,816271260.563759,550970151.35,1037678916.05,827
0.1,0.3,DS Juv = 0,SNE,6312077.92855682,4436853.125,8346913.625,140
0.1,0.3,DS Juv = 0.1,MAT,65394373.5529693,46973323.575,84914646.3,582
0.1,0.3,DS Juv = 0.1,NNE,796490456.607123,563911676.725,1052611335.2,848
0.1,0.3,DS Juv = 0.1,SNE,6473438.03113027,4613833.6,8199206.375,120
0.1,0.3,DS Juv = 0.2,MAT,66334116.9968146,46720248.325,87801034.35,565
0.1,0.3,DS Juv = 0.2,NNE,800514240.876764,591115244.775,1042029026.1,829
0.1,0.3,DS Juv = 0.2,SNE,6385964.42945373,4558253.975,8722265.625,130
0.1,0.3,DS Juv = 0.3,MAT,67096175.3945667,47025769.5,89957868.675,556
0.1,0.3,DS Juv = 0.3,NNE,816252523.929834,617541416.55,1031352198.625,834
0.1,0.3,DS Juv = 0.3,SNE,6400546.1752753,4897717.575,8347395.625,147
0.1,0.3,DS Juv = 0.4,MAT,66975355.2968622,48062151.775,86876881.225,478
0.1,0.3,DS Juv = 0.4,NNE,805505303.297562,602080593.6,1011011483.5,784
0.1,0.3,DS Juv = 0.4,SNE,6676421.86282935,4408092.875,8875351.65,153
0.1,0.3,DS Juv = 0.5,MAT,67273775.5222465,48955432.7,87345059.75,506
0.1,0.3,DS Juv = 0.5,NNE,800327062.625033,566696237.925,1052509573.9,842
0.1,0.3,DS Juv = 0.5,SNE,6744935.18232069,4328204.65,8851002.75,150
0.1,0.3,DS Juv = 0.6,MAT,67777214.6534968,48755247.625,88034507.6,525
0.1,0.3,DS Juv = 0.6,NNE,796171809.465405,553583778.975,1050871292.075,828
0.1,0.3,DS Juv = 0.6,SNE,6882300.77624831,4856996.975,9435494.575,115
0.1,0.3,DS Juv = 0.7,MAT,67653827.7978669,48161087.575,87511220.325,541
0.1,0.3,DS Juv = 0.7,NNE,808883516.832079,553369336.2,1094560286.675,823
0.1,0.3,DS Juv = 0.7,SNE,6949702.1756801,4475924.625,8809234.525,114
0.1,0.3,DS Juv = 0.8,MAT,67402235.7662253,47172394.6,87959055,506
0.1,0.3,DS Juv = 0.8,NNE,826589906.590739,578761562.775,1049513127.025,795
0.1,0.3,DS Juv = 0.8,SNE,6793804.88339993,4661334.325,9099656.85,120
0.1,0.3,DS Juv = 0.9,MAT,68934013.4361651,48664717.575,90640853.375,521
0.1,0.3,DS Juv = 0.9,NNE,824856071.232804,625639693.35,1044666698.25,817
0.1,0.3,DS Juv = 0.9,SNE,6884115.90369441,4876169.65,9091762.425,126
0.1,0.3,DS Juv = 1,MAT,69403716.9601722,49661894.8,92131421.225,542
0.1,0.3,DS Juv = 1,NNE,817688870.872203,594755899.05,1070422795.975,826
0.1,0.3,DS Juv = 1,SNE,6727510.00011905,4977288.825,8802397.875,119
0.1,0.4,DS Juv = 0,MAT,65534221.2216062,46161486.475,87286978.8,580
0.1,0.4,DS Juv = 0,NNE,810503942.468684,558474805.075,1053992885.525,877
0.1,0.4,DS Juv = 0,SNE,6526700.00570981,4297477.425,8661791.8,140
0.1,0.4,DS Juv = 0.1,MAT,67146984.0266733,50723601.8,87365613.775,531
0.1,0.4,DS Juv = 0.1,NNE,833482324.175061,574765205.225,1080174416.825,863
0.1,0.4,DS Juv = 0.1,SNE,6453674.92734754,4793850.125,8296719.375,131
0.1,0.4,DS Juv = 0.2,MAT,66435890.3549048,46839068.825,86238792.25,539
0.1,0.4,DS Juv = 0.2,NNE,807069185.25596,575761059.425,1035560115.875,875
0.1,0.4,DS Juv = 0.2,SNE,6412587.21927498,4228414.3,8561591.325,127
0.1,0.4,DS Juv = 0.3,MAT,67546810.9043071,47067386.575,87616618.55,536
0.1,0.4,DS Juv = 0.3,NNE,805567285.929176,586088077.05,1019707779.5,857
0.1,0.4,DS Juv = 0.3,SNE,6550416.05173378,4088649.1,9185888.85,132
0.1,0.4,DS Juv = 0.4,MAT,67865050.6053007,46948108.475,90504024.1,558
0.1,0.4,DS Juv = 0.4,NNE,829458501.333329,603482848.8,1055374378.625,820
0.1,0.4,DS Juv = 0.4,SNE,6652778.71442577,4456355.625,9034096.7,116
0.1,0.4,DS Juv = 0.5,MAT,66840275.5311448,45697066.65,88756187.1,547
0.1,0.4,DS Juv = 0.5,NNE,825980431.649255,604822838.075,1040961258.2,791
0.1,0.4,DS Juv = 0.5,SNE,6713287.72694962,5031857.85,8838911.375,140
0.1,0.4,DS Juv = 0.6,MAT,66127063.0437697,46415847.55,85465718.55,553
0.1,0.4,DS Juv = 0.6,NNE,815170718.593854,559144239.475,1075613742.05,859
0.1,0.4,DS Juv = 0.6,SNE,7005997.62274544,4863946.05,9469959.9,137
0.1,0.4,DS Juv = 0.7,MAT,68019588.0898491,48843836.45,87920120.225,573
0.1,0.4,DS Juv = 0.7,NNE,843011947.111071,603958582.95,1095052052.875,817
0.1,0.4,DS Juv = 0.7,SNE,6924631.13831029,5040534.7,9228110.025,149
0.1,0.4,DS Juv = 0.8,MAT,67136651.4947144,47122215.95,86836570.7,512
0.1,0.4,DS Juv = 0.8,NNE,836486107.712461,601207559.15,1084899856.875,831
0.1,0.4,DS Juv = 0.8,SNE,7116208.70220588,4963431.25,9517291.75,127
0.1,0.4,DS Juv = 0.9,MAT,67920978.1615076,49420233.15,86603423.2,510
0.1,0.4,DS Juv = 0.9,NNE,801925897.644741,547402237.325,1041411411.2,814
0.1,0.4,DS Juv = 0.9,SNE,6837847.39248665,4586918.1,9056552.925,128
0.1,0.4,DS Juv = 1,MAT,70146314.0590405,51022876.825,90143637.175,501
0.1,0.4,DS Juv = 1,NNE,804583810.650049,575069564.1,1066052980.9,825
0.1,0.4,DS Juv = 1,SNE,6929532.224755,5100426.025,9154056.9,140
0.1,0.5,DS Juv = 0,MAT,65773887.6069059,46685902.925,87607706.85,514
0.1,0.5,DS Juv = 0,NNE,812473268.024597,564086856.825,1049822398.225,812
0.1,0.5,DS Juv = 0,SNE,6941107.86288967,5175751.35,8834189.35,123
0.1,0.5,DS Juv = 0.1,MAT,67311954.3899444,45244191.8,87858429.85,552
0.1,0.5,DS Juv = 0.1,NNE,790062442.342681,563564764.35,1023857475.625,813
0.1,0.5,DS Juv = 0.1,SNE,6695998.97997836,4812794.3,8895060.05,133
0.1,0.5,DS Juv = 0.2,MAT,67862741.6482655,49121059.35,85391321.375,504
0.1,0.5,DS Juv = 0.2,NNE,822777810.091474,595691519.65,1068966878.775,863
0.1,0.5,DS Juv = 0.2,SNE,6618870.516706,4651309.6,8733034.1,136
0.1,0.5,DS Juv = 0.3,MAT,66576667.7281188,46738237.725,86910750.75,571
0.1,0.5,DS Juv = 0.3,NNE,811823702.14245,561764087.15,1035549929.8,808
0.1,0.5,DS Juv = 0.3,SNE,6740475.15938946,4615119.225,9316940.825,128
0.1,0.5,DS Juv = 0.4,MAT,67421292.7241391,48854022.725,86376427.225,540
0.1,0.5,DS Juv = 0.4,NNE,830700125.339323,592973240.35,1067808613.2,836
0.1,0.5,DS Juv = 0.4,SNE,6760397.58338907,4786924.75,8734285.175,142
0.1,0.5,DS Juv = 0.5,MAT,68100155.4913458,49493703.125,87665241.95,554
0.1,0.5,DS Juv = 0.5,NNE,805044163.794394,561941799.7,1035719266.175,877
0.1,0.5,DS Juv = 0.5,SNE,6896321.82259828,4766763.625,9421160.525,147
0.1,0.5,DS Juv = 0.6,MAT,68960602.6132009,48198674.925,90966596.075,555
0.1,0.5,DS Juv = 0.6,NNE,814169555.786964,606009703.35,1034989102.8,753
0.1,0.5,DS Juv = 0.6,SNE,6763210.69893105,4755007.325,8806191.4,138
0.1,0.5,DS Juv = 0.7,MAT,67853666.5093629,48844362.175,86919414.3,528
0.1,0.5,DS Juv = 0.7,NNE,824478504.375846,598199716.55,1048126123.625,886
0.1,0.5,DS Juv = 0.7,SNE,6873348.32447046,4673836.125,8854377.2,148
0.1,0.5,DS Juv = 0.8,MAT,68916372.719887,50418944.4,89467350.8,541
0.1,0.5,DS Juv = 0.8,NNE,840610255.072827,633689100.55,1089189074.65,835
0.1,0.5,DS Juv = 0.8,SNE,7134118.19468865,4812913.55,9459603.625,149
0.1,0.5,DS Juv = 0.9,MAT,68746955.6749026,50556781.325,87603062.65,536
0.1,0.5,DS Juv = 0.9,NNE,830262082.768372,568615789.5,1055802310.575,820
0.1,0.5,DS Juv = 0.9,SNE,6832661.87032266,5100037.325,8831246.7,143
0.1,0.5,DS Juv = 1,MAT,69039943.769167,47418226.3,90259875.75,533
0.1,0.5,DS Juv = 1,NNE,819253653.130651,559971242.325,1066029211.575,782
0.1,0.5,DS Juv = 1,SNE,7376084.27795977,5461537.75,9664440.3,140
0.1,0.6,DS Juv = 0,MAT,66672356.3908453,44862139.475,89374929.225,542
0.1,0.6,DS Juv = 0,NNE,827759500.522649,639868092.625,1061718946.075,788
0.1,0.6,DS Juv = 0,SNE,6707286.07121212,4622082.2,8922075.425,122
0.1,0.6,DS Juv = 0.1,MAT,66926718.4429288,48259509.075,86473048.075,562
0.1,0.6,DS Juv = 0.1,NNE,812005679.539743,559929437.125,1062200028.575,866
0.1,0.6,DS Juv = 0.1,SNE,6654303.09197239,4644944.85,8681945.225,129
0.1,0.6,DS Juv = 0.2,MAT,66006686.4360332,45500579.075,87214886.2,552
0.1,0.6,DS Juv = 0.2,NNE,825191116.588264,625548524.475,1042551126.1,812
0.1,0.6,DS Juv = 0.2,SNE,7029027.49066513,5037746.575,9132042.275,135
0.1,0.6,DS Juv = 0.3,MAT,68118262.8185722,48354729.575,89433775.6,577
0.1,0.6,DS Juv = 0.3,NNE,826602589.48968,595117661.175,1094461411.375,859
0.1,0.6,DS Juv = 0.3,SNE,6973046.680105,4600538.075,9439905.6,153
0.1,0.6,DS Juv = 0.4,MAT,67772664.3895745,48191013.625,86518525.4,536
0.1,0.6,DS Juv = 0.4,NNE,825712762.540573,609394117.25,1063840468.35,812
0.1,0.6,DS Juv = 0.4,SNE,6870360.97092482,4681978.05,9477694.775,154
0.1,0.6,DS Juv = 0.5,MAT,68249610.690826,47852807.025,89493714.925,549
0.1,0.6,DS Juv = 0.5,NNE,812054550.752832,605173411.8,1016238275.55,842
0.1,0.6,DS Juv = 0.5,SNE,6558045.73814815,4177278.825,8699260.375,136
0.1,0.6,DS Juv = 0.6,MAT,67563754.9756974,47797195.8,89972193.425,563
0.1,0.6,DS Juv = 0.6,NNE,806092955.952273,588242774.9,1047495901.025,833
0.1,0.6,DS Juv = 0.6,SNE,6943166.58152778,4370788.375,9553776.05,127
0.1,0.6,DS Juv = 0.7,MAT,69349171.3329985,49124677.25,91282119.825,508
0.1,0.6,DS Juv = 0.7,NNE,822965390.58194,593276768.75,1084246458.35,829
0.1,0.6,DS Juv = 0.7,SNE,6913866.73796835,4834790.4,9421490.775,142
0.1,0.6,DS Juv = 0.8,MAT,70107396.3583418,50890383.225,89555498.025,518
0.1,0.6,DS Juv = 0.8,NNE,829874947.738587,591859163.1,1083693502.475,805
0.1,0.6,DS Juv = 0.8,SNE,6768185.1044496,4704277.725,8914145.225,128
0.1,0.6,DS Juv = 0.9,MAT,69121807.9478251,50555025.75,94491389.5,501
0.1,0.6,DS Juv = 0.9,NNE,806692463.434554,584231557.375,1023304502.7,835
0.1,0.6,DS Juv = 0.9,SNE,7267150.92742518,5363258.25,9901475.75,127
0.1,0.6,DS Juv = 1,MAT,69603862.6994969,49990192.975,90856701.85,554
0.1,0.6,DS Juv = 1,NNE,817814030.738088,583264476.35,1062333235.25,845
0.1,0.6,DS Juv = 1,SNE,6805157.20822666,4982994.575,8719727.95,126
0.1,0.7,DS Juv = 0,MAT,67285487.3335517,43589439.375,89638614.5,518
0.1,0.7,DS Juv = 0,NNE,823400148.831588,608917932.975,1071655990.4,810
0.1,0.7,DS Juv = 0,SNE,6671629.16750516,4243129.1,8659215.4,141
0.1,0.7,DS Juv = 0.1,MAT,67969680.817204,49178386.55,84889557.725,529
0.1,0.7,DS Juv = 0.1,NNE,796857072.980787,525793346.825,1042265723.45,893
0.1,0.7,DS Juv = 0.1,SNE,6766310.46007409,4957031.975,8957148.1,116
0.1,0.7,DS Juv = 0.2,MAT,68401089.7100544,47876602.3,88993513.15,540
0.1,0.7,DS Juv = 0.2,NNE,801167676.434671,578032068.325,1030604809.875,841
0.1,0.7,DS Juv = 0.2,SNE,6897507.46689506,4980695.275,8801476.4,134
0.1,0.7,DS Juv = 0.3,MAT,67665307.9966619,46859364.775,87764087.7,514
0.1,0.7,DS Juv = 0.3,NNE,835364269.7738,620540628.7,1081801072.95,786
0.1,0.7,DS Juv = 0.3,SNE,6969481.68646978,4903571.05,9153553.775,152
0.1,0.7,DS Juv = 0.4,MAT,69124095.3018395,48103195.775,92302772.425,542
0.1,0.7,DS Juv = 0.4,NNE,819488576.555315,582323242.45,1010061184.95,822
0.1,0.7,DS Juv = 0.4,SNE,6854984.6569378,4645965.05,9223011.325,121
0.1,0.7,DS Juv = 0.5,MAT,68382512.7183595,49337870.025,87848155.875,543
0.1,0.7,DS Juv = 0.5,NNE,812674471.418576,607825328.95,1041606952.525,845
0.1,0.7,DS Juv = 0.5,SNE,6995715.84291581,4909098.5,9363145.825,137
0.1,0.7,DS Juv = 0.6,MAT,68093616.3859841,49632268.65,89600828.7,523
0.1,0.7,DS Juv = 0.6,NNE,830618055.227146,579473211.625,1084144965.475,826
0.1,0.7,DS Juv = 0.6,SNE,7169807.53304598,4926190.125,9140672,130
0.1,0.7,DS Juv = 0.7,MAT,70414995.0586377,49036911.625,91976699,523
0.1,0.7,DS Juv = 0.7,NNE,815014240.318808,566803246.55,1060738327.925,811
0.1,0.7,DS Juv = 0.7,SNE,7067234.49921458,4746837.125,9371584.625,152
0.1,0.7,DS Juv = 0.8,MAT,69099211.187214,48273620,91285735.1,524
0.1,0.7,DS Juv = 0.8,NNE,825418930.180041,587929525.8,1056339451.35,806
0.1,0.7,DS Juv = 0.8,SNE,7342239.7394456,5192841.65,9558843.15,123
0.1,0.7,DS Juv = 0.9,MAT,69329365.6443215,47309081.675,93756534.075,562
0.1,0.7,DS Juv = 0.9,NNE,827669588.937527,590658556.2,1048603296.35,831
0.1,0.7,DS Juv = 0.9,SNE,7198215.12406269,5352493.075,9496318.075,150
0.1,0.7,DS Juv = 1,MAT,71341502.9181406,52293684.425,91614146.575,553
0.1,0.7,DS Juv = 1,NNE,838534660.181929,616198663.7,1039091894.35,825
0.1,0.7,DS Juv = 1,SNE,6994607.6696904,4720894.875,9866254.7,111
0.1,0.8,DS Juv = 0,MAT,67039291.4464624,47294299.25,89268254.525,541
0.1,0.8,DS Juv = 0,NNE,812915469.209412,590996144.425,1044606722.775,843
0.1,0.8,DS Juv = 0,SNE,6705342.50545767,4624807.925,8814257.625,128
0.1,0.8,DS Juv = 0.1,MAT,67828786.9581284,49726042.8,86920280.15,537
0.1,0.8,DS Juv = 0.1,NNE,819284351.605929,607722289.35,1063293710.625,777
0.1,0.8,DS Juv = 0.1,SNE,6793393.7124791,4945521.3,9021315.35,136
0.1,0.8,DS Juv = 0.2,MAT,67481394.617816,49301248.625,86378368.75,496
0.1,0.8,DS Juv = 0.2,NNE,829254346.090415,603672222.925,1041756194.275,788
0.1,0.8,DS Juv = 0.2,SNE,6773573.58676058,5115618.45,9105176.8,119
0.1,0.8,DS Juv = 0.3,MAT,68624449.5405859,48576699.825,90886173.45,543
0.1,0.8,DS Juv = 0.3,NNE,831449003.42844,591358424.125,1087635610.975,799
0.1,0.8,DS Juv = 0.3,SNE,6694639.48817989,4582288.025,8934952.075,125
0.1,0.8,DS Juv = 0.4,MAT,67876505.1545525,49060939.025,87611861.425,549
0.1,0.8,DS Juv = 0.4,NNE,828864491.490843,605344710.475,1032327746.75,822
0.1,0.8,DS Juv = 0.4,SNE,6811552.31954215,4933892.2,9002991.2,118
0.1,0.8,DS Juv = 0.5,MAT,69227624.9834175,51581310.925,92073797.25,540
0.1,0.8,DS Juv = 0.5,NNE,815847931.759331,557228191.45,1091041874.525,852
0.1,0.8,DS Juv = 0.5,SNE,7147026.66107577,5411513.75,8709555.45,99
0.1,0.8,DS Juv = 0.6,MAT,70032300.8352666,49525155.3,90590488.175,533
0.1,0.8,DS Juv = 0.6,NNE,831073967.828261,598148524.325,1058322308.95,902
0.1,0.8,DS Juv = 0.6,SNE,7065494.69666667,4882165,9571381.55,128
0.1,0.8,DS Juv = 0.7,MAT,69669813.6951187,49838926.85,90696574.825,546
0.1,0.8,DS Juv = 0.7,NNE,826809912.60532,582527769.825,1055150134.175,831
0.1,0.8,DS Juv = 0.7,SNE,6965912.96242016,4491774.325,9165972.025,139
0.1,0.8,DS Juv = 0.8,MAT,71435463.2003078,51218918.875,92472868.35,538
0.1,0.8,DS Juv = 0.8,NNE,821937346.991252,598880523.475,1041471338.1,840
0.1,0.8,DS Juv = 0.8,SNE,6995016.97645066,5107009.8,9388507.95,124
0.1,0.8,DS Juv = 0.9,MAT,71373994.5768829,50198224.4,95129752,521
0.1,0.8,DS Juv = 0.9,NNE,800402138.191641,563532332.85,1005704515.525,824
0.1,0.8,DS Juv = 0.9,SNE,7349479.43545807,4880283.425,9705111.3,135
0.1,0.8,DS Juv = 1,MAT,70778790.5936038,48832535.775,95536270.6,539
0.1,0.8,DS Juv = 1,NNE,823569726.177285,586260455.575,1121141567.175,793
0.1,0.8,DS Juv = 1,SNE,7490573.74332506,5410000.55,9416243.45,132
0.1,0.9,DS Juv = 0,MAT,68141284.581916,49435459.725,89137467.725,537
0.1,0.9,DS Juv = 0,NNE,824203508.587336,580594382.35,1067014562.725,815
0.1,0.9,DS Juv = 0,SNE,6920188.76915584,4851410.525,8977941.925,128
0.1,0.9,DS Juv = 0.1,MAT,66562360.5814585,44870156.075,89432552.875,554
0.1,0.9,DS Juv = 0.1,NNE,818342611.278289,593338756.025,1049064723.15,833
0.1,0.9,DS Juv = 0.1,SNE,6764829.8613732,4519122.55,8939341.4,141
0.1,0.9,DS Juv = 0.2,MAT,67499305.4350507,47128048.1,88380946.8,518
0.1,0.9,DS Juv = 0.2,NNE,821388740.519325,593479355.05,1040028471.075,842
0.1,0.9,DS Juv = 0.2,SNE,6681164.80201149,4594597.95,9323417.125,132
0.1,0.9,DS Juv = 0.3,MAT,68300514.002598,48915753.925,92299257.15,504
0.1,0.9,DS Juv = 0.3,NNE,817247496.869117,602994312.575,1037420542.85,826
0.1,0.9,DS Juv = 0.3,SNE,7017920.7646337,4847965.3,9319451.875,138
0.1,0.9,DS Juv = 0.4,MAT,68815028.5991352,47831259.675,89393245.05,558
0.1,0.9,DS Juv = 0.4,NNE,837974556.352099,606779505.625,1079216897.05,867
0.1,0.9,DS Juv = 0.4,SNE,6984823.40512821,4607643.975,9428398.9,138
0.1,0.9,DS Juv = 0.5,MAT,68119565.7591437,47936060.6,87477504.625,493
0.1,0.9,DS Juv = 0.5,NNE,823087619.719443,603914878.075,1050428571.575,878
0.1,0.9,DS Juv = 0.5,SNE,6861770.32216489,4593452.425,9058217.4,142
0.1,0.9,DS Juv = 0.6,MAT,70835796.8790412,50629914.625,91902815.2,523
0.1,0.9,DS Juv = 0.6,NNE,812956549.311235,581448735.425,1079731168.625,781
0.1,0.9,DS Juv = 0.6,SNE,7285577.50011447,5020628.85,9058809.225,143
0.1,0.9,DS Juv = 0.7,MAT,69332667.4122899,48634845.425,89900182.15,564
0.1,0.9,DS Juv = 0.7,NNE,837524667.492634,611729605.9,1076067331.1,804
0.1,0.9,DS Juv = 0.7,SNE,7095190.57661836,4882770.75,8761657.7,121
0.1,0.9,DS Juv = 0.8,MAT,70402371.9626472,49275228.7,92415151.675,584
0.1,0.9,DS Juv = 0.8,NNE,816675516.712652,580198701.375,1054170111.55,852
0.1,0.9,DS Juv = 0.8,SNE,7176879.14031339,4574527.8,9720225.775,136
0.1,0.9,DS Juv = 0.9,MAT,69072940.7831152,49158534.15,91027586.75,555
0.1,0.9,DS Juv = 0.9,NNE,826336156.614458,549226399.025,1073832537.55,851
0.1,0.9,DS Juv = 0.9,SNE,7392376.60444029,5155642.2,9550768.125,118
0.1,0.9,DS Juv = 1,MAT,71123575.0743541,49732196.15,93195070.1,499
0.1,0.9,DS Juv = 1,NNE,830270424.856572,585054309.175,1083238021.625,850
0.1,0.9,DS Juv = 1,SNE,7383779.96953216,5348374.65,9782027.075,137
0.1,1,DS Juv = 0,MAT,68223521.4339333,47672142.85,87567901.45,516
0.1,1,DS Juv = 0,NNE,806602431.643144,572601601.7,1074488939.075,806
0.1,1,DS Juv = 0,SNE,6701447.62671419,4486531.95,9085345.15,137
0.1,1,DS Juv = 0.1,MAT,69095912.6887889,49286290.6,88285209.075,524
0.1,1,DS Juv = 0.1,NNE,811969989.587371,528303221.35,1040493890,853
0.1,1,DS Juv = 0.1,SNE,6875450.31732348,5189634.45,8847856.625,128
0.1,1,DS Juv = 0.2,MAT,68348134.2738845,50738860.15,87427158.575,543
0.1,1,DS Juv = 0.2,NNE,810693281.519394,578742507.975,1046201033.425,826
0.1,1,DS Juv = 0.2,SNE,7140549.00850344,4828973.4,9701325.175,135
0.1,1,DS Juv = 0.3,MAT,68909594.3131442,50105280.975,90668180.175,563
0.1,1,DS Juv = 0.3,NNE,829723721.898356,608157672,1066660254.4,805
0.1,1,DS Juv = 0.3,SNE,7088584.74762807,4877774.75,9499718.3,137
0.1,1,DS Juv = 0.4,MAT,69836264.9509673,48508475.4,90930272.325,495
0.1,1,DS Juv = 0.4,NNE,814621201.403367,571533500.55,1047722530.5,878
0.1,1,DS Juv = 0.4,SNE,7067805.69584439,5174828.875,9425446.35,140
0.1,1,DS Juv = 0.5,MAT,70256461.1563998,49805510.775,91554683.75,513
0.1,1,DS Juv = 0.5,NNE,806495848.112785,573660044.75,1039796460.3,818
0.1,1,DS Juv = 0.5,SNE,6937259.83396812,4900914.375,9284950.7,158
0.1,1,DS Juv = 0.6,MAT,70306453.9970916,50837194.7,94358100.875,492
0.1,1,DS Juv = 0.6,NNE,832831741.937288,566807984.775,1066952952.8,844
0.1,1,DS Juv = 0.6,SNE,7045161.29182255,5097405.625,9222768.5,124
0.1,1,DS Juv = 0.7,MAT,71979313.1056478,52001540.5,93400955.3,548
0.1,1,DS Juv = 0.7,NNE,844098200.57347,633690932.775,1057296914.75,862
0.1,1,DS Juv = 0.7,SNE,7137903.52248677,4435069.45,9454020.3,146
0.1,1,DS Juv = 0.8,MAT,70395737.5651421,49915386.5,95577954.15,600
0.1,1,DS Juv = 0.8,NNE,821844589.801741,601183416.75,1029932647.675,807
0.1,1,DS Juv = 0.8,SNE,7368580.61329234,4785043.275,9843596.675,119
0.1,1,DS Juv = 0.9,MAT,70220589.363732,50333331.775,91690323.5,507
0.1,1,DS Juv = 0.9,NNE,824697034.534886,592052457.275,1052610277.175,855
0.1,1,DS Juv = 0.9,SNE,7059760.05679487,4814522.025,9388325.625,117
0.1,1,DS Juv = 1,MAT,71537428.6276,51601599.425,94442571.75,504
0.1,1,DS Juv = 1,NNE,845502085.425416,601283724.4,1103582659.175,859
0.1,1,DS Juv = 1,SNE,7480956.85704713,5066508.15,9723431.4,149
0.2,0,DS Juv = 0,MAT,60964204.4193958,41528819.125,80975159.4,543
0.2,0,DS Juv = 0,NNE,772620232.28099,554305817.25,976399814.85,801
0.2,0,DS Juv = 0,SNE,5827327.13701214,3698530.875,7964529.125,172
0.2,0,DS Juv = 0.1,MAT,62607401.6159901,45045945.75,81900804.225,547
0.2,0,DS Juv = 0.1,NNE,813329596.314294,591521612.275,1034185128.45,843
0.2,0,DS Juv = 0.1,SNE,5885296.14689778,3907954.325,8244022.675,148
0.2,0,DS Juv = 0.2,MAT,62015714.7192565,44346748.275,81403353.15,518
0.2,0,DS Juv = 0.2,NNE,803870720.933278,580771881.425,1034012310.775,810
0.2,0,DS Juv = 0.2,SNE,6174879.65423824,4390630.7,8380176.775,149
0.2,0,DS Juv = 0.3,MAT,63173395.7821493,46100261.475,83443155.3,531
0.2,0,DS Juv = 0.3,NNE,793067771.04028,580597917.85,992125003.55,832
0.2,0,DS Juv = 0.3,SNE,6220127.88740833,4005378.625,8489533.775,153
0.2,0,DS Juv = 0.4,MAT,63201458.7813883,46771798.325,81619185.7,523
0.2,0,DS Juv = 0.4,NNE,800714010.431404,598165491.85,1021562935.875,817
0.2,0,DS Juv = 0.4,SNE,6212340.99043478,3652913.5,8885689.225,126
0.2,0,DS Juv = 0.5,MAT,62703935.8733426,43824054.85,80555879.9,545
0.2,0,DS Juv = 0.5,NNE,791890761.520978,560779736.25,1015089605.275,828
0.2,0,DS Juv = 0.5,SNE,6476166.58803266,3917951.925,8696913.75,130
0.2,0,DS Juv = 0.6,MAT,64751174.807984,46026183.675,84347970.975,526
0.2,0,DS Juv = 0.6,NNE,820462133.513062,577617634.175,1045902233.975,775
0.2,0,DS Juv = 0.6,SNE,6541553.53059776,4741544,8452557,140
0.2,0,DS Juv = 0.7,MAT,64684377.0959371,46785578.225,85250390.025,559
0.2,0,DS Juv = 0.7,NNE,816751157.61272,580450297.35,1053254425.7,880
0.2,0,DS Juv = 0.7,SNE,6373867.40997239,4776389.65,8564347.275,122
0.2,0,DS Juv = 0.8,MAT,65568278.0083732,47499479.825,84085876,557
0.2,0,DS Juv = 0.8,NNE,797863886.759228,579426481.95,1044737747.675,853
0.2,0,DS Juv = 0.8,SNE,6645453.83524319,4265951.275,8654197.925,116
0.2,0,DS Juv = 0.9,MAT,66079987.2443083,47799979.475,87031732.475,557
0.2,0,DS Juv = 0.9,NNE,809299932.496766,589833914.975,1030886042.225,795
0.2,0,DS Juv = 0.9,SNE,6700373.01565657,4229221.425,9253147.375,144
0.2,0,DS Juv = 1,MAT,65657010.9713604,47937263.575,84167375.35,527
0.2,0,DS Juv = 1,NNE,837761702.989457,586826817.125,1096769166.475,833
0.2,0,DS Juv = 1,SNE,6864237.69946276,4698279,9160154.15,123
0.2,0.1,DS Juv = 0,MAT,61755000.459129,43832598.625,80646640.825,556
0.2,0.1,DS Juv = 0,NNE,791556463.936995,579310358.075,1018112078.625,891
0.2,0.1,DS Juv = 0,SNE,5936367.02564103,4347731.525,7822799.875,135
0.2,0.1,DS Juv = 0.1,MAT,62130329.1424671,43238889.725,81418673.65,518
0.2,0.1,DS Juv = 0.1,NNE,802918986.727349,595829956.175,1013955560.975,800
0.2,0.1,DS Juv = 0.1,SNE,6211626.51238095,4377300.225,8335711.575,126
0.2,0.1,DS Juv = 0.2,MAT,62533732.9318964,44907082.325,81814207.2,542
0.2,0.1,DS Juv = 0.2,NNE,795218369.40016,564242638.175,967287408.3,819
0.2,0.1,DS Juv = 0.2,SNE,6136185.20162037,4311532.9,7889591.85,134
0.2,0.1,DS Juv = 0.3,MAT,63665587.516307,44412800.375,81683635.5,536
0.2,0.1,DS Juv = 0.3,NNE,802827769.857481,560956449.65,1007559914.6,842
0.2,0.1,DS Juv = 0.3,SNE,6010024.76647465,4386860.325,7895360.2,148
0.2,0.1,DS Juv = 0.4,MAT,65286226.7300805,48474309.55,86000716.35,521
0.2,0.1,DS Juv = 0.4,NNE,803053414.142525,572272486.125,1022782374.675,813
0.2,0.1,DS Juv = 0.4,SNE,6309349.26850902,4764132.725,8340974.975,154
0.2,0.1,DS Juv = 0.5,MAT,64724778.2996967,45979830.425,83552723.725,538
0.2,0.1,DS Juv = 0.5,NNE,799681716.377145,561916458.275,990110876.55,796
0.2,0.1,DS Juv = 0.5,SNE,6311512.3398852,4434596.275,8729530.525,136
0.2,0.1,DS Juv = 0.6,MAT,66020407.4595046,46283677.825,86838751.275,526
0.2,0.1,DS Juv = 0.6,NNE,804680772.699265,549744354.475,1029669648.25,818
0.2,0.1,DS Juv = 0.6,SNE,6494898.67542088,4464311.225,8887803.525,141
0.2,0.1,DS Juv = 0.7,MAT,66322457.1822441,46886233.25,87408197.075,530
0.2,0.1,DS Juv = 0.7,NNE,806340838.738135,580863604.1,1036871792.225,878
0.2,0.1,DS Juv = 0.7,SNE,6442250.55457892,4292383.35,8641006.5,129
0.2,0.1,DS Juv = 0.8,MAT,65747308.3927623,47612503.3,85172874.95,545
0.2,0.1,DS Juv = 0.8,NNE,805759933.477783,594761842.375,1035039464.475,842
0.2,0.1,DS Juv = 0.8,SNE,6656526.34636364,4503960.225,9123511.8,148
0.2,0.1,DS Juv = 0.9,MAT,68534088.6909959,46886857.075,89520670.05,508
0.2,0.1,DS Juv = 0.9,NNE,815776278.045238,570573440.975,1067813039.3,837
0.2,0.1,DS Juv = 0.9,SNE,6823043.40337407,4616534.85,9552237.65,135
0.2,0.1,DS Juv = 1,MAT,67867477.260555,48486069.975,87336511.475,545
0.2,0.1,DS Juv = 1,NNE,814787875.663529,595757796.425,1030910927.65,831
0.2,0.1,DS Juv = 1,SNE,7042049.97060606,4857612.025,9168047.675,129
0.2,0.2,DS Juv = 0,MAT,63420077.5293267,44118762.125,83171865.75,551
0.2,0.2,DS Juv = 0,NNE,813855870.427887,600617321.025,1033150839.475,802
0.2,0.2,DS Juv = 0,SNE,6042932.99980384,4028951.2,8378164.1,137
0.2,0.2,DS Juv = 0.1,MAT,63456313.9740353,44146261.875,83029232.075,553
0.2,0.2,DS Juv = 0.1,NNE,802285670.096115,580687524.675,1040937722.6,773
0.2,0.2,DS Juv = 0.1,SNE,6117275.27155736,4580796.45,8474750.775,140
0.2,0.2,DS Juv = 0.2,MAT,65057195.8404579,47897853.225,85088775.3,533
0.2,0.2,DS Juv = 0.2,NNE,800449725.106038,593233203.325,1044048756.2,832
0.2,0.2,DS Juv = 0.2,SNE,6074980.03858422,4133538.1,8303465.375,136
0.2,0.2,DS Juv = 0.3,MAT,63959527.8734876,46520613.225,83500393.175,572
0.2,0.2,DS Juv = 0.3,NNE,812860618.39069,592040496.2,1059211233.75,801
0.2,0.2,DS Juv = 0.3,SNE,6074699.31647954,4501987.35,8134202.075,136
0.2,0.2,DS Juv = 0.4,MAT,64563940.1597789,45439264.625,83616407.25,591
0.2,0.2,DS Juv = 0.4,NNE,806165445.797938,563608709.5,1055303620.925,846
0.2,0.2,DS Juv = 0.4,SNE,6288772.47529534,4659312.375,8230962.725,141
0.2,0.2,DS Juv = 0.5,MAT,63994453.5355273,45470476.75,84809636,538
0.2,0.2,DS Juv = 0.5,NNE,809939382.480669,602142265.9,1012666771.8,819
0.2,0.2,DS Juv = 0.5,SNE,6608344.57230219,4688445.525,8758688.5,134
0.2,0.2,DS Juv = 0.6,MAT,65774009.1824353,47298664.7,86476306.95,531
0.2,0.2,DS Juv = 0.6,NNE,817200681.971476,588656335.125,1059624581.15,828
0.2,0.2,DS Juv = 0.6,SNE,6687610.21364469,4808947.5,8980840,134
0.2,0.2,DS Juv = 0.7,MAT,65795938.0510099,45216365.6,86891029.3,538
0.2,0.2,DS Juv = 0.7,NNE,797557035.109744,554519876.175,1021555330.7,880
0.2,0.2,DS Juv = 0.7,SNE,6715726.1929582,4927381.15,8686119.575,133
0.2,0.2,DS Juv = 0.8,MAT,67704049.862421,47560668.975,88113914.5,551
0.2,0.2,DS Juv = 0.8,NNE,842746629.172881,618373961.025,1064865622,838
0.2,0.2,DS Juv = 0.8,SNE,6633213.5055393,4327225.3,8376764.15,144
0.2,0.2,DS Juv = 0.9,MAT,68648787.7265505,46246096.025,91487797.9,546
0.2,0.2,DS Juv = 0.9,NNE,834584209.321601,619894932.95,1063414193.8,809
0.2,0.2,DS Juv = 0.9,SNE,7179942.92217042,5267934.25,9493069.225,141
0.2,0.2,DS Juv = 1,MAT,69708185.1913552,47973430.55,90236497.55,569
0.2,0.2,DS Juv = 1,NNE,829804246.698251,616778838.8,1073924812.9,831
0.2,0.2,DS Juv = 1,SNE,7088195.42039337,5066945.2,9021847.575,128
0.2,0.3,DS Juv = 0,MAT,62863088.2991314,44502046.6,81664687.325,596
0.2,0.3,DS Juv = 0,NNE,793767782.447214,554054578.25,1028179609.25,833
0.2,0.3,DS Juv = 0,SNE,5773746.76172538,3928336.625,7894142.625,144
0.2,0.3,DS Juv = 0.1,MAT,63358139.4374347,45384357.45,82256047.875,498
0.2,0.3,DS Juv = 0.1,NNE,816897939.480769,620640475.925,1074607576.95,860
0.2,0.3,DS Juv = 0.1,SNE,6059464.4177116,4344416.025,7900765.625,137
0.2,0.3,DS Juv = 0.2,MAT,63343677.127492,45633964.05,83053735.95,552
0.2,0.3,DS Juv = 0.2,NNE,793834815.795531,553489417.425,1043423670.825,844
0.2,0.3,DS Juv = 0.2,SNE,6309779.22468333,4384710.45,8279897.4,138
0.2,0.3,DS Juv = 0.3,MAT,64640051.2583868,44830480.625,83872384.075,571
0.2,0.3,DS Juv = 0.3,NNE,800418507.010423,563412328.6,1048183628.725,795
0.2,0.3,DS Juv = 0.3,SNE,6501222.0479222,4826404.975,8173064.575,153
0.2,0.3,DS Juv = 0.4,MAT,63681607.9992431,44755193.175,83769194.2,544
0.2,0.3,DS Juv = 0.4,NNE,827165329.522166,606089323.1,1066695608.9,832
0.2,0.3,DS Juv = 0.4,SNE,6324361.25091288,4323024.25,8511283.15,131
0.2,0.3,DS Juv = 0.5,MAT,64838170.3998568,45249798.9,84613454.5,537
0.2,0.3,DS Juv = 0.5,NNE,820626566.141179,592339918.425,1054738464.05,794
0.2,0.3,DS Juv = 0.5,SNE,6628362.22346547,4625457.175,9198424.825,111
0.2,0.3,DS Juv = 0.6,MAT,65623518.6788644,46946101.975,85651752.95,524
0.2,0.3,DS Juv = 0.6,NNE,800127888.223678,567327737.05,1030412463.475,885
0.2,0.3,DS Juv = 0.6,SNE,6601084.11845798,4726019.725,8589463.2,139
0.2,0.3,DS Juv = 0.7,MAT,66671027.1398245,48334096.4,85713840.825,489
0.2,0.3,DS Juv = 0.7,NNE,806601214.514135,587737652.75,1040198816.775,773
0.2,0.3,DS Juv = 0.7,SNE,6957937.10412886,5006411.375,9449238.6,126
0.2,0.3,DS Juv = 0.8,MAT,67990460.6612957,49104832.025,88730965.1,547
0.2,0.3,DS Juv = 0.8,NNE,809091065.333241,602004204.825,1041306138.325,814
0.2,0.3,DS Juv = 0.8,SNE,6878956.36545792,4859595.175,8933278.35,162
0.2,0.3,DS Juv = 0.9,MAT,68622811.792087,47930350.625,88997722.7,540
0.2,0.3,DS Juv = 0.9,NNE,832495957.391244,596579244.85,1071105646.65,837
0.2,0.3,DS Juv = 0.9,SNE,6943062.99202509,4779753.175,9045397.05,171
0.2,0.3,DS Juv = 1,MAT,69881396.1891733,49451772.65,91893555.875,537
0.2,0.3,DS Juv = 1,NNE,834676973.461252,591966706.675,1074412109.775,855
0.2,0.3,DS Juv = 1,SNE,6725037.09297297,4030629.7,8805281.9,137
0.2,0.4,DS Juv = 0,MAT,62539464.5637203,43867583.5,79777826.075,532
0.2,0.4,DS Juv = 0,NNE,807563059.962107,595332068.4,1011674791.425,886
0.2,0.4,DS Juv = 0,SNE,5941402.82712067,3968476,7869973.125,143
0.2,0.4,DS Juv = 0.1,MAT,62989729.170437,46801097.7,82307550.9,516
0.2,0.4,DS Juv = 0.1,NNE,786697351.75232,553719938.075,1017358377.1,817
0.2,0.4,DS Juv = 0.1,SNE,6139923.63726637,4206416.15,8137386.625,141
0.2,0.4,DS Juv = 0.2,MAT,65276154.0939064,45783304.75,87693446.9,590
0.2,0.4,DS Juv = 0.2,NNE,795643260.932711,540721069.625,1035069385.675,854
0.2,0.4,DS Juv = 0.2,SNE,6412310.13488017,4441185.6,8436441.625,134
0.2,0.4,DS Juv = 0.3,MAT,66456454.8933712,47768503.5,86003064.25,542
0.2,0.4,DS Juv = 0.3,NNE,800035238.105561,590154652.35,1051618634.9,822
0.2,0.4,DS Juv = 0.3,SNE,6314268.27463656,4140569.875,9088210.4,132
0.2,0.4,DS Juv = 0.4,MAT,65314029.1047737,43998793.175,87259346.5,545
0.2,0.4,DS Juv = 0.4,NNE,810747573.375094,550898688.7,1046660971.325,837
0.2,0.4,DS Juv = 0.4,SNE,6669418.36304903,4612355.975,8496631.25,135
0.2,0.4,DS Juv = 0.5,MAT,67125511.2691185,46479342.5,85892039.825,540
0.2,0.4,DS Juv = 0.5,NNE,824702359.178952,584258921.275,1080414091.6,825
0.2,0.4,DS Juv = 0.5,SNE,6474647.5365353,4220396.45,8854818.4,147
0.2,0.4,DS Juv = 0.6,MAT,67309943.8110968,46198597.225,89307339.475,508
0.2,0.4,DS Juv = 0.6,NNE,800298509.667414,586995767.775,1030295770.825,858
0.2,0.4,DS Juv = 0.6,SNE,6790598.58531746,4620939.225,8935884.05,152
0.2,0.4,DS Juv = 0.7,MAT,68723724.6785475,48779907.75,89986134.7,524
0.2,0.4,DS Juv = 0.7,NNE,826300698.09892,583547202.975,1036560600.3,837
0.2,0.4,DS Juv = 0.7,SNE,6805155.6459695,4498947.7,9140903.05,141
0.2,0.4,DS Juv = 0.8,MAT,68866153.1606793,48624439.8,90737069.45,566
0.2,0.4,DS Juv = 0.8,NNE,829188520.738245,592639300.7,1050844846.375,887
0.2,0.4,DS Juv = 0.8,SNE,6967912.29758995,4527956.175,9698445.425,133
0.2,0.4,DS Juv = 0.9,MAT,68733435.4426854,48105306.025,90646074.675,520
0.2,0.4,DS Juv = 0.9,NNE,810263970.446658,568543779.5,1097432526.7,845
0.2,0.4,DS Juv = 0.9,SNE,7242650.60843838,4568305.2,10101736.75,160
0.2,0.4,DS Juv = 1,MAT,70454467.1287795,51992265.925,90474660.125,534
0.2,0.4,DS Juv = 1,NNE,824403520.251514,564991384.95,1070567820.725,800
0.2,0.4,DS Juv = 1,SNE,7151546.81902156,5369855.55,9360768.475,119
0.2,0.5,DS Juv = 0,MAT,64473182.9067361,46372708.8,85051851.4,519
0.2,0.5,DS Juv = 0,NNE,809645248.872229,581183381.6,1055730137.975,853
0.2,0.5,DS Juv = 0,SNE,6269479.77126316,4292466.525,7852707.675,123
0.2,0.5,DS Juv = 0.1,MAT,64911301.3286063,42640606.6,84774088.9,560
0.2,0.5,DS Juv = 0.1,NNE,793722537.567986,575978521.525,1041072645.575,856
0.2,0.5,DS Juv = 0.1,SNE,6257509.29865419,4345871.325,8277244.975,125
0.2,0.5,DS Juv = 0.2,MAT,63229372.9372678,45088147.475,84853903.25,525
0.2,0.5,DS Juv = 0.2,NNE,809690473.357033,544963370.625,1034782593.475,832
0.2,0.5,DS Juv = 0.2,SNE,6361098.58620009,4210492.3,8811934.65,135
0.2,0.5,DS Juv = 0.3,MAT,67430289.5532108,48430536.6,86938711.075,478
0.2,0.5,DS Juv = 0.3,NNE,809152341.437706,560531564.85,1059912816.15,790
0.2,0.5,DS Juv = 0.3,SNE,6401467.99708995,3704188.575,8585709.675,127
0.2,0.5,DS Juv = 0.4,MAT,65707396.7810261,47514872.85,85679268.725,535
0.2,0.5,DS Juv = 0.4,NNE,804923705.347955,585210164.975,1031929387.675,871
0.2,0.5,DS Juv = 0.4,SNE,6461178.46834707,4765676.725,8406844.925,141
0.2,0.5,DS Juv = 0.5,MAT,67919060.2584836,49923801.625,87208594.35,517
0.2,0.5,DS Juv = 0.5,NNE,806420503.288072,549158622.55,1053356794.95,869
0.2,0.5,DS Juv = 0.5,SNE,6963558.59651857,5244540.625,8801587.975,131
0.2,0.5,DS Juv = 0.6,MAT,67836439.0313456,46478357.075,88128117.525,532
0.2,0.5,DS Juv = 0.6,NNE,818889860.847958,624596029.625,1039732527.175,819
0.2,0.5,DS Juv = 0.6,SNE,6628614.84903567,4894453.3,8996909.025,133
0.2,0.5,DS Juv = 0.7,MAT,68470098.7631449,48051811.65,87857167.8,560
0.2,0.5,DS Juv = 0.7,NNE,816824881.069651,598445414.55,1064028086.45,838
0.2,0.5,DS Juv = 0.7,SNE,7093789.65007416,5100663.05,9210938.025,144
0.2,0.5,DS Juv = 0.8,MAT,69456835.7507861,50614126.425,89919789.025,544
0.2,0.5,DS Juv = 0.8,NNE,816324709.708969,555822175.5,1058553761.125,830
0.2,0.5,DS Juv = 0.8,SNE,7135246.5017094,4649169.25,9646378.05,140
0.2,0.5,DS Juv = 0.9,MAT,71143613.9342565,51263895.075,91753710.425,527
0.2,0.5,DS Juv = 0.9,NNE,819756065.142986,570674735.8,1070272582.65,792
0.2,0.5,DS Juv = 0.9,SNE,7039760.94556015,4831034.175,9426505.7,141
0.2,0.5,DS Juv = 1,MAT,71487272.1569071,49443088.475,94228747.1,529
0.2,0.5,DS Juv = 1,NNE,837719087.319528,599701759.15,1104055782.775,846
0.2,0.5,DS Juv = 1,SNE,7283267.26984903,5357800.075,9577562.65,125
0.2,0.6,DS Juv = 0,MAT,65023289.3483239,45959327.1,86058831.3,534
0.2,0.6,DS Juv = 0,NNE,772227695.552992,529979237.875,980180882.85,818
0.2,0.6,DS Juv = 0,SNE,6441392.01924002,4414393,8374397.55,119
0.2,0.6,DS Juv = 0.1,MAT,65673331.5065974,47849627.45,85214242.075,550
0.2,0.6,DS Juv = 0.1,NNE,803777419.677034,540999812.425,1011088368.2,841
0.2,0.6,DS Juv = 0.1,SNE,6458751.39982088,4271111.05,8636090.125,142
0.2,0.6,DS Juv = 0.2,MAT,65287556.1724767,46780280.525,86023335.975,528
0.2,0.6,DS Juv = 0.2,NNE,813494031.118023,572961518.9,1034547726.65,839
0.2,0.6,DS Juv = 0.2,SNE,6501513.55241159,4750961.05,8773752.3,154
0.2,0.6,DS Juv = 0.3,MAT,66508782.9612492,46591416.225,88834834.275,556
0.2,0.6,DS Juv = 0.3,NNE,804121557.192001,555232348.1,1024391921.875,840
0.2,0.6,DS Juv = 0.3,SNE,6541138.95387164,4638474.625,8763256.5,129
0.2,0.6,DS Juv = 0.4,MAT,67076672.4792553,47723356.65,87619731.125,556
0.2,0.6,DS Juv = 0.4,NNE,804396355.366522,570504187.7,1037547734.475,883
0.2,0.6,DS Juv = 0.4,SNE,6953524.56898604,5106668.55,8879054.375,118
0.2,0.6,DS Juv = 0.5,MAT,69013426.4652042,49558902.6,88546745.45,479
0.2,0.6,DS Juv = 0.5,NNE,813435975.665875,565361132.15,1052355769.375,862
0.2,0.6,DS Juv = 0.5,SNE,7148722.13931673,4811767.225,9395708.825,118
0.2,0.6,DS Juv = 0.6,MAT,67847968.8828748,48914449.525,87564878.275,533
0.2,0.6,DS Juv = 0.6,NNE,823529409.143717,594066391.95,1066409566.625,838
0.2,0.6,DS Juv = 0.6,SNE,6660656.4869823,4390811.875,8621352.4,134
0.2,0.6,DS Juv = 0.7,MAT,68851716.5593049,50108188,90128349.625,567
0.2,0.6,DS Juv = 0.7,NNE,827490833.307051,616207048.375,1036958123.425,826
0.2,0.6,DS Juv = 0.7,SNE,7411861.27218768,4917699.375,10337052.075,152
0.2,0.6,DS Juv = 0.8,MAT,71106180.3645011,51914023.7,90725762.3,518
0.2,0.6,DS Juv = 0.8,NNE,831414187.158174,621022051.05,1081322171.925,811
0.2,0.6,DS Juv = 0.8,SNE,7555151.5625641,5129922.075,10137310.975,145
0.2,0.6,DS Juv = 0.9,MAT,70808353.4072209,49997108.775,91006835.125,533
0.2,0.6,DS Juv = 0.9,NNE,844731224.843953,611925916.3,1069612220.15,837
0.2,0.6,DS Juv = 0.9,SNE,7489393.54715264,5133308.125,9272968.075,157
0.2,0.6,DS Juv = 1,MAT,72768586.7621293,52087225.9,94717004.125,549
0.2,0.6,DS Juv = 1,NNE,839377571.832552,610904887.975,1084834809.625,856
0.2,0.6,DS Juv = 1,SNE,7416033.4507894,5041526.475,9475037.025,153
0.2,0.7,DS Juv = 0,MAT,65124607.7496328,47192243.825,84356274.575,543
0.2,0.7,DS Juv = 0,NNE,787970050.32423,557467495.025,992896414.7,852
0.2,0.7,DS Juv = 0,SNE,6393298.14275362,4197523.55,8448694.225,113
0.2,0.7,DS Juv = 0.1,MAT,66372878.0977042,45925692.125,87253271.325,561
0.2,0.7,DS Juv = 0.1,NNE,822108668.171165,601936441.55,1053169055.125,883
0.2,0.7,DS Juv = 0.1,SNE,6599872.34611111,4122134.8,9393616.25,148
0.2,0.7,DS Juv = 0.2,MAT,66105153.9489022,47125117.475,86184108.225,507
0.2,0.7,DS Juv = 0.2,NNE,812661194.43427,591179011.675,1005565280.25,805
0.2,0.7,DS Juv = 0.2,SNE,6333499.91148399,4223358.675,8961000.325,148
0.2,0.7,DS Juv = 0.3,MAT,66882673.2046007,47256240.55,89128476.75,527
0.2,0.7,DS Juv = 0.3,NNE,828437115.965656,602549816.9,1038222587.25,837
0.2,0.7,DS Juv = 0.3,SNE,6492707.514174,4732435.35,8563045.05,137
0.2,0.7,DS Juv = 0.4,MAT,68367690.9510245,49717551.75,89176618.325,528
0.2,0.7,DS Juv = 0.4,NNE,812908568.18895,574077200.5,1081200296.85,806
0.2,0.7,DS Juv = 0.4,SNE,6927451.24302761,4720359.025,9525211.25,122
0.2,0.7,DS Juv = 0.5,MAT,69260277.1079444,48476828.4,91207757.875,542
0.2,0.7,DS Juv = 0.5,NNE,806065670.341347,556658242.675,1039474546.975,823
0.2,0.7,DS Juv = 0.5,SNE,6879501.34841106,5135859.35,9102288.575,157
0.2,0.7,DS Juv = 0.6,MAT,70856948.3838128,50333680.3,92347661.475,493
0.2,0.7,DS Juv = 0.6,NNE,814849762.492288,600625721.725,1059810479.45,855
0.2,0.7,DS Juv = 0.6,SNE,7008325.43211927,4769714.425,9082220,136
0.2,0.7,DS Juv = 0.7,MAT,70851382.5449945,51777790.6,94419877.375,540
0.2,0.7,DS Juv = 0.7,NNE,814183112.025303,563065563.775,1042050311.875,814
0.2,0.7,DS Juv = 0.7,SNE,7075813.22177198,4690569.725,9503825.27499999,154
0.2,0.7,DS Juv = 0.8,MAT,71250762.9153447,51762195.15,91504126.8,548
0.2,0.7,DS Juv = 0.8,NNE,831730310.517526,625419969.1,1080624544.2,834
0.2,0.7,DS Juv = 0.8,SNE,7422542.19672957,4896330.85,9901245.475,137
0.2,0.7,DS Juv = 0.9,MAT,71400427.0812505,49643481.6,91242055.55,514
0.2,0.7,DS Juv = 0.9,NNE,841042363.430191,584109917.05,1138704220.35,871
0.2,0.7,DS Juv = 0.9,SNE,7714461.67245791,5183258.975,9894825.875,132
0.2,0.7,DS Juv = 1,MAT,72717877.4622866,49370846.125,93451909.575,508
0.2,0.7,DS Juv = 1,NNE,849136722.356349,603254681.825,1116885383.875,813
0.2,0.7,DS Juv = 1,SNE,7844489.17802483,5718444.425,10688480.35,148
0.2,0.8,DS Juv = 0,MAT,66232736.6309454,46903807.275,86730409.375,540
0.2,0.8,DS Juv = 0,NNE,819818916.324065,595098301.175,1052106629.925,830
0.2,0.8,DS Juv = 0,SNE,6687057.9410645,4378608.55,8681993.95,147
0.2,0.8,DS Juv = 0.1,MAT,65864420.8819748,47363228.775,85856832.025,522
0.2,0.8,DS Juv = 0.1,NNE,811487353.023613,575883794.3,1037561520.9,814
0.2,0.8,DS Juv = 0.1,SNE,6734686.12082131,4523396.325,9167456.075,147
0.2,0.8,DS Juv = 0.2,MAT,67566403.1468638,48388319.325,88092853.925,509
0.2,0.8,DS Juv = 0.2,NNE,815479276.696339,578599475.075,1078868123.55,859
0.2,0.8,DS Juv = 0.2,SNE,6539635.64052207,4528744.7,8342582.55,117
0.2,0.8,DS Juv = 0.3,MAT,68386136.4593273,49131898.775,88208081.225,517
0.2,0.8,DS Juv = 0.3,NNE,832748382.804013,596239047.85,1077577348.475,814
0.2,0.8,DS Juv = 0.3,SNE,6799339.69527629,4228195.075,9539132.775,129
0.2,0.8,DS Juv = 0.4,MAT,70204678.2673085,50577290.025,90600508.525,536
0.2,0.8,DS Juv = 0.4,NNE,844401407.951288,623378687.525,1072763859.85,817
0.2,0.8,DS Juv = 0.4,SNE,6846480.79403984,5040723.075,8940862.575,138
0.2,0.8,DS Juv = 0.5,MAT,69226847.7833498,49102824.725,91776535.625,554
0.2,0.8,DS Juv = 0.5,NNE,813128710.458382,585374604.05,1062341762.7,845
0.2,0.8,DS Juv = 0.5,SNE,7084856.12909841,5031377.025,9750038.375,166
0.2,0.8,DS Juv = 0.6,MAT,70748492.33901,48963179.525,93609526.15,526
0.2,0.8,DS Juv = 0.6,NNE,841312290.174209,581244766.05,1072671698.8,838
0.2,0.8,DS Juv = 0.6,SNE,7239632.49565078,4978436.85,9634685,127
0.2,0.8,DS Juv = 0.7,MAT,70216813.1221472,50303049.925,91893239.225,539
0.2,0.8,DS Juv = 0.7,NNE,844534526.244575,621468263.075,1102845000.575,795
0.2,0.8,DS Juv = 0.7,SNE,7320167.35944056,5253925.7,9780999.85,126
0.2,0.8,DS Juv = 0.8,MAT,72661041.7573366,52615759.15,95417787.15,559
0.2,0.8,DS Juv = 0.8,NNE,845969957.91827,621133733.525,1087946022.375,825
0.2,0.8,DS Juv = 0.8,SNE,7683152.3705089,5601118.85,9747511.075,141
0.2,0.8,DS Juv = 0.9,MAT,72311630.4284381,51902554.825,92200534.425,539
0.2,0.8,DS Juv = 0.9,NNE,834683087.120975,619994035.775,1082105978.75,808
0.2,0.8,DS Juv = 0.9,SNE,7636102.1361361,5184101.575,10549885.275,146
0.2,0.8,DS Juv = 1,MAT,73717775.2167537,52683140.15,95110108.2,561
0.2,0.8,DS Juv = 1,NNE,846779136.790125,604785192.425,1095225064.775,824
0.2,0.8,DS Juv = 1,SNE,7869445.20562568,5779908.7,10206161.725,127
0.2,0.9,DS Juv = 0,MAT,66969457.0867477,46315194.875,88147344.525,484
0.2,0.9,DS Juv = 0,NNE,804605750.923581,560523217.175,1052100741.975,826
0.2,0.9,DS Juv = 0,SNE,6827172.70802099,4807625.8,8736474.075,129
0.2,0.9,DS Juv = 0.1,MAT,68651624.9256659,46746764.8,92034776.6,565
0.2,0.9,DS Juv = 0.1,NNE,806334311.23759,565755608.975,1036053758.425,855
0.2,0.9,DS Juv = 0.1,SNE,6812025.20328269,5230098.625,8611309.9,145
0.2,0.9,DS Juv = 0.2,MAT,68478935.4880593,47978244.725,89541171.1,576
0.2,0.9,DS Juv = 0.2,NNE,823869104.311036,584559883.6,1024517889.525,888
0.2,0.9,DS Juv = 0.2,SNE,6888681.002886,4939282.325,9050414.2,127
0.2,0.9,DS Juv = 0.3,MAT,68829757.5090815,49562896.55,90011645.7,546
0.2,0.9,DS Juv = 0.3,NNE,819663558.432517,580102786,1057744825.15,810
0.2,0.9,DS Juv = 0.3,SNE,6975670.1967292,4959609.625,8967211.225,125
0.2,0.9,DS Juv = 0.4,MAT,68848065.1292569,48921295.075,90277399.5,533
0.2,0.9,DS Juv = 0.4,NNE,824676276.34082,594130020.05,1065314939.975,862
0.2,0.9,DS Juv = 0.4,SNE,7072804.33752143,5363401.2,9176186.8,149
0.2,0.9,DS Juv = 0.5,MAT,71283996.2756262,50305890.65,91260008.1,562
0.2,0.9,DS Juv = 0.5,NNE,842984152.647885,652633704,1065001266.95,856
0.2,0.9,DS Juv = 0.5,SNE,7117593.68455988,5021550.975,9555658.925,140
0.2,0.9,DS Juv = 0.6,MAT,70388302.8350325,49745912.275,92264963.6,498
0.2,0.9,DS Juv = 0.6,NNE,818321032.421402,577201968.3,1069986227.05,817
0.2,0.9,DS Juv = 0.6,SNE,7177368.97541718,5014687.625,9675711.4,134
0.2,0.9,DS Juv = 0.7,MAT,71796882.8964359,51718337.8,92374747.35,520
0.2,0.9,DS Juv = 0.7,NNE,840154605.847825,623204411.05,1060446133.925,803
0.2,0.9,DS Juv = 0.7,SNE,7242431.46333333,4666493.9,9515738,134
0.2,0.9,DS Juv = 0.8,MAT,72525251.2129376,50646581.85,94998590.35,567
0.2,0.9,DS Juv = 0.8,NNE,826862231.996686,587420967.575,1053884404.15,899
0.2,0.9,DS Juv = 0.8,SNE,7686739.45400043,5262639.625,10110332.35,141
0.2,0.9,DS Juv = 0.9,MAT,74262508.7175458,53111217.075,96655153.05,554
0.2,0.9,DS Juv = 0.9,NNE,833424832.091072,548917919.25,1098181773.8,856
0.2,0.9,DS Juv = 0.9,SNE,7611893.50091137,4885227.125,10157685.45,110
0.2,0.9,DS Juv = 1,MAT,74866288.2060932,52110954.15,97977474.875,544
0.2,0.9,DS Juv = 1,NNE,858347386.014951,630458297.3,1112581654.325,826
0.2,0.9,DS Juv = 1,SNE,7776616.87021475,5171434.125,9952806.975,133
0.2,1,DS Juv = 0,MAT,68094319.3432322,48244522.825,90147661.2,567
0.2,1,DS Juv = 0,NNE,785728203.80608,574239241.7,1022823070.4,821
0.2,1,DS Juv = 0,SNE,6970915.55891195,4830724.325,8829888.15,111
0.2,1,DS Juv = 0.1,MAT,67321948.3985069,47592325.35,89282989.775,546
0.2,1,DS Juv = 0.1,NNE,803168819.007455,565937312.625,1047997072.4,721
0.2,1,DS Juv = 0.1,SNE,6936936.03020993,4908279.725,8986303.825,132
0.2,1,DS Juv = 0.2,MAT,67341998.075052,47710072.6,87099426.55,498
0.2,1,DS Juv = 0.2,NNE,815177423.192469,584430424.825,1039858970.275,834
0.2,1,DS Juv = 0.2,SNE,7039918.01574953,5114402.75,8866286.65,142
0.2,1,DS Juv = 0.3,MAT,70530565.6327972,51049445.05,91887632.775,546
0.2,1,DS Juv = 0.3,NNE,839664678.360345,590800824.15,1097041184.9,849
0.2,1,DS Juv = 0.3,SNE,7029608.31202541,4778546.175,9213368.1,140
0.2,1,DS Juv = 0.4,MAT,70103154.5565773,49715675.55,91754686.225,522
0.2,1,DS Juv = 0.4,NNE,837501235.936906,614523995.275,1082274310.7,815
0.2,1,DS Juv = 0.4,SNE,7009126.8505176,4673792.85,8756335.55,123
0.2,1,DS Juv = 0.5,MAT,71546695.1991417,49108326.1,94403765.4,542
0.2,1,DS Juv = 0.5,NNE,812421985.488021,583160418.65,1051481331.4,834
0.2,1,DS Juv = 0.5,SNE,7353671.28005291,4585532.575,9472456.15,140
0.2,1,DS Juv = 0.6,MAT,71472404.588143,49074717,93525241.55,503
0.2,1,DS Juv = 0.6,NNE,840952378.087148,629064647.35,1055965687.875,844
0.2,1,DS Juv = 0.6,SNE,7358487.21907352,4856525.425,9598241.5,146
0.2,1,DS Juv = 0.7,MAT,73328681.0437251,53421631.125,95404447.15,574
0.2,1,DS Juv = 0.7,NNE,837058266.280185,609779780.75,1095134100.85,865
0.2,1,DS Juv = 0.7,SNE,7664848.23713235,5405885.4,10204119.175,151
0.2,1,DS Juv = 0.8,MAT,73328988.8117679,51143846.55,95805840,538
0.2,1,DS Juv = 0.8,NNE,842814114.133217,641990711,1060256730.65,816
0.2,1,DS Juv = 0.8,SNE,7869467.75875455,5381727.65,10519096.575,160
0.2,1,DS Juv = 0.9,MAT,73992051.6991239,50448556.7,96366094.575,596
0.2,1,DS Juv = 0.9,NNE,842113573.010424,609045985.4,1066375651.5,833
0.2,1,DS Juv = 0.9,SNE,7709523.18702381,5326287.975,10321278.25,143
0.2,1,DS Juv = 1,MAT,75217488.9036383,52911034.925,96402717.1,564
0.2,1,DS Juv = 1,NNE,833757659.026703,561705468.8,1056403521.225,827
0.2,1,DS Juv = 1,SNE,8050441.44851852,5783813.4,10518225.15,126
0.3,0,DS Juv = 0,MAT,56969603.4674173,40595834.175,74058064.9,548
0.3,0,DS Juv = 0,NNE,773842672.441519,535180915.55,1006759426.05,864
0.3,0,DS Juv = 0,SNE,5342611.01395755,3784725.5,7518373.925,135
0.3,0,DS Juv = 0.1,MAT,57900395.2049384,41156084.65,76826617.7,575
0.3,0,DS Juv = 0.1,NNE,764623911.492824,554887838.5,987409614.95,840
0.3,0,DS Juv = 0.1,SNE,5379677.59453782,3869757.9,7604490.375,110
0.3,0,DS Juv = 0.2,MAT,59231825.7127275,41658856.125,78215653.3,559
0.3,0,DS Juv = 0.2,NNE,783384609.765597,528117380.475,1046635122.95,865
0.3,0,DS Juv = 0.2,SNE,5457528.55752657,3472134.325,7274276.375,128
0.3,0,DS Juv = 0.3,MAT,61164254.3600921,44067192.55,80305884.6,549
0.3,0,DS Juv = 0.3,NNE,773897360.439307,541031567.85,995714476.675,791
0.3,0,DS Juv = 0.3,SNE,5629856.55292062,4075966.875,7504709.1,136
0.3,0,DS Juv = 0.4,MAT,60869114.6326627,44509971.725,80810701.625,562
0.3,0,DS Juv = 0.4,NNE,799653139.708677,581697104.4,1032850590,817
0.3,0,DS Juv = 0.4,SNE,5723569.80212463,3548979.75,7495537.05,116
0.3,0,DS Juv = 0.5,MAT,61891132.8379303,42792887.3,79958826.075,537
0.3,0,DS Juv = 0.5,NNE,800818481.637727,579555077.575,1022810642.225,817
0.3,0,DS Juv = 0.5,SNE,6075682.89699074,4375467.525,8240917.8,155
0.3,0,DS Juv = 0.6,MAT,62417356.9097666,44284617.325,82419955.85,558
0.3,0,DS Juv = 0.6,NNE,799973217.597456,554349702.775,1031884852.125,814
0.3,0,DS Juv = 0.6,SNE,6338923.8235841,4286655.65,8492472.6,118
0.3,0,DS Juv = 0.7,MAT,64148550.4248655,45926849.275,86158352.975,542
0.3,0,DS Juv = 0.7,NNE,809194664.612148,590752724.95,1042551039.825,886
0.3,0,DS Juv = 0.7,SNE,6217106.15457614,4806876.175,8056502.5,134
0.3,0,DS Juv = 0.8,MAT,64774836.0416786,45774655.725,83552408.25,556
0.3,0,DS Juv = 0.8,NNE,822717627.232744,557498499.95,1069053053.4,869
0.3,0,DS Juv = 0.8,SNE,6104619.28372427,3767765.65,8628090.8,142
0.3,0,DS Juv = 0.9,MAT,66157479.0246858,46995005.4,88339485.4,548
0.3,0,DS Juv = 0.9,NNE,813800202.541639,582886634.275,1042126200.2,850
0.3,0,DS Juv = 0.9,SNE,6876235.7156993,4690945.6,9067181.075,138
0.3,0,DS Juv = 1,MAT,68014713.1326703,47283190.375,88488259.6,516
0.3,0,DS Juv = 1,NNE,812727196.191114,594302367.425,1096944476.25,799
0.3,0,DS Juv = 1,SNE,7166096.89018329,4795012.275,10213330.975,147
0.3,0.1,DS Juv = 0,MAT,58498534.3296785,41305510.6,75474616.375,549
0.3,0.1,DS Juv = 0,NNE,774133145.259719,564534121.375,1005810843.2,768
0.3,0.1,DS Juv = 0,SNE,5502401.0911941,3863041.025,7592588.925,138
0.3,0.1,DS Juv = 0.1,MAT,60109258.8286086,41938950.775,78008131.725,508
0.3,0.1,DS Juv = 0.1,NNE,773339216.617756,560684597.05,1006614548.15,840
0.3,0.1,DS Juv = 0.1,SNE,5637679.40077922,3740057.425,7713475.125,130
0.3,0.1,DS Juv = 0.2,MAT,60208968.3950187,40692509.65,78836304.425,541
0.3,0.1,DS Juv = 0.2,NNE,778815836.681475,531876458.775,1031533729.625,856
0.3,0.1,DS Juv = 0.2,SNE,5491182.28403702,3592011.175,7277196.2,110
0.3,0.1,DS Juv = 0.3,MAT,60344331.3034454,42225545.8,80035755.8,519
0.3,0.1,DS Juv = 0.3,NNE,787879075.707674,551055115.325,1031576114.725,859
0.3,0.1,DS Juv = 0.3,SNE,5828790.42122918,4149427,7617375.9,144
0.3,0.1,DS Juv = 0.4,MAT,61134986.3502102,43271003.375,80065633.975,555
0.3,0.1,DS Juv = 0.4,NNE,793802741.989603,554708950.25,1008368251,809
0.3,0.1,DS Juv = 0.4,SNE,6053474.01128037,4304580.25,7935048.15,117
0.3,0.1,DS Juv = 0.5,MAT,62841744.0885798,45136062.75,82019868.35,498
0.3,0.1,DS Juv = 0.5,NNE,798023151.325389,558838695.3,1017127131.55,873
0.3,0.1,DS Juv = 0.5,SNE,6210493.21069744,3827177,8561352.775,134
0.3,0.1,DS Juv = 0.6,MAT,63581645.0799791,44209830.575,83787676.05,544
0.3,0.1,DS Juv = 0.6,NNE,814274653.797354,606306596.375,1053412178.4,836
0.3,0.1,DS Juv = 0.6,SNE,6374105.25825579,4590089.7,8416316.9,146
0.3,0.1,DS Juv = 0.7,MAT,65572389.0556585,45359636.9,84206151,544
0.3,0.1,DS Juv = 0.7,NNE,796290456.70692,560224522.35,1049178280.05,849
0.3,0.1,DS Juv = 0.7,SNE,6529015.93118421,4052040.275,8444816.1,131
0.3,0.1,DS Juv = 0.8,MAT,66296825.3216235,45520647.875,84571119,524
0.3,0.1,DS Juv = 0.8,NNE,819343255.097059,602867823.8,1060491989.35,854
0.3,0.1,DS Juv = 0.8,SNE,6893817.2671551,4784631,9020183.05,140
0.3,0.1,DS Juv = 0.9,MAT,67286510.0453403,49313625.95,85436622.175,525
0.3,0.1,DS Juv = 0.9,NNE,826157275.910915,614431585.325,1076287188.425,820
0.3,0.1,DS Juv = 0.9,SNE,6617808.87795777,4844892.625,8826430.4,126
0.3,0.1,DS Juv = 1,MAT,67429702.303253,49201203.2,86763429.85,565
0.3,0.1,DS Juv = 1,NNE,851464065.873239,635629103.825,1066081583.575,816
0.3,0.1,DS Juv = 1,SNE,6947413.51163018,4836378.725,9400337.275,136
0.3,0.2,DS Juv = 0,MAT,58912761.6259638,40633952.525,76223843.5,523
0.3,0.2,DS Juv = 0,NNE,783079632.528411,569822855.875,1024975876.125,802
0.3,0.2,DS Juv = 0,SNE,5497003.31197097,3953780.45,7053213.725,135
0.3,0.2,DS Juv = 0.1,MAT,59926283.2319842,41953250.625,79800324.275,543
0.3,0.2,DS Juv = 0.1,NNE,771833304.293356,560403205.525,1002862383.35,845
0.3,0.2,DS Juv = 0.1,SNE,5628578.96516147,3768448.975,7243199.175,126
0.3,0.2,DS Juv = 0.2,MAT,60767166.8118906,43617301.55,80598224.5,520
0.3,0.2,DS Juv = 0.2,NNE,788228471.07654,556471484.65,1030430402.9,797
0.3,0.2,DS Juv = 0.2,SNE,5894066.11038943,4009339.3,7989681.575,134
0.3,0.2,DS Juv = 0.3,MAT,62001890.3820048,42860534.35,79933337.35,583
0.3,0.2,DS Juv = 0.3,NNE,797793731.502406,547520583.9,1060577422.025,814
0.3,0.2,DS Juv = 0.3,SNE,6078871.16792627,3927315,7832800.325,134
0.3,0.2,DS Juv = 0.4,MAT,63329286.3184778,44743320.3,82105697.1,538
0.3,0.2,DS Juv = 0.4,NNE,798464819.216081,563644936.3,1017377035.275,818
0.3,0.2,DS Juv = 0.4,SNE,5856370.34962406,3971333.775,8264349.725,116
0.3,0.2,DS Juv = 0.5,MAT,63250404.7950868,43149257.775,82889631.825,486
0.3,0.2,DS Juv = 0.5,NNE,784453293.71994,553308428,1020086244.275,869
0.3,0.2,DS Juv = 0.5,SNE,6130924.72226161,4039028.875,8789294.75,144
0.3,0.2,DS Juv = 0.6,MAT,64582457.7282082,44665949.5,84928434.975,546
0.3,0.2,DS Juv = 0.6,NNE,813267453.867796,577254038.125,1068610341.95,771
0.3,0.2,DS Juv = 0.6,SNE,6494224.86763285,4628144.225,8369545.575,119
0.3,0.2,DS Juv = 0.7,MAT,66906491.0433853,46733236.875,88201337.8,542
0.3,0.2,DS Juv = 0.7,NNE,800091358.894381,563611617.45,1041944142.9,836
0.3,0.2,DS Juv = 0.7,SNE,6693161.12314005,4984159.525,8999918.6,137
0.3,0.2,DS Juv = 0.8,MAT,67558457.2902597,48037051.375,89397288.2,549
0.3,0.2,DS Juv = 0.8,NNE,810560855.261714,585410029.85,1062341765.375,873
0.3,0.2,DS Juv = 0.8,SNE,6552516.25372671,4181944.525,9278641.225,145
0.3,0.2,DS Juv = 0.9,MAT,68656396.2892568,51637886.4,87872636.1,571
0.3,0.2,DS Juv = 0.9,NNE,819431987.334453,565937995.2,1081677486.425,845
0.3,0.2,DS Juv = 0.9,SNE,7027207.77143645,4833630.2,9590031.525,143
0.3,0.2,DS Juv = 1,MAT,70177156.1933304,49612818.95,91109146.325,533
0.3,0.2,DS Juv = 1,NNE,844714717.778674,615700861.125,1092334677.6,869
0.3,0.2,DS Juv = 1,SNE,7438048.63028101,5100110.45,10158098.725,128
0.3,0.3,DS Juv = 0,MAT,59740539.9848069,44035825.3,76224213.525,499
0.3,0.3,DS Juv = 0,NNE,801626905.314643,582329753.95,1022153437.35,794
0.3,0.3,DS Juv = 0,SNE,5554122.73880837,3653074.75,7706519.325,128
0.3,0.3,DS Juv = 0.1,MAT,60657315.0813182,41150144.1,81346804.925,543
0.3,0.3,DS Juv = 0.1,NNE,759093440.741068,539203549.7,966659118.475,855
0.3,0.3,DS Juv = 0.1,SNE,5694930.69453003,3359446.85,7576063.75,139
0.3,0.3,DS Juv = 0.2,MAT,61054139.9728514,41875848.275,82718596.3,522
0.3,0.3,DS Juv = 0.2,NNE,779149461.436963,560460260.725,996238110.1,853
0.3,0.3,DS Juv = 0.2,SNE,5866253.47803514,3975935.675,7627657.175,135
0.3,0.3,DS Juv = 0.3,MAT,62205432.5834833,45151812.9,80677904.6,526
0.3,0.3,DS Juv = 0.3,NNE,780397344.825983,540091516.35,1033040651.225,876
0.3,0.3,DS Juv = 0.3,SNE,6085231.97535161,4239911.475,7944724.25,128
0.3,0.3,DS Juv = 0.4,MAT,63576427.1363407,43995104.8,82511451.075,510
0.3,0.3,DS Juv = 0.4,NNE,810403122.452427,601172203.975,1037381475.3,823
0.3,0.3,DS Juv = 0.4,SNE,6367254.14296803,4195496.5,8494087.6,124
0.3,0.3,DS Juv = 0.5,MAT,63879734.7261687,45154773.425,82432381.15,546
0.3,0.3,DS Juv = 0.5,NNE,805698048.867934,575258350.85,1045727855.125,812
0.3,0.3,DS Juv = 0.5,SNE,6273340.22171958,4007531.45,8349453.075,128
0.3,0.3,DS Juv = 0.6,MAT,65027511.7774522,47315953.25,82008059.725,508
0.3,0.3,DS Juv = 0.6,NNE,813225641.151029,597671865.05,1035879466.85,836
0.3,0.3,DS Juv = 0.6,SNE,6478028.03488691,4497019.6,9104912.95,133
0.3,0.3,DS Juv = 0.7,MAT,65624579.3942488,47030394.275,87354297.075,532
0.3,0.3,DS Juv = 0.7,NNE,816832741.79581,607033506.2,1027337564.8,852
0.3,0.3,DS Juv = 0.7,SNE,6685577.61903485,4950025.4,8786118.225,137
0.3,0.3,DS Juv = 0.8,MAT,67818301.9265968,47544334.325,88133232.625,526
0.3,0.3,DS Juv = 0.8,NNE,822350852.029847,573757016.775,1058961476.675,821
0.3,0.3,DS Juv = 0.8,SNE,6877258.86238852,4429776.8,8964358.625,110
0.3,0.3,DS Juv = 0.9,MAT,69067117.0957979,50846496.35,89231224.625,519
0.3,0.3,DS Juv = 0.9,NNE,825342080.821916,589751973.775,1028781177.5,767
0.3,0.3,DS Juv = 0.9,SNE,7324405.54437895,5039314.025,9729536.75,138
0.3,0.3,DS Juv = 1,MAT,69279293.8064477,49425189.825,89174674.075,496
0.3,0.3,DS Juv = 1,NNE,850040629.99851,618937256.775,1108827715.675,821
0.3,0.3,DS Juv = 1,SNE,7331498.18999366,5101022.9,9079828.775,125
0.3,0.4,DS Juv = 0,MAT,59431047.2303597,42075011.475,78091875.025,500
0.3,0.4,DS Juv = 0,NNE,779896689.344969,544349867.125,1017995715.45,825
0.3,0.4,DS Juv = 0,SNE,5595593.58920677,3727006.05,7751063.65,128
0.3,0.4,DS Juv = 0.1,MAT,60396486.3499011,41708738,80704934.5,542
0.3,0.4,DS Juv = 0.1,NNE,783021989.142697,555781261.575,1028342835,796
0.3,0.4,DS Juv = 0.1,SNE,5852007.75427415,3808053,8117640.725,154
0.3,0.4,DS Juv = 0.2,MAT,62002605.549585,43306399.4,79740627.775,545
0.3,0.4,DS Juv = 0.2,NNE,793047296.104206,550713506.225,1009255300.325,826
0.3,0.4,DS Juv = 0.2,SNE,5887815.48081229,3871566.725,7795315.475,127
0.3,0.4,DS Juv = 0.3,MAT,62532958.6855147,44635447.925,82523924.225,546
0.3,0.4,DS Juv = 0.3,NNE,776770710.515504,560526077.7,1005627264.425,852
0.3,0.4,DS Juv = 0.3,SNE,6075896.00759144,4191373.15,7805523.125,104
0.3,0.4,DS Juv = 0.4,MAT,64931415.5679328,46377566.75,86949718.675,513
0.3,0.4,DS Juv = 0.4,NNE,819024217.392046,563387996.075,1028774881.9,819
0.3,0.4,DS Juv = 0.4,SNE,6336927.32115801,4734939.525,8138601.375,120
0.3,0.4,DS Juv = 0.5,MAT,64918337.3118391,42781355.3,85523246.45,549
0.3,0.4,DS Juv = 0.5,NNE,799557411.30719,572990587.9,1023826834.925,829
0.3,0.4,DS Juv = 0.5,SNE,6367421.25898551,4791813.9,8230928.075,124
0.3,0.4,DS Juv = 0.6,MAT,67320589.6673602,47306937.9,88841625.825,525
0.3,0.4,DS Juv = 0.6,NNE,801457251.276738,566403786.475,1048692708.55,798
0.3,0.4,DS Juv = 0.6,SNE,6858736.52311938,4391890.925,8997620.575,137
0.3,0.4,DS Juv = 0.7,MAT,67303540.674784,46576438.9,88667315.7,543
0.3,0.4,DS Juv = 0.7,NNE,810156118.183695,566546205.35,1040390386.25,833
0.3,0.4,DS Juv = 0.7,SNE,6730194.80256646,4998801.5,8722983.35,133
0.3,0.4,DS Juv = 0.8,MAT,68665771.6898513,48867569.25,90884047.075,524
0.3,0.4,DS Juv = 0.8,NNE,804977835.228797,586635800.85,1019061134.575,797
0.3,0.4,DS Juv = 0.8,SNE,7062945.10166878,4951776.125,9277994.275,148
0.3,0.4,DS Juv = 0.9,MAT,69582662.0304618,47441712.5,91098238.05,496
0.3,0.4,DS Juv = 0.9,NNE,836586077.762046,564402935.4,1090066954.65,825
0.3,0.4,DS Juv = 0.9,SNE,7413694.15247788,5126544.775,10113082.45,133
0.3,0.4,DS Juv = 1,MAT,71552588.7250863,49893931.175,92680917.325,541
0.3,0.4,DS Juv = 1,NNE,835036734.834955,598216925.15,1112140386.05,857
0.3,0.4,DS Juv = 1,SNE,7676007.64435296,5042866.5,10454872.6,138
0.3,0.5,DS Juv = 0,MAT,60679273.6035667,41355152.925,82154737.85,573
0.3,0.5,DS Juv = 0,NNE,777905205.507483,534294457.625,1009975721.15,857
0.3,0.5,DS Juv = 0,SNE,5716185.18199634,3569107.55,7847608.825,136
0.3,0.5,DS Juv = 0.1,MAT,62147667.9602484,43043082.15,80424926.525,521
0.3,0.5,DS Juv = 0.1,NNE,786798283.878869,545490697.75,1022417587.25,863
0.3,0.5,DS Juv = 0.1,SNE,5805819.23428929,4020920.575,7673898.825,157
0.3,0.5,DS Juv = 0.2,MAT,65063304.1022129,44931489.325,85346407.05,526
0.3,0.5,DS Juv = 0.2,NNE,792867642.485333,545795989.925,1040178962.525,847
0.3,0.5,DS Juv = 0.2,SNE,6049046.57464854,4385676.6,7958512.35,120
0.3,0.5,DS Juv = 0.3,MAT,64077373.1059807,45616011.1,83751898.55,532
0.3,0.5,DS Juv = 0.3,NNE,801485277.296281,559107559.125,1024099849.225,878
0.3,0.5,DS Juv = 0.3,SNE,6022618.79944722,3689180.65,8289305.375,150
0.3,0.5,DS Juv = 0.4,MAT,66264866.3110995,45130237.45,89185078.65,516
0.3,0.5,DS Juv = 0.4,NNE,787825032.788949,553421431.1,1033813571.35,832
0.3,0.5,DS Juv = 0.4,SNE,6667820.90530689,4872855.425,8722698.875,145
0.3,0.5,DS Juv = 0.5,MAT,65813739.9412071,45084653.1,85739554.875,570
0.3,0.5,DS Juv = 0.5,NNE,827660861.191421,585746719.95,1051468482.1,801
0.3,0.5,DS Juv = 0.5,SNE,6513762.26091618,4632915.7,9274665.025,121
0.3,0.5,DS Juv = 0.6,MAT,66733116.6086964,44107873.075,87676876,515
0.3,0.5,DS Juv = 0.6,NNE,831519447.4295,594070824.025,1069369092.1,848
0.3,0.5,DS Juv = 0.6,SNE,6843763.81349206,5107337.9,9236763.4,144
0.3,0.5,DS Juv = 0.7,MAT,68942606.71669,50681985.55,89388836.3,527
0.3,0.5,DS Juv = 0.7,NNE,815945062.657058,587552679.425,1054890145.475,830
0.3,0.5,DS Juv = 0.7,SNE,7131222.71364413,5357311.2,9464801.7,115
0.3,0.5,DS Juv = 0.8,MAT,69952661.3859765,48662291.3,91169925.2,556
0.3,0.5,DS Juv = 0.8,NNE,830511319.789901,601049294.85,1056402573.9,816
0.3,0.5,DS Juv = 0.8,SNE,7400380.75011502,5350952.6,10032231.85,150
0.3,0.5,DS Juv = 0.9,MAT,72952830.4758492,50775268.75,96176023.225,555
0.3,0.5,DS Juv = 0.9,NNE,825969395.578908,598848722.775,1075771675.825,846
0.3,0.5,DS Juv = 0.9,SNE,7720875.33927739,5523111.15,10185371.975,135
0.3,0.5,DS Juv = 1,MAT,73428287.6848003,52197482.25,94034268.575,535
0.3,0.5,DS Juv = 1,NNE,848373373.048077,624083899.275,1101986956.725,817
0.3,0.5,DS Juv = 1,SNE,7546712.95493221,5126196.5,10260369.8,122
0.3,0.6,DS Juv = 0,MAT,61583953.673076,43453739.8,81068673.15,503
0.3,0.6,DS Juv = 0,NNE,797935579.541011,578621603.5,1030105258.025,806
0.3,0.6,DS Juv = 0,SNE,5897219.75840336,4157929.275,7627615.675,148
0.3,0.6,DS Juv = 0.1,MAT,63608775.2201468,45963423.15,85090248.525,548
0.3,0.6,DS Juv = 0.1,NNE,792067661.145404,548261871.175,1012228910.175,859
0.3,0.6,DS Juv = 0.1,SNE,6172087.75991101,4286344.25,8223723.2,141
0.3,0.6,DS Juv = 0.2,MAT,63872900.3627447,45717117.05,82303571.45,512
0.3,0.6,DS Juv = 0.2,NNE,802002664.41379,593636632.75,1053538821,852
0.3,0.6,DS Juv = 0.2,SNE,6396846.86271897,4428145.925,8481199.75,142
0.3,0.6,DS Juv = 0.3,MAT,64906685.7524066,44907598.5,85644107.325,542
0.3,0.6,DS Juv = 0.3,NNE,807457346.762468,553684947.05,1039420307.6,823
0.3,0.6,DS Juv = 0.3,SNE,6327571.70594221,4492653.025,8400459.85,125
0.3,0.6,DS Juv = 0.4,MAT,66480913.6170306,46705841.025,89004503.3,530
0.3,0.6,DS Juv = 0.4,NNE,828795544.101517,601666924.75,1075685593.175,826
0.3,0.6,DS Juv = 0.4,SNE,6533321.13451613,4630566.675,8899856.9,132
0.3,0.6,DS Juv = 0.5,MAT,67381360.7095497,47015078.65,85881608.45,535
0.3,0.6,DS Juv = 0.5,NNE,805577249.391603,603626631.9,1034887054.825,891
0.3,0.6,DS Juv = 0.5,SNE,6699053.28225705,4641334.5,8615298,139
0.3,0.6,DS Juv = 0.6,MAT,67230357.0692679,47054263.45,86725379.85,538
0.3,0.6,DS Juv = 0.6,NNE,831858333.352161,607114292.225,1069710226,836
0.3,0.6,DS Juv = 0.6,SNE,7001017.38510101,5063600.775,8754992.65,124
0.3,0.6,DS Juv = 0.7,MAT,69061771.3077586,47760370.9,92631379.775,483
0.3,0.6,DS Juv = 0.7,NNE,821614259.23228,574231831.125,1055371868.6,895
0.3,0.6,DS Juv = 0.7,SNE,7141464.50546929,4722605.9,9361712.35,133
0.3,0.6,DS Juv = 0.8,MAT,70704119.4141197,51025397.525,91596078.175,533
0.3,0.6,DS Juv = 0.8,NNE,822478412.216952,591691877.45,1043239229.65,773
0.3,0.6,DS Juv = 0.8,SNE,7250330.44881367,5282908.125,9325788.35,124
0.3,0.6,DS Juv = 0.9,MAT,73110122.2864976,50494639.625,96598503.85,516
0.3,0.6,DS Juv = 0.9,NNE,826864667.31094,551098413.175,1057027448.225,815
0.3,0.6,DS Juv = 0.9,SNE,7550632.40899471,4990121.7,9517549.125,123
0.3,0.6,DS Juv = 1,MAT,73631436.5565341,52964342.425,94864089.575,549
0.3,0.6,DS Juv = 1,NNE,852345754.154188,636856899.15,1082839939.575,847
0.3,0.6,DS Juv = 1,SNE,8097730.83837006,5842455.575,11217311.125,125
0.3,0.7,DS Juv = 0,MAT,63863076.1744491,44381149.5,83376232.475,551
0.3,0.7,DS Juv = 0,NNE,790308480.92388,570554303.075,1025994667.8,825
0.3,0.7,DS Juv = 0,SNE,6044134.34281525,4113974.125,7930763.075,124
0.3,0.7,DS Juv = 0.1,MAT,64220876.2335487,44163670.175,83600506.575,551
0.3,0.7,DS Juv = 0.1,NNE,798770129.667179,569058442.6,1007108992.125,783
0.3,0.7,DS Juv = 0.1,SNE,6212367.15183164,4143944.95,8269091.35,104
0.3,0.7,DS Juv = 0.2,MAT,65019242.3426024,47816464.8,84926875.6,546
0.3,0.7,DS Juv = 0.2,NNE,824067494.33975,562824005.175,1094198873.225,847
0.3,0.7,DS Juv = 0.2,SNE,6579249.44651603,4684356.475,8710022.175,140
0.3,0.7,DS Juv = 0.3,MAT,65884433.7226318,45705806.925,85374574.1,542
0.3,0.7,DS Juv = 0.3,NNE,816712863.086905,577836085.1,1059421957.075,807
0.3,0.7,DS Juv = 0.3,SNE,6324870.96865079,4286192,8600171.625,124
0.3,0.7,DS Juv = 0.4,MAT,67489743.0431605,47395633.575,89619810.65,539
0.3,0.7,DS Juv = 0.4,NNE,802408798.023552,548529127.325,1060927380.6,818
0.3,0.7,DS Juv = 0.4,SNE,6347043.40634567,4649965.025,8568225.125,140
0.3,0.7,DS Juv = 0.5,MAT,67750835.2066429,47348875.3,89200076.2,532
0.3,0.7,DS Juv = 0.5,NNE,819381753.385823,573780119.475,1049697960.35,839
0.3,0.7,DS Juv = 0.5,SNE,6998856.43915344,4873085.55,9177141,131
0.3,0.7,DS Juv = 0.6,MAT,69109568.8002366,50106008.775,91350875.925,568
0.3,0.7,DS Juv = 0.6,NNE,819330316.003498,600161087.825,1069461717.975,815
0.3,0.7,DS Juv = 0.6,SNE,7089381.0322591,4564601.55,9571722.725,125
0.3,0.7,DS Juv = 0.7,MAT,69072914.4868842,48865389.575,92076778.925,489
0.3,0.7,DS Juv = 0.7,NNE,817179981.395851,591484578.4,1093272239.2,810
0.3,0.7,DS Juv = 0.7,SNE,7224238.10848121,5143616.625,9953453.025,150
0.3,0.7,DS Juv = 0.8,MAT,72539349.400727,50443443.95,93555246,523
0.3,0.7,DS Juv = 0.8,NNE,828020342.906862,601460515.4,1039188540.125,805
0.3,0.7,DS Juv = 0.8,SNE,7529890.28391576,5324306.925,10098115.85,127
0.3,0.7,DS Juv = 0.9,MAT,72327539.940311,50252934.075,93994340.125,541
0.3,0.7,DS Juv = 0.9,NNE,845805482.735585,608865078.95,1088853226,800
0.3,0.7,DS Juv = 0.9,SNE,7824612.26296296,5636879.125,10694551.65,158
0.3,0.7,DS Juv = 1,MAT,75652066.6202665,51603158,98786000.2,567
0.3,0.7,DS Juv = 1,NNE,837126925.855946,552020747.45,1125746051.225,866
0.3,0.7,DS Juv = 1,SNE,8120115.17292923,5158798.075,11208055.95,153
0.3,0.8,DS Juv = 0,MAT,65849046.3990391,46358984.525,84996141.975,541
0.3,0.8,DS Juv = 0,NNE,793373364.638963,558515520.175,1003070169.55,810
0.3,0.8,DS Juv = 0,SNE,6074918.5891633,3914069.95,8336528.825,127
0.3,0.8,DS Juv = 0.1,MAT,64711246.7958344,43350265.825,86649921.725,546
0.3,0.8,DS Juv = 0.1,NNE,808221643.117195,560060957.45,1041017468.025,853
0.3,0.8,DS Juv = 0.1,SNE,6543978.21796218,4480303.35,8852122.4,136
0.3,0.8,DS Juv = 0.2,MAT,66178413.1157928,45412403.05,87080346.125,585
0.3,0.8,DS Juv = 0.2,NNE,809748204.364738,585268442.1,1046915917.25,811
0.3,0.8,DS Juv = 0.2,SNE,6534990.0986544,4542803.475,8761571.725,127
0.3,0.8,DS Juv = 0.3,MAT,66625618.1025838,46766359.725,89249084.175,560
0.3,0.8,DS Juv = 0.3,NNE,809121056.222957,560113246.125,1046752928.075,873
0.3,0.8,DS Juv = 0.3,SNE,6710077.37449341,4569641.45,8642982.8,131
0.3,0.8,DS Juv = 0.4,MAT,68597591.6444345,48919262.95,89126985.95,553
0.3,0.8,DS Juv = 0.4,NNE,842240688.733079,620152230.825,1060828267.6,760
0.3,0.8,DS Juv = 0.4,SNE,6776860.11569264,4287946.9,9660155.75,123
0.3,0.8,DS Juv = 0.5,MAT,69471665.9163211,51181238.3,90554672.75,480
0.3,0.8,DS Juv = 0.5,NNE,835991300.521154,581090581.025,1065137124.3,857
0.3,0.8,DS Juv = 0.5,SNE,7193360.81500219,4781751.475,9605989.025,137
0.3,0.8,DS Juv = 0.6,MAT,71638964.7860336,49237929.4,91351305.575,521
0.3,0.8,DS Juv = 0.6,NNE,842642037.937165,602939271.025,1053849084.025,817
0.3,0.8,DS Juv = 0.6,SNE,7360906.74512987,4734819.575,9738589.9,121
0.3,0.8,DS Juv = 0.7,MAT,71431540.9118582,51024632.725,93133217.625,548
0.3,0.8,DS Juv = 0.7,NNE,829876099.402806,614793681.325,1063972896.525,882
0.3,0.8,DS Juv = 0.7,SNE,7699731.8017908,5098266.475,10480407.75,137
0.3,0.8,DS Juv = 0.8,MAT,74329115.1340619,51864660.775,94957278.875,551
0.3,0.8,DS Juv = 0.8,NNE,848778945.804948,580736542,1119204728.2,817
0.3,0.8,DS Juv = 0.8,SNE,7820223.22245657,5313399.75,10857416.95,135
0.3,0.8,DS Juv = 0.9,MAT,76113027.4485179,55282964.4,99024046,542
0.3,0.8,DS Juv = 0.9,NNE,844506667.968104,615990853.1,1111833414.225,876
0.3,0.8,DS Juv = 0.9,SNE,7926695.84078273,5413095.1,10964362.525,122
0.3,0.8,DS Juv = 1,MAT,76695908.1548345,54936402.3,99160438.125,565
0.3,0.8,DS Juv = 1,NNE,863168558.699449,626512437.55,1120000753.5,798
0.3,0.8,DS Juv = 1,SNE,8316263.58819477,5527931.65,10950026.375,137
0.3,0.9,DS Juv = 0,MAT,67019404.4116342,48933644.575,88626387.1,553
0.3,0.9,DS Juv = 0,NNE,803457689.851624,550379527.8,1033497150.55,817
0.3,0.9,DS Juv = 0,SNE,6408110.32117795,3921718.65,9042821.425,132
0.3,0.9,DS Juv = 0.1,MAT,67110485.3769447,48629810.75,88893023.05,538
0.3,0.9,DS Juv = 0.1,NNE,815103206.094613,577031318.775,1054733154.725,808
0.3,0.9,DS Juv = 0.1,SNE,6638789.73067146,4687145.65,8657462.65,138
0.3,0.9,DS Juv = 0.2,MAT,69249441.7858152,51126101.975,89475199.9,546
0.3,0.9,DS Juv = 0.2,NNE,830969685.073422,568014610.9,1079105134.3,864
0.3,0.9,DS Juv = 0.2,SNE,6710242.42970489,4588279.1,9297916.175,146
0.3,0.9,DS Juv = 0.3,MAT,68583304.4007527,49180472.575,89995360.65,583
0.3,0.9,DS Juv = 0.3,NNE,823599297.731958,599524233.975,1035922338.45,863
0.3,0.9,DS Juv = 0.3,SNE,7012868.22210772,4993882.65,9405111.625,117
0.3,0.9,DS Juv = 0.4,MAT,70176284.6574897,49122151.4,92342803.45,553
0.3,0.9,DS Juv = 0.4,NNE,805328530.774744,557331683.9,1048009755.35,831
0.3,0.9,DS Juv = 0.4,SNE,7058637.32492063,5138924.525,9439427.525,112
0.3,0.9,DS Juv = 0.5,MAT,72496957.7881305,53026967.475,95841136.625,517
0.3,0.9,DS Juv = 0.5,NNE,839102818.626716,581592357.975,1078572560.2,864
0.3,0.9,DS Juv = 0.5,SNE,6946262.89817323,4927079.775,8965713.775,116
0.3,0.9,DS Juv = 0.6,MAT,72728012.94408,50896628.125,95616727.875,528
0.3,0.9,DS Juv = 0.6,NNE,845305900.801887,630457024.35,1089250188,836
0.3,0.9,DS Juv = 0.6,SNE,7454822.80793971,5278749.15,9752385.525,136
0.3,0.9,DS Juv = 0.7,MAT,72946749.768853,50752548.25,93585772.225,554
0.3,0.9,DS Juv = 0.7,NNE,839263937.118374,582039241.65,1079788674.275,853
0.3,0.9,DS Juv = 0.7,SNE,7704417.23706816,5608484.325,9944841.85,138
0.3,0.9,DS Juv = 0.8,MAT,74699800.9775406,51924780.375,97270326.55,602
0.3,0.9,DS Juv = 0.8,NNE,855958247.021795,615054948.05,1089939309.575,854
0.3,0.9,DS Juv = 0.8,SNE,7841075.74374923,5454477.325,10603529.125,130
0.3,0.9,DS Juv = 0.9,MAT,78081249.0293445,57185430.075,100955037.85,524
0.3,0.9,DS Juv = 0.9,NNE,854267463.698501,581944194.75,1127777607.175,787
0.3,0.9,DS Juv = 0.9,SNE,8368141.32575758,5987307.325,10993754.275,132
0.3,0.9,DS Juv = 1,MAT,77607781.2094509,52809074.925,101429899.9,536
0.3,0.9,DS Juv = 1,NNE,867109362.238822,634831716.4,1106608554.875,815
0.3,0.9,DS Juv = 1,SNE,8899189.49261072,5608560.65,11929726.525,154
0.3,1,DS Juv = 0,MAT,65622051.7733291,47656839.825,85278282.225,537
0.3,1,DS Juv = 0,NNE,807487805.084908,565726075.475,1051493601.375,868
0.3,1,DS Juv = 0,SNE,6524281.8656511,4424542.175,8671887.475,136
0.3,1,DS Juv = 0.1,MAT,68135933.704351,49060706.65,88995120.475,542
0.3,1,DS Juv = 0.1,NNE,819588798.207917,551177568.55,1074117007.7,834
0.3,1,DS Juv = 0.1,SNE,6746355.47224997,4438703.375,9029901.775,136
0.3,1,DS Juv = 0.2,MAT,68100177.0511479,45016509.75,89073025.95,563
0.3,1,DS Juv = 0.2,NNE,810929179.36054,534657363.075,1084064440.975,837
0.3,1,DS Juv = 0.2,SNE,6738853.08949602,4714109.825,9153594.35,124
0.3,1,DS Juv = 0.3,MAT,70027492.5865318,50054565.575,91504544.475,503
0.3,1,DS Juv = 0.3,NNE,823410428.494299,596733895.3,1030611563.475,859
0.3,1,DS Juv = 0.3,SNE,7059060.09635628,4904634.8,9226572.375,103
0.3,1,DS Juv = 0.4,MAT,72000832.7166288,51291099.925,93754244.8,576
0.3,1,DS Juv = 0.4,NNE,820624148.437844,579645184.175,1076343772.775,829
0.3,1,DS Juv = 0.4,SNE,7207665.18804985,4763971.625,9521392.825,138
0.3,1,DS Juv = 0.5,MAT,72705858.8402427,51973937.975,95765336.65,548
0.3,1,DS Juv = 0.5,NNE,835833681.05208,604379734.5,1069506977.35,814
0.3,1,DS Juv = 0.5,SNE,7409442.86809455,4630393.925,10013250.05,142
0.3,1,DS Juv = 0.6,MAT,73869724.0384265,53558327.075,97893443.425,557
0.3,1,DS Juv = 0.6,NNE,822897954.586771,569501532.4,1079746701.85,800
0.3,1,DS Juv = 0.6,SNE,7696502.73937729,5307230.85,10386902.1,125
0.3,1,DS Juv = 0.7,MAT,75469006.1602271,51590819.375,98703350.9,548
0.3,1,DS Juv = 0.7,NNE,860992813.786709,611331813.8,1108033019.35,880
0.3,1,DS Juv = 0.7,SNE,8225022.94620321,5670982.525,10583467.85,149
0.3,1,DS Juv = 0.8,MAT,79144220.0059338,58592066.15,102548271.85,515
0.3,1,DS Juv = 0.8,NNE,868583387.702225,634032707.9,1131576925.3,864
0.3,1,DS Juv = 0.8,SNE,8478327.14637384,5931164.125,10938789.525,137
0.3,1,DS Juv = 0.9,MAT,79936490.4553215,57068737.525,106825154.65,544
0.3,1,DS Juv = 0.9,NNE,870153602.851017,632645595.025,1093795682.275,886
0.3,1,DS Juv = 0.9,SNE,8844239.3456194,5934568.1,11817990.3,131
0.3,1,DS Juv = 1,MAT,79296194.9305549,56669297.7,102039277.725,564
0.3,1,DS Juv = 1,NNE,878296351.087413,627122062.6,1148357724.9,789
0.3,1,DS Juv = 1,SNE,8767638.4010436,5993678.925,11792661.55,155
0.4,0,DS Juv = 0,MAT,54470599.8915124,38917955.7,70814143.975,521
0.4,0,DS Juv = 0,NNE,735374280.79599,499535687.2,943984796,821
0.4,0,DS Juv = 0,SNE,4917101.89229354,3571994,7106349.1,117
0.4,0,DS Juv = 0.1,MAT,54818072.6336238,36769282.925,71959149.7,556
0.4,0,DS Juv = 0.1,NNE,745994055.118882,537510891.3,973960981.175,824
0.4,0,DS Juv = 0.1,SNE,4939510.74004662,3202091.075,7144011.8,139
0.4,0,DS Juv = 0.2,MAT,56503062.0258113,39748261.975,73772858.875,516
0.4,0,DS Juv = 0.2,NNE,766024983.920332,550947691.525,1019718700.275,826
0.4,0,DS Juv = 0.2,SNE,4965476.03690476,3254555.25,6644534.725,112
0.4,0,DS Juv = 0.3,MAT,56934767.6321912,39774545.925,74354463.5,551
0.4,0,DS Juv = 0.3,NNE,786445921.370604,558883345.6,1019348693.825,806
0.4,0,DS Juv = 0.3,SNE,5231001.04756892,3583654.35,6854395.925,143
0.4,0,DS Juv = 0.4,MAT,58900210.0996028,38873368.35,78980670.95,575
0.4,0,DS Juv = 0.4,NNE,797799571.369343,590274292.9,1034034535.425,811
0.4,0,DS Juv = 0.4,SNE,5425263.18812043,3303076.975,7297067,152
0.4,0,DS Juv = 0.5,MAT,59921146.8952674,42789340.1,79559005.9,547
0.4,0,DS Juv = 0.5,NNE,782047554.430887,577323558.35,992788793.125,863
0.4,0,DS Juv = 0.5,SNE,5602772.5641605,3776644.8,7688045.5,133
0.4,0,DS Juv = 0.6,MAT,62133713.3135843,43156102,82549531.025,532
0.4,0,DS Juv = 0.6,NNE,796795828.562081,572002370.35,1034568505.55,862
0.4,0,DS Juv = 0.6,SNE,5792651.97252747,3717402.825,7834470.275,133
0.4,0,DS Juv = 0.7,MAT,63229050.5402778,45889906.5,80340270.925,581
0.4,0,DS Juv = 0.7,NNE,798857477.071194,589130091.65,1020402032.325,814
0.4,0,DS Juv = 0.7,SNE,6015286.69887878,4256580.7,7756913.675,135
0.4,0,DS Juv = 0.8,MAT,64602692.3653295,44558534.55,85399563.025,548
0.4,0,DS Juv = 0.8,NNE,795340449.998497,592572815.325,1004503507.975,822
0.4,0,DS Juv = 0.8,SNE,6572322.62962963,4151857,8875058.375,136
0.4,0,DS Juv = 0.9,MAT,65975410.3646608,44962929.675,87849011.425,548
0.4,0,DS Juv = 0.9,NNE,846014384.567116,601825487.45,1093995473.325,892
0.4,0,DS Juv = 0.9,SNE,6994044.49865079,5030120.325,9125678.35,129
0.4,0,DS Juv = 1,MAT,67567761.4461267,47460326.35,90366925.425,541
0.4,0,DS Juv = 1,NNE,812045550.481423,592945559.2,1027881221.65,770
0.4,0,DS Juv = 1,SNE,7314489.59605196,4971157.125,9797238.125,140
0.4,0.1,DS Juv = 0,MAT,55442872.8139953,36600495.075,74688731.2,515
0.4,0.1,DS Juv = 0,NNE,745043918.343107,530520904.35,971772496.375,793
0.4,0.1,DS Juv = 0,SNE,4825653.34487811,3174615.475,6808516.5,145
0.4,0.1,DS Juv = 0.1,MAT,56614955.8633208,41105862.975,72887936.075,527
0.4,0.1,DS Juv = 0.1,NNE,745460515.507524,498127286.1,962369781.6,850
0.4,0.1,DS Juv = 0.1,SNE,5168218.9758952,3530324.725,6669134.6,132
0.4,0.1,DS Juv = 0.2,MAT,57720358.3428582,39828883.5,77095316.075,562
0.4,0.1,DS Juv = 0.2,NNE,754530779.461011,563085858.75,950127121.05,869
0.4,0.1,DS Juv = 0.2,SNE,5184593.47364267,3175290.85,7676973.725,154
0.4,0.1,DS Juv = 0.3,MAT,57595493.8603611,38031195.4,75844211.25,569
0.4,0.1,DS Juv = 0.3,NNE,761949756.333173,577186382.55,972436679,797
0.4,0.1,DS Juv = 0.3,SNE,5317076.69795374,3369828.35,7371819.95,157
0.4,0.1,DS Juv = 0.4,MAT,60255208.3125571,42665647.775,79149450.125,553
0.4,0.1,DS Juv = 0.4,NNE,762274496.061666,565554611.25,983666364.275,817
0.4,0.1,DS Juv = 0.4,SNE,5502475.77589685,3678211.475,7130184.8,128
0.4,0.1,DS Juv = 0.5,MAT,61545681.8157057,43508375.575,82173747.875,559
0.4,0.1,DS Juv = 0.5,NNE,788907239.447128,567709895.35,1014933906.7,855
0.4,0.1,DS Juv = 0.5,SNE,5725270.81482109,3817720.4,7671939.925,129
0.4,0.1,DS Juv = 0.6,MAT,63373186.3851973,44799954.8,83783947.725,520
0.4,0.1,DS Juv = 0.6,NNE,793489109.056662,540664712.6,1060649090.3,858
0.4,0.1,DS Juv = 0.6,SNE,6190956.60557024,3937193.675,8364307.975,153
0.4,0.1,DS Juv = 0.7,MAT,64033241.8980962,45893234.75,82461707.575,555
0.4,0.1,DS Juv = 0.7,NNE,794110688.036369,545175360.65,1016120974.825,793
0.4,0.1,DS Juv = 0.7,SNE,6460521.8296841,4423933.1,8463448.325,158
0.4,0.1,DS Juv = 0.8,MAT,65158831.1351545,46467758.025,85519023.475,580
0.4,0.1,DS Juv = 0.8,NNE,807968592.184335,564254520.275,1047530729.325,792
0.4,0.1,DS Juv = 0.8,SNE,6628871.73111111,4590420.475,9098699.55,129
0.4,0.1,DS Juv = 0.9,MAT,67994227.3543934,46253248.85,88605985,539
0.4,0.1,DS Juv = 0.9,NNE,816509658.595895,597314438.25,1071606524.475,838
0.4,0.1,DS Juv = 0.9,SNE,6991997.76029186,4433146.95,9475887.425,137
0.4,0.1,DS Juv = 1,MAT,69144304.2236992,47103298.675,90477628.65,501
0.4,0.1,DS Juv = 1,NNE,829590698.59343,553326676.3,1066661920.875,809
0.4,0.1,DS Juv = 1,SNE,7531539.70289787,5459013.25,10084857.075,142
0.4,0.2,DS Juv = 0,MAT,55384743.7032633,39883538.95,74554490.075,528
0.4,0.2,DS Juv = 0,NNE,759887482.407734,560637823.825,986322315.225,832
0.4,0.2,DS Juv = 0,SNE,4977632.14182195,2987359.575,6965220.725,117
0.4,0.2,DS Juv = 0.1,MAT,56738513.5061831,39222827.775,73239432.275,518
0.4,0.2,DS Juv = 0.1,NNE,769161168.505964,543994835.2,979104547.975,771
0.4,0.2,DS Juv = 0.1,SNE,4988270.28385319,3570599.825,6759113.575,127
0.4,0.2,DS Juv = 0.2,MAT,57641444.6002428,40305776.425,76650499.75,528
0.4,0.2,DS Juv = 0.2,NNE,772908658.308459,553657862.35,984634830.2,840
0.4,0.2,DS Juv = 0.2,SNE,5360302.81761787,3477073.025,7358884.05,138
0.4,0.2,DS Juv = 0.3,MAT,59284276.0544014,42551386.375,77140064.175,555
0.4,0.2,DS Juv = 0.3,NNE,785674860.55379,555853690.975,1002782229.9,777
0.4,0.2,DS Juv = 0.3,SNE,5459279.45771757,3921880.8,7396472.4,124
0.4,0.2,DS Juv = 0.4,MAT,60877542.1295335,43728250.3,78824334.475,561
0.4,0.2,DS Juv = 0.4,NNE,794009111.086713,564963118.15,1009355140.575,853
0.4,0.2,DS Juv = 0.4,SNE,5722348.01148687,3780142.55,8177184.975,140
0.4,0.2,DS Juv = 0.5,MAT,61358720.263418,43102040.15,80446495.775,562
0.4,0.2,DS Juv = 0.5,NNE,785648346.954708,568580064.025,999467476.2,805
0.4,0.2,DS Juv = 0.5,SNE,5653044.41583995,3576134.9,7438164.15,134
0.4,0.2,DS Juv = 0.6,MAT,63672367.748578,45136220.25,83467678.925,545
0.4,0.2,DS Juv = 0.6,NNE,795505779.290396,553468957.55,1049786629.575,754
0.4,0.2,DS Juv = 0.6,SNE,6064484.34161225,3952165.575,8000691.85,153
0.4,0.2,DS Juv = 0.7,MAT,66007671.4340451,45654020.675,85748060.175,551
0.4,0.2,DS Juv = 0.7,NNE,822682825.256696,602444895.225,1039819386.4,878
0.4,0.2,DS Juv = 0.7,SNE,6723826.70807018,4842086.9,8791427.65,156
0.4,0.2,DS Juv = 0.8,MAT,66463899.540321,46572321.525,84674411.175,564
0.4,0.2,DS Juv = 0.8,NNE,824419911.402166,602840388.45,1093441403.875,819
0.4,0.2,DS Juv = 0.8,SNE,6924865.9976912,4255616.625,8993261.3,133
0.4,0.2,DS Juv = 0.9,MAT,67819774.7850699,47248533.875,90579688.425,547
0.4,0.2,DS Juv = 0.9,NNE,804807023.477262,546279175.05,1040918589.275,878
0.4,0.2,DS Juv = 0.9,SNE,7317002.40877112,5115364.55,9616891.2,119
0.4,0.2,DS Juv = 1,MAT,70524623.0927564,50503430.25,90923405.375,598
0.4,0.2,DS Juv = 1,NNE,815855886.267409,597739147.45,1038876159.575,836
0.4,0.2,DS Juv = 1,SNE,7840603.66597048,5821808.25,9711462.625,127
0.4,0.3,DS Juv = 0,MAT,56070768.8671043,37222218.7,73767337.6,517
0.4,0.3,DS Juv = 0,NNE,751414463.028406,514617899.775,957409815.725,807
0.4,0.3,DS Juv = 0,SNE,5264463.20616199,3683694.175,6526878.575,143
0.4,0.3,DS Juv = 0.1,MAT,57407681.4331654,39835073.35,76527654.65,527
0.4,0.3,DS Juv = 0.1,NNE,767272305.502653,565505385.325,981379426.1,896
0.4,0.3,DS Juv = 0.1,SNE,5182219.61077011,3313236.85,7129656.025,139
0.4,0.3,DS Juv = 0.2,MAT,58807259.9808453,42368148.2,78563179.4,549
0.4,0.3,DS Juv = 0.2,NNE,768560507.22836,537620762.8,981085233.15,898
0.4,0.3,DS Juv = 0.2,SNE,5515949.4952465,3930870.475,7163224.4,129
0.4,0.3,DS Juv = 0.3,MAT,59454422.6225839,40753691.775,80369108.575,526
0.4,0.3,DS Juv = 0.3,NNE,777027388.943499,511983687.1,1031301998.675,849
0.4,0.3,DS Juv = 0.3,SNE,5468384.23013887,3899425.075,7514663.825,146
0.4,0.3,DS Juv = 0.4,MAT,60038440.43985,41717394.175,78324180.35,581
0.4,0.3,DS Juv = 0.4,NNE,766428489.161085,518904443.2,1013058236.2,825
0.4,0.3,DS Juv = 0.4,SNE,5887638.38000842,4071405.025,7772720.95,134
0.4,0.3,DS Juv = 0.5,MAT,62779674.1418132,42792635.225,82485380.9,549
0.4,0.3,DS Juv = 0.5,NNE,792306791.915857,541339286.075,999001115.75,844
0.4,0.3,DS Juv = 0.5,SNE,5938960.84554958,4406572.875,8108341.525,130
0.4,0.3,DS Juv = 0.6,MAT,63439262.8206448,45192958.4,81449010.6,538
0.4,0.3,DS Juv = 0.6,NNE,789443060.334296,559207106.425,1044181924.125,851
0.4,0.3,DS Juv = 0.6,SNE,6303280.11804051,4590145.75,8199282.975,127
0.4,0.3,DS Juv = 0.7,MAT,66218883.9831317,47471179.25,86424654.75,567
0.4,0.3,DS Juv = 0.7,NNE,802650783.726361,579216683.45,1019843225.825,802
0.4,0.3,DS Juv = 0.7,SNE,6721791.70699266,4860291.925,8867379.725,119
0.4,0.3,DS Juv = 0.8,MAT,67971603.3346142,46767808.55,91541615.225,544
0.4,0.3,DS Juv = 0.8,NNE,824831614.74294,623584630.775,1049432910.95,819
0.4,0.3,DS Juv = 0.8,SNE,6928146.20531987,4666768.5,9714403,128
0.4,0.3,DS Juv = 0.9,MAT,69950317.0855004,47825363.65,92257063.125,531
0.4,0.3,DS Juv = 0.9,NNE,834228547.036232,576807582.875,1073576682.45,825
0.4,0.3,DS Juv = 0.9,SNE,7384506.65715759,4953444.2,9734895.525,138
0.4,0.3,DS Juv = 1,MAT,71032629.0440855,50831985.2,93244086.3,575
0.4,0.3,DS Juv = 1,NNE,849109329.106163,595539381.25,1121990998.1,839
0.4,0.3,DS Juv = 1,SNE,7591391.19015993,5343682.75,10140816.375,145
0.4,0.4,DS Juv = 0,MAT,56547105.6046603,38277986.95,74872881.55,522
0.4,0.4,DS Juv = 0,NNE,750973957.612087,560312497.4,991528692.225,768
0.4,0.4,DS Juv = 0,SNE,5123201.48535946,3440315.325,7056948.325,142
0.4,0.4,DS Juv = 0.1,MAT,57351903.3266103,37936039.45,75617245.925,527
0.4,0.4,DS Juv = 0.1,NNE,769327395.678113,524287955.225,1020387964.375,870
0.4,0.4,DS Juv = 0.1,SNE,5163319.51956774,3502673.325,6805971.1,139
0.4,0.4,DS Juv = 0.2,MAT,60019893.6162824,41611021.7,77703121.3,537
0.4,0.4,DS Juv = 0.2,NNE,772458537.139967,528126097.05,1005835509.95,847
0.4,0.4,DS Juv = 0.2,SNE,5270803.0593537,3323914.725,7134488.575,142
0.4,0.4,DS Juv = 0.3,MAT,61166613.310396,44436446.275,79244754.275,514
0.4,0.4,DS Juv = 0.3,NNE,780617950.269592,546546281.1,1018591950.675,849
0.4,0.4,DS Juv = 0.3,SNE,5619817.58848056,3639198.325,7242896.075,132
0.4,0.4,DS Juv = 0.4,MAT,62790707.2753984,45445244.175,79790159.9,555
0.4,0.4,DS Juv = 0.4,NNE,783785802.093081,562242803.075,1020265660.25,885
0.4,0.4,DS Juv = 0.4,SNE,5881745.68804746,4044974.85,7651316.925,120
0.4,0.4,DS Juv = 0.5,MAT,64251121.6777642,44645446.1,82684442.825,521
0.4,0.4,DS Juv = 0.5,NNE,799755004.172499,555282612.5,1012865969,812
0.4,0.4,DS Juv = 0.5,SNE,6228602.95235189,4463200.825,8305907.775,157
0.4,0.4,DS Juv = 0.6,MAT,66109976.3825611,46629942.65,86540925.35,549
0.4,0.4,DS Juv = 0.6,NNE,794580850.278284,557522950.7,1032710661.625,813
0.4,0.4,DS Juv = 0.6,SNE,6526852.32500255,4510031.875,8438610,144
0.4,0.4,DS Juv = 0.7,MAT,66999735.7273961,48733007.75,88329741.925,543
0.4,0.4,DS Juv = 0.7,NNE,832762041.544627,576390066.875,1081076930.05,844
0.4,0.4,DS Juv = 0.7,SNE,6948332.49855239,4868090,9148769,122
0.4,0.4,DS Juv = 0.8,MAT,70163659.2817461,49606661.1,89513648.1,520
0.4,0.4,DS Juv = 0.8,NNE,829633972.764951,575302598.85,1077489099.625,861
0.4,0.4,DS Juv = 0.8,SNE,7104296.85284209,4670550.05,9173787.85,135
0.4,0.4,DS Juv = 0.9,MAT,71525361.6864977,50848561.5,92266694.925,503
0.4,0.4,DS Juv = 0.9,NNE,859959014.841266,610911831.35,1081141502.875,820
0.4,0.4,DS Juv = 0.9,SNE,7699039.47718971,5481663.625,9931545.475,132
0.4,0.4,DS Juv = 1,MAT,71935635.1236237,48900488.525,94707061.825,542
0.4,0.4,DS Juv = 1,NNE,849211955.636504,602323670.275,1137854721.6,878
0.4,0.4,DS Juv = 1,SNE,8025965.98389603,5582148.925,11170793.1,143
0.4,0.5,DS Juv = 0,MAT,58588104.3645175,39445819.175,77343490.3,544
0.4,0.5,DS Juv = 0,NNE,778722789.237986,539394177.025,1001023306.8,800
0.4,0.5,DS Juv = 0,SNE,5304763.87583753,3331916.475,7130506.575,136
0.4,0.5,DS Juv = 0.1,MAT,58830802.2539466,42042720.2,76656201,507
0.4,0.5,DS Juv = 0.1,NNE,773672099.380644,543395800.3,990548127.375,778
0.4,0.5,DS Juv = 0.1,SNE,5483956.01757808,3460609.35,7558198.3,154
0.4,0.5,DS Juv = 0.2,MAT,60375307.4364637,40678271.5,79649243.65,513
0.4,0.5,DS Juv = 0.2,NNE,803519604.460421,559665357.975,1053163884.25,831
0.4,0.5,DS Juv = 0.2,SNE,5536942.3293415,3678559.275,7330801.025,133
0.4,0.5,DS Juv = 0.3,MAT,61650811.4697005,43426103.1,82988170,525
0.4,0.5,DS Juv = 0.3,NNE,787940215.096315,578274857.825,1007471620.15,855
0.4,0.5,DS Juv = 0.3,SNE,5858575.5283542,4186507.125,7819557.7,150
0.4,0.5,DS Juv = 0.4,MAT,62360382.2341771,45400340.675,79821067.1,526
0.4,0.5,DS Juv = 0.4,NNE,789441250.460805,540297618.7,1005720374.6,779
0.4,0.5,DS Juv = 0.4,SNE,6260585.88867725,4685507.275,7809470.175,148
0.4,0.5,DS Juv = 0.5,MAT,64464953.1738118,43781209.625,82649497.675,555
0.4,0.5,DS Juv = 0.5,NNE,805743041.161487,587706151.825,1026810423.05,882
0.4,0.5,DS Juv = 0.5,SNE,6282044.98693562,4612840.9,8875402.975,128
0.4,0.5,DS Juv = 0.6,MAT,66525808.5990595,43673275.125,89625071,554
0.4,0.5,DS Juv = 0.6,NNE,803278053.983202,570633445.575,1039242447.9,831
0.4,0.5,DS Juv = 0.6,SNE,6776943.67877668,4769384.05,9233322.675,130
0.4,0.5,DS Juv = 0.7,MAT,69479637.9570687,47083412.675,89802839.175,542
0.4,0.5,DS Juv = 0.7,NNE,816014381.563357,593973840.4,1035793817.175,838
0.4,0.5,DS Juv = 0.7,SNE,6879204.29304954,4686179.5,9101185.55,127
0.4,0.5,DS Juv = 0.8,MAT,69687526.1679033,47398935.525,93734612.95,557
0.4,0.5,DS Juv = 0.8,NNE,837753381.304614,607928489.85,1089195967.6,851
0.4,0.5,DS Juv = 0.8,SNE,6908074.86491453,4478128.65,9872010.75,118
0.4,0.5,DS Juv = 0.9,MAT,73342010.4670879,54030191.3,97023138,508
0.4,0.5,DS Juv = 0.9,NNE,839176689.06046,598336303.35,1080363418.325,786
0.4,0.5,DS Juv = 0.9,SNE,7600090.42338543,5295060.025,9536201.425,147
0.4,0.5,DS Juv = 1,MAT,75045228.5663422,55194168.675,93057953.75,515
0.4,0.5,DS Juv = 1,NNE,856740946.638632,641386860.675,1104118999.625,796
0.4,0.5,DS Juv = 1,SNE,8483091.27539562,6209583.8,11004505.325,130
0.4,0.6,DS Juv = 0,MAT,61038379.1288169,45072276.7,79619616.5,529
0.4,0.6,DS Juv = 0,NNE,771525426.402642,551340644.825,986179436.875,807
0.4,0.6,DS Juv = 0,SNE,5650425.1405441,3812630.55,7237984.275,147
0.4,0.6,DS Juv = 0.1,MAT,60801003.1123762,42787977.775,78629481.55,563
0.4,0.6,DS Juv = 0.1,NNE,787596276.147313,575987114.45,1005951768.225,836
0.4,0.6,DS Juv = 0.1,SNE,5760230.52911023,3941495.975,7524720.625,145
0.4,0.6,DS Juv = 0.2,MAT,62402481.9724911,41154481.175,82171754.325,573
0.4,0.6,DS Juv = 0.2,NNE,790412935.319365,585552343.375,1002279358.925,792
0.4,0.6,DS Juv = 0.2,SNE,5770701.94014047,3729616,7729181.15,115
0.4,0.6,DS Juv = 0.3,MAT,63389930.3912061,43643388.675,83961128.6,537
0.4,0.6,DS Juv = 0.3,NNE,786841363.192082,577961733.575,1061696453.575,875
0.4,0.6,DS Juv = 0.3,SNE,6242748.28644971,4055473.85,8429887.275,156
0.4,0.6,DS Juv = 0.4,MAT,65302822.9652461,45958623.175,85532899.675,499
0.4,0.6,DS Juv = 0.4,NNE,814943822.392903,600643413.3,1037096300.65,837
0.4,0.6,DS Juv = 0.4,SNE,6044898.66736695,3649695.3,8191545.3,145
0.4,0.6,DS Juv = 0.5,MAT,67111499.0713983,48198857.4,85837269.125,532
0.4,0.6,DS Juv = 0.5,NNE,813175812.936063,589897277.275,1041528916.875,860
0.4,0.6,DS Juv = 0.5,SNE,6587416.45408505,4391683.225,8964873.1,140
0.4,0.6,DS Juv = 0.6,MAT,68370165.3821441,48255807.225,90202889.95,528
0.4,0.6,DS Juv = 0.6,NNE,810977688.020954,561486102.775,1064753655.95,909
0.4,0.6,DS Juv = 0.6,SNE,6658930.71145363,4853789.475,8448873.55,127
0.4,0.6,DS Juv = 0.7,MAT,70707882.5565745,50025999.2,93573866.95,560
0.4,0.6,DS Juv = 0.7,NNE,804645336.813819,555105413.175,1039889258.725,791
0.4,0.6,DS Juv = 0.7,SNE,6965901.693706,4829980.875,9335424.225,111
0.4,0.6,DS Juv = 0.8,MAT,72776094.0612314,50238798.275,95800580.225,527
0.4,0.6,DS Juv = 0.8,NNE,851381461.630854,612385695,1112872512.85,856
0.4,0.6,DS Juv = 0.8,SNE,7629944.85019233,4979255.75,10119339.625,159
0.4,0.6,DS Juv = 0.9,MAT,74286101.5564046,51037458.65,96651943.55,548
0.4,0.6,DS Juv = 0.9,NNE,842822701.188455,610259956.65,1081322095.275,784
0.4,0.6,DS Juv = 0.9,SNE,7836300.50853175,5364550.125,11047420.6,145
0.4,0.6,DS Juv = 1,MAT,75856790.3430569,54233509.9,98219488.075,532
0.4,0.6,DS Juv = 1,NNE,855203382.257223,615748808.95,1090824581.775,790
0.4,0.6,DS Juv = 1,SNE,8215940.26709577,5536817.4,11716394,155
0.4,0.7,DS Juv = 0,MAT,60236317.6233368,42222794.475,81175984.3,574
0.4,0.7,DS Juv = 0,NNE,787692544.941553,561026845.475,995776194.4,863
0.4,0.7,DS Juv = 0,SNE,6005883.00917169,4104502.075,7717145.425,164
0.4,0.7,DS Juv = 0.1,MAT,61837472.9889797,42882810.125,81661251.275,547
0.4,0.7,DS Juv = 0.1,NNE,786810113.587448,577955445.875,982364910.725,807
0.4,0.7,DS Juv = 0.1,SNE,5790983.30611285,4021880.525,7791047.65,125
0.4,0.7,DS Juv = 0.2,MAT,64043299.0543445,46005872.675,83483402.775,502
0.4,0.7,DS Juv = 0.2,NNE,800864406.486386,571184946.925,1029894684.5,892
0.4,0.7,DS Juv = 0.2,SNE,6219457.89180672,4237342.625,8201194.275,100
0.4,0.7,DS Juv = 0.3,MAT,65596408.6838439,46483538,84392142.85,521
0.4,0.7,DS Juv = 0.3,NNE,808572024.814385,571815870.65,1087393833.1,842
0.4,0.7,DS Juv = 0.3,SNE,6292951.85150961,4041088.45,8797996.275,150
0.4,0.7,DS Juv = 0.4,MAT,65471395.0581232,44197316.65,87002581.675,632
0.4,0.7,DS Juv = 0.4,NNE,811780996.463629,600247097.125,1023656384.725,908
0.4,0.7,DS Juv = 0.4,SNE,6656656.60599225,4726188.55,8916488.25,137
0.4,0.7,DS Juv = 0.5,MAT,69009149.2584957,49419320.15,89309496.15,506
0.4,0.7,DS Juv = 0.5,NNE,832929262.769394,608224080.475,1098798517.775,859
0.4,0.7,DS Juv = 0.5,SNE,6703221.90616803,4173207.225,8878322.025,138
0.4,0.7,DS Juv = 0.6,MAT,68303472.7496397,49024078.425,89049542.5,556
0.4,0.7,DS Juv = 0.6,NNE,819600682.654707,594680632.8,1059600100.425,814
0.4,0.7,DS Juv = 0.6,SNE,6943415.05961699,4059315.925,9324076.325,142
0.4,0.7,DS Juv = 0.7,MAT,70689120.9929402,50887519.325,94740787.125,523
0.4,0.7,DS Juv = 0.7,NNE,825227881.924268,595649171.825,1093616452.875,788
0.4,0.7,DS Juv = 0.7,SNE,7367916.02824976,4929733.075,9815236.1,122
0.4,0.7,DS Juv = 0.8,MAT,71598045.2288944,47663292.25,93880890.175,533
0.4,0.7,DS Juv = 0.8,NNE,842065999.456776,603276658.95,1072253475.65,804
0.4,0.7,DS Juv = 0.8,SNE,7787520.79699485,5308667.55,10372596.625,158
0.4,0.7,DS Juv = 0.9,MAT,75984849.3382626,55403179.025,100154569.175,562
0.4,0.7,DS Juv = 0.9,NNE,858893355.99465,638673532.85,1073198590.65,814
0.4,0.7,DS Juv = 0.9,SNE,7975895.86803039,5676773.35,10340799.025,142
0.4,0.7,DS Juv = 1,MAT,78535481.8438419,56770468.425,101785639.6,555
0.4,0.7,DS Juv = 1,NNE,853804825.315999,593363706.075,1119095312.75,841
0.4,0.7,DS Juv = 1,SNE,8901012.776341,6294207.325,12250473.025,133
0.4,0.8,DS Juv = 0,MAT,64075263.6164074,46054231.275,83280095.225,570
0.4,0.8,DS Juv = 0,NNE,799701443.586256,577982140.175,1011545466.075,811
0.4,0.8,DS Juv = 0,SNE,6049613.75193237,4168113.3,8305927.275,119
0.4,0.8,DS Juv = 0.1,MAT,64623724.6668124,44727505.925,81827200.2,580
0.4,0.8,DS Juv = 0.1,NNE,791229094.695911,556460469.45,1038509968.2,832
0.4,0.8,DS Juv = 0.1,SNE,6001784.96804122,4118715.825,8198326.175,153
0.4,0.8,DS Juv = 0.2,MAT,64203878.6121296,43855737.475,84435901.575,504
0.4,0.8,DS Juv = 0.2,NNE,789628003.610244,584156980.25,1008167286.8,802
0.4,0.8,DS Juv = 0.2,SNE,6275235.92179803,4496319.9,8110699.575,138
0.4,0.8,DS Juv = 0.3,MAT,66901531.0340602,45741362.675,88873119.375,500
0.4,0.8,DS Juv = 0.3,NNE,808464536.846131,598269933.85,1030014608.25,855
0.4,0.8,DS Juv = 0.3,SNE,6454226.47952854,4414658.5,8442211.45,139
0.4,0.8,DS Juv = 0.4,MAT,67665586.836223,49140839.625,90388396.725,551
0.4,0.8,DS Juv = 0.4,NNE,825959905.906277,581543539.675,1044785803.3,854
0.4,0.8,DS Juv = 0.4,SNE,6872638.60259569,4866960.675,9427593.45,104
0.4,0.8,DS Juv = 0.5,MAT,69580799.1325831,48345119.95,92592801.6,528
0.4,0.8,DS Juv = 0.5,NNE,828502193.337277,602951029.85,1096349433.25,858
0.4,0.8,DS Juv = 0.5,SNE,7178330.14267677,4682213.15,9864606.85,151
0.4,0.8,DS Juv = 0.6,MAT,71039636.1339426,49510179.6,93365024.825,558
0.4,0.8,DS Juv = 0.6,NNE,829363348.372779,614886751.7,1071188557.275,814
0.4,0.8,DS Juv = 0.6,SNE,7344490.61213786,4290559.4,9771711.8,139
0.4,0.8,DS Juv = 0.7,MAT,73836927.2952841,50398275,97017652.025,544
0.4,0.8,DS Juv = 0.7,NNE,853382340.825294,623502462.05,1093439092.15,787
0.4,0.8,DS Juv = 0.7,SNE,7851861.26895051,5459478.825,10136117.175,142
0.4,0.8,DS Juv = 0.8,MAT,76084877.6794146,54706922.475,101505184.725,534
0.4,0.8,DS Juv = 0.8,NNE,844440755.915716,620212858.45,1100209835.85,835
0.4,0.8,DS Juv = 0.8,SNE,7828300.48646418,5230069.55,10864317.275,141
0.4,0.8,DS Juv = 0.9,MAT,78443299.6657848,55733668.425,102418573.4,530
0.4,0.8,DS Juv = 0.9,NNE,877204110.735641,644276504.7,1102112466.775,837
0.4,0.8,DS Juv = 0.9,SNE,8651936.40527511,6167461.1,11196265.1,134
0.4,0.8,DS Juv = 1,MAT,79375788.2347994,56115429.525,101433181.425,540
0.4,0.8,DS Juv = 1,NNE,900706526.353401,676800266.5,1166178636.575,840
0.4,0.8,DS Juv = 1,SNE,8962030.35172265,6349127.55,11940645.2,138
0.4,0.9,DS Juv = 0,MAT,65060066.5732921,47119896.6,84943875.625,566
0.4,0.9,DS Juv = 0,NNE,807923137.479393,587478263.1,1018496523.1,845
0.4,0.9,DS Juv = 0,SNE,6399093.32068782,4665330.05,8188746.525,123
0.4,0.9,DS Juv = 0.1,MAT,65312477.1618766,46189578.175,83848053.9,575
0.4,0.9,DS Juv = 0.1,NNE,800454146.137843,577572115.75,1028416006.2,845
0.4,0.9,DS Juv = 0.1,SNE,6456976.47668651,4589287.5,8252554.05,141
0.4,0.9,DS Juv = 0.2,MAT,67189263.2003497,48634816.775,87382536.2,515
0.4,0.9,DS Juv = 0.2,NNE,817418194.43644,603337891.95,1054350909.2,815
0.4,0.9,DS Juv = 0.2,SNE,6597707.83900157,4639223.875,8842010.675,136
0.4,0.9,DS Juv = 0.3,MAT,66564977.2677497,48766242.6,84557723.975,510
0.4,0.9,DS Juv = 0.3,NNE,827261822.150429,595485588.95,1036143631.225,859
0.4,0.9,DS Juv = 0.3,SNE,6906602.76571671,4793437.725,8962714.75,134
0.4,0.9,DS Juv = 0.4,MAT,69762877.296982,48603354.25,90663617,552
0.4,0.9,DS Juv = 0.4,NNE,819489164.921992,582202011.7,1043796279.125,805
0.4,0.9,DS Juv = 0.4,SNE,7202561.60930736,5102085.9,10253662.35,137
0.4,0.9,DS Juv = 0.5,MAT,71870864.5841869,50022468.75,91009960.525,550
0.4,0.9,DS Juv = 0.5,NNE,839398542.650983,591977282.575,1087211055.45,869
0.4,0.9,DS Juv = 0.5,SNE,7392852.57943716,4928749.35,9974454.05,140
0.4,0.9,DS Juv = 0.6,MAT,72299525.19618,51265579.725,94406170.625,544
0.4,0.9,DS Juv = 0.6,NNE,849816391.247788,602061038,1089784595.725,827
0.4,0.9,DS Juv = 0.6,SNE,7742237.83119826,5367658.9,10215487.475,135
0.4,0.9,DS Juv = 0.7,MAT,76510658.9882966,53616313.275,100217803.3,550
0.4,0.9,DS Juv = 0.7,NNE,837058886.483415,585659231.425,1104393962.9,783
0.4,0.9,DS Juv = 0.7,SNE,8509675.2877782,5919052.325,11948641.575,137
0.4,0.9,DS Juv = 0.8,MAT,77377845.4730332,57043561.9,98298955.875,511
0.4,0.9,DS Juv = 0.8,NNE,858692159.409583,613651836.6,1113455308.525,860
0.4,0.9,DS Juv = 0.8,SNE,8515667.06602269,6003520.35,11525102.6,138
0.4,0.9,DS Juv = 0.9,MAT,79320341.5719375,56014757.675,101362726.75,540
0.4,0.9,DS Juv = 0.9,NNE,866933263.594631,636922151.025,1119200432.225,845
0.4,0.9,DS Juv = 0.9,SNE,8985305.44767712,6631057.175,11718207.425,131
0.4,0.9,DS Juv = 1,MAT,82601944.2993818,60421183.725,106895095.925,568
0.4,0.9,DS Juv = 1,NNE,902299346.77516,653198927.725,1170795052.575,841
0.4,0.9,DS Juv = 1,SNE,9701149.99175844,7042498.8,12902868.35,146
0.4,1,DS Juv = 0,MAT,65333923.3627944,44832536.675,85682566.7,505
0.4,1,DS Juv = 0,NNE,825259924.817542,612171621.55,1050791669.475,810
0.4,1,DS Juv = 0,SNE,6389333.17319396,4441017.9,8823651.35,133
0.4,1,DS Juv = 0.1,MAT,68507770.1335152,48543325.775,91090066.625,548
0.4,1,DS Juv = 0.1,NNE,811956674.658254,584095936.5,1026431257.725,800
0.4,1,DS Juv = 0.1,SNE,6910950.25951087,4958440.375,9073990.1,149
0.4,1,DS Juv = 0.2,MAT,70514852.8714621,51151083.2,93656001.625,566
0.4,1,DS Juv = 0.2,NNE,826318569.223678,599850232.25,1128982876.025,813
0.4,1,DS Juv = 0.2,SNE,7028314.36358163,4233935.675,9160594.45,145
0.4,1,DS Juv = 0.3,MAT,70035304.8334345,50040407.625,90456052.4,550
0.4,1,DS Juv = 0.3,NNE,835569021.130816,603052258.15,1048171615.325,812
0.4,1,DS Juv = 0.3,SNE,6978143.11777367,4610233.975,9292567.675,148
0.4,1,DS Juv = 0.4,MAT,73031561.0951492,52364337.825,97464501.25,560
0.4,1,DS Juv = 0.4,NNE,832644554.765012,573686432.4,1063014583.275,855
0.4,1,DS Juv = 0.4,SNE,7712284.50209382,5626789,9956160.675,120
0.4,1,DS Juv = 0.5,MAT,73478102.6785042,52725409.875,96107380.45,556
0.4,1,DS Juv = 0.5,NNE,845044195.508724,607886408.225,1064896893.85,791
0.4,1,DS Juv = 0.5,SNE,7977366.49330865,6105567.3,10281508.425,126
0.4,1,DS Juv = 0.6,MAT,77787658.6351642,57133379.375,100395012.025,532
0.4,1,DS Juv = 0.6,NNE,858561582.383082,606006944.8,1129258877.725,822
0.4,1,DS Juv = 0.6,SNE,8228186.85877282,5642908.475,11047312.8,144
0.4,1,DS Juv = 0.7,MAT,78631137.5981344,53089754.45,102058432.075,524
0.4,1,DS Juv = 0.7,NNE,860208789.388143,619395248.4,1092674366.275,855
0.4,1,DS Juv = 0.7,SNE,8577301.80288773,5807354.8,11534007.15,151
0.4,1,DS Juv = 0.8,MAT,80307162.9692605,56898702.525,105047047.75,543
0.4,1,DS Juv = 0.8,NNE,878106867.415822,593807432.85,1179069667.425,892
0.4,1,DS Juv = 0.8,SNE,9333036.2197607,6144346.175,11779144.875,125
0.4,1,DS Juv = 0.9,MAT,83828167.6185058,58628739.025,111555313.425,582
0.4,1,DS Juv = 0.9,NNE,873983230.248966,634159802.15,1128897970.3,814
0.4,1,DS Juv = 0.9,SNE,9216233.26415284,6648442.4,12435053.55,130
0.4,1,DS Juv = 1,MAT,87161507.8275011,60863986.7,114382063.125,594
0.4,1,DS Juv = 1,NNE,894012246.853547,655720123.15,1150955072.475,856
0.4,1,DS Juv = 1,SNE,9830648.24371439,7284749.55,12384672.825,145
0.5,0,DS Juv = 0,MAT,50131839.5219308,36101278.1,65268804.525,532
0.5,0,DS Juv = 0,NNE,736828304.807407,542134376.325,934385553.475,853
0.5,0,DS Juv = 0,SNE,4356775.11499879,2887310.65,5885540.4,140
0.5,0,DS Juv = 0.1,MAT,50931116.9902928,34787150,68451422.825,542
0.5,0,DS Juv = 0.1,NNE,741681147.107703,526423552.95,924846080.15,890
0.5,0,DS Juv = 0.1,SNE,4495682.53966062,2638577.175,6397153.9,136
0.5,0,DS Juv = 0.2,MAT,52591284.9899766,36812851.95,68509984.05,522
0.5,0,DS Juv = 0.2,NNE,745091205.078293,560767691.05,959682052.55,840
0.5,0,DS Juv = 0.2,SNE,4794889.29021368,3338060.4,6354947.425,124
0.5,0,DS Juv = 0.3,MAT,54372126.1357722,38308091.45,71463168.35,534
0.5,0,DS Juv = 0.3,NNE,758934030.145856,526001718.1,964026350.475,772
0.5,0,DS Juv = 0.3,SNE,4899333.35356794,3066301.85,6502948.725,132
0.5,0,DS Juv = 0.4,MAT,56231370.1305118,39784833.825,72820498.4,544
0.5,0,DS Juv = 0.4,NNE,756049438.492364,524756512.875,1001262629.7,844
0.5,0,DS Juv = 0.4,SNE,5225085.53997461,3472442.75,7188990.525,123
0.5,0,DS Juv = 0.5,MAT,58003405.6988124,41664968.775,75831829.5,511
0.5,0,DS Juv = 0.5,NNE,758262556.578221,533037343.475,994785142.075,870
0.5,0,DS Juv = 0.5,SNE,5431913.45576923,3536166.075,7198160.125,120
0.5,0,DS Juv = 0.6,MAT,59368600.7678251,43205095.575,79569604.1,539
0.5,0,DS Juv = 0.6,NNE,773799203.464405,541432530.75,982577140.95,839
0.5,0,DS Juv = 0.6,SNE,5628662.6147843,3459733.75,7451349.15,126
0.5,0,DS Juv = 0.7,MAT,62516069.1499743,43051441.725,83951414.375,517
0.5,0,DS Juv = 0.7,NNE,792438900.074319,534404560.575,1047373696.9,872
0.5,0,DS Juv = 0.7,SNE,6008737.76457412,4089485.85,8259872.325,132
0.5,0,DS Juv = 0.8,MAT,64193740.5141061,45645927.025,85858009.075,543
0.5,0,DS Juv = 0.8,NNE,801032319.403222,562225137.575,1039385580.6,801
0.5,0,DS Juv = 0.8,SNE,6698918.49066253,4450881,8723838.75,133
0.5,0,DS Juv = 0.9,MAT,66654323.6876836,46839740.4,88682441.3,507
0.5,0,DS Juv = 0.9,NNE,823221017.893077,568805555.55,1065196986,808
0.5,0,DS Juv = 0.9,SNE,6959494.04536627,4762851.45,9094979.15,137
0.5,0,DS Juv = 1,MAT,68691287.5974715,49797311.6,92011156.675,536
0.5,0,DS Juv = 1,NNE,824260132.987883,592532766.35,1069878145.625,851
0.5,0,DS Juv = 1,SNE,7839582.41069597,5386981.9,10178018.475,127
0.5,0.1,DS Juv = 0,MAT,52678523.7039436,33671735.15,71446267.8,574
0.5,0.1,DS Juv = 0,NNE,732535041.068214,483553379.25,959543777.325,883
0.5,0.1,DS Juv = 0,SNE,4275854.76903055,2752261,5900768.875,142
0.5,0.1,DS Juv = 0.1,MAT,52910414.2150476,38465054.175,68982944.55,514
0.5,0.1,DS Juv = 0.1,NNE,748364807.933404,542737710.325,968620910,862
0.5,0.1,DS Juv = 0.1,SNE,4553607.85760915,3024078.775,6066502.95,148
0.5,0.1,DS Juv = 0.2,MAT,53969221.1291484,37660226.7,72019376.275,542
0.5,0.1,DS Juv = 0.2,NNE,755851674.971992,525698305.6,985592545.025,830
0.5,0.1,DS Juv = 0.2,SNE,4490580.20775592,2459343.775,6208111.275,139
0.5,0.1,DS Juv = 0.3,MAT,55161779.1295771,40011199.5,72264045.3,519
0.5,0.1,DS Juv = 0.3,NNE,769767323.399551,545915024.9,1043175393.725,824
0.5,0.1,DS Juv = 0.3,SNE,5247557.85171354,3425545.225,6973761.825,143
0.5,0.1,DS Juv = 0.4,MAT,56135529.4930225,37920838.4,73753928.425,545
0.5,0.1,DS Juv = 0.4,NNE,755151771.880627,562567892.275,956759101,776
0.5,0.1,DS Juv = 0.4,SNE,5270453.81590734,3695517.675,7340552.875,131
0.5,0.1,DS Juv = 0.5,MAT,58346220.3464902,37841851.175,77832800.85,567
0.5,0.1,DS Juv = 0.5,NNE,750641846.043708,526704431.1,958188712.85,853
0.5,0.1,DS Juv = 0.5,SNE,5588973.28460039,3866306.875,7638250.1,115
0.5,0.1,DS Juv = 0.6,MAT,61551147.5576232,43039699.675,80473808.25,552
0.5,0.1,DS Juv = 0.6,NNE,776937898.512197,580660455.7,999531430.575,783
0.5,0.1,DS Juv = 0.6,SNE,5896772.14699927,3820858.575,7456027.675,147
0.5,0.1,DS Juv = 0.7,MAT,62995364.6725336,46011955.2,82234307.3,548
0.5,0.1,DS Juv = 0.7,NNE,792110920.588933,544452975.225,1020312100.15,850
0.5,0.1,DS Juv = 0.7,SNE,6142291.35619151,3936204.875,8399941.4,121
0.5,0.1,DS Juv = 0.8,MAT,65281480.0295993,47258523.325,84892082.325,554
0.5,0.1,DS Juv = 0.8,NNE,811417741.087712,570891805.025,1070230368.65,882
0.5,0.1,DS Juv = 0.8,SNE,6232924.74921537,4493945.8,8375463,138
0.5,0.1,DS Juv = 0.9,MAT,67569909.6691875,49194666.95,83490038.575,501
0.5,0.1,DS Juv = 0.9,NNE,812636346.856565,583364900.325,1051307178.475,829
0.5,0.1,DS Juv = 0.9,SNE,7308518.44230769,4869393.25,9937761.025,146
0.5,0.1,DS Juv = 1,MAT,71305814.4258311,49394627.1,93812222.45,542
0.5,0.1,DS Juv = 1,NNE,836526991.35838,584700311.65,1087777860.95,826
0.5,0.1,DS Juv = 1,SNE,7852412.95339917,5474175.175,10462890.4,162
0.5,0.2,DS Juv = 0,MAT,52079735.1010751,35162119.35,67321108.175,530
0.5,0.2,DS Juv = 0,NNE,723482109.285988,462243430.65,975293594.275,849
0.5,0.2,DS Juv = 0,SNE,4156664.07113593,2655711.15,5677916.625,129
0.5,0.2,DS Juv = 0.1,MAT,53484783.4807595,36384935.375,70867096,529
0.5,0.2,DS Juv = 0.1,NNE,759423645.953183,544866199.95,985486452.575,807
0.5,0.2,DS Juv = 0.1,SNE,4547887.59159799,2978451.5,5971561.15,127
0.5,0.2,DS Juv = 0.2,MAT,54959903.0681854,36728629.7,73146751.9,558
0.5,0.2,DS Juv = 0.2,NNE,746013273.921707,517630738.825,972812178.5,825
0.5,0.2,DS Juv = 0.2,SNE,4827804.28509624,2825730.775,6633268.475,140
0.5,0.2,DS Juv = 0.3,MAT,55959070.7917914,39453615.65,74142873.25,514
0.5,0.2,DS Juv = 0.3,NNE,769560946.195073,549750278.625,1011324178.625,845
0.5,0.2,DS Juv = 0.3,SNE,4994433.55154646,3258190.525,7049858.1,156
0.5,0.2,DS Juv = 0.4,MAT,58883113.1485581,41852655.175,76803617.075,550
0.5,0.2,DS Juv = 0.4,NNE,772390054.709211,537676744.625,1007755835.9,808
0.5,0.2,DS Juv = 0.4,SNE,5345921.49620681,3429766.1,7205644.825,127
0.5,0.2,DS Juv = 0.5,MAT,59082319.4606622,38999494.725,77043662.775,514
0.5,0.2,DS Juv = 0.5,NNE,787832532.902905,579900315.6,1013349797.575,842
0.5,0.2,DS Juv = 0.5,SNE,5465105.01437233,3867172.775,7285715.9,126
0.5,0.2,DS Juv = 0.6,MAT,63494009.8522501,45196054.15,83084234.175,504
0.5,0.2,DS Juv = 0.6,NNE,782436844.815619,508226534.2,1011207125.6,861
0.5,0.2,DS Juv = 0.6,SNE,6017659.53767677,4027634.05,8288739.45,133
0.5,0.2,DS Juv = 0.7,MAT,64699514.7946615,45059378.175,84694911.85,570
0.5,0.2,DS Juv = 0.7,NNE,806897795.979991,598067450.075,1032201705.725,845
0.5,0.2,DS Juv = 0.7,SNE,6404483.71866693,3908956.95,8392801.5,123
0.5,0.2,DS Juv = 0.8,MAT,66349193.1550269,45055011.625,87350688.975,505
0.5,0.2,DS Juv = 0.8,NNE,807706999.061349,569645103.05,1065598663.55,859
0.5,0.2,DS Juv = 0.8,SNE,6978720.1565735,5011746.05,9527379.45,138
0.5,0.2,DS Juv = 0.9,MAT,69570457.8239015,49404074.475,92332612.425,515
0.5,0.2,DS Juv = 0.9,NNE,828493186.721838,607339411.45,1063374552.3,788
0.5,0.2,DS Juv = 0.9,SNE,7024617.50746483,4556125.25,9338128.675,139
0.5,0.2,DS Juv = 1,MAT,72516316.4904927,50752299.425,97075404.675,531
0.5,0.2,DS Juv = 1,NNE,856723373.605415,584215782.325,1094166278.875,807
0.5,0.2,DS Juv = 1,SNE,8078846.26429513,6126518.9,10917405.35,128
0.5,0.3,DS Juv = 0,MAT,52887462.0637828,36640430.475,71559433.575,549
0.5,0.3,DS Juv = 0,NNE,750795175.359691,529381768.175,978713492.45,878
0.5,0.3,DS Juv = 0,SNE,4471822.24285714,2842801.225,6010837.75,142
0.5,0.3,DS Juv = 0.1,MAT,54427582.4642233,35967799.25,73959943.025,545
0.5,0.3,DS Juv = 0.1,NNE,728036336.070704,515555256.95,963145470.2,842
0.5,0.3,DS Juv = 0.1,SNE,4571043.9349034,3328229.675,6016967.35,138
0.5,0.3,DS Juv = 0.2,MAT,55909734.9697606,38889988.675,74253388.5,556
0.5,0.3,DS Juv = 0.2,NNE,777081807.929019,540594803.45,1010595924.7,857
0.5,0.3,DS Juv = 0.2,SNE,5008745.93141026,3337739.15,7136343.1,115
0.5,0.3,DS Juv = 0.3,MAT,58574903.2920076,41614574.175,79109137.975,520
0.5,0.3,DS Juv = 0.3,NNE,774122942.167152,524270710.85,1001938641.525,875
0.5,0.3,DS Juv = 0.3,SNE,5258935.0404662,3397569.925,7066745.85,122
0.5,0.3,DS Juv = 0.4,MAT,57761579.5140023,40290405,75769827.625,529
0.5,0.3,DS Juv = 0.4,NNE,784528310.317014,579510249.125,1016310914.875,825
0.5,0.3,DS Juv = 0.4,SNE,5402641.80654808,3728857.75,7013788.225,122
0.5,0.3,DS Juv = 0.5,MAT,61848336.8800962,45006083.9,80908620.4,515
0.5,0.3,DS Juv = 0.5,NNE,785156253.986533,545806772.525,1040697023.575,827
0.5,0.3,DS Juv = 0.5,SNE,5738621.13681501,3968173.5,7697289.15,123
0.5,0.3,DS Juv = 0.6,MAT,64352673.07457,45478939.375,85112438.175,553
0.5,0.3,DS Juv = 0.6,NNE,787277118.372209,573298979.25,987148702.3,852
0.5,0.3,DS Juv = 0.6,SNE,5761462.54757936,3622479.825,7496383.375,117
0.5,0.3,DS Juv = 0.7,MAT,64374795.8972332,45673540.75,84485757.85,511
0.5,0.3,DS Juv = 0.7,NNE,826020289.200404,588550325.525,1054168616.75,830
0.5,0.3,DS Juv = 0.7,SNE,6702747.92324561,4210405.275,9164014.95,126
0.5,0.3,DS Juv = 0.8,MAT,67744683.5914789,49074978.725,89635465.625,537
0.5,0.3,DS Juv = 0.8,NNE,820708047.606609,592328881.55,1052139273.175,835
0.5,0.3,DS Juv = 0.8,SNE,7196707.26393957,5385772.725,9470273.825,137
0.5,0.3,DS Juv = 0.9,MAT,70653612.9968826,50825922.25,93277539.65,522
0.5,0.3,DS Juv = 0.9,NNE,832287424.064188,569439524.25,1108424083.35,826
0.5,0.3,DS Juv = 0.9,SNE,7273017.68194306,4983262.175,9913188.45,149
0.5,0.3,DS Juv = 1,MAT,74225462.1432899,52359573.375,98256524.1,511
0.5,0.3,DS Juv = 1,NNE,860615608.536389,627306314.2,1119592639.475,835
0.5,0.3,DS Juv = 1,SNE,8292943.33871076,5427328.025,11387884.45,129
0.5,0.4,DS Juv = 0,MAT,54029444.4097678,35586808.475,73383777.7,544
0.5,0.4,DS Juv = 0,NNE,742000255.700526,523740551.55,967182099.875,868
0.5,0.4,DS Juv = 0,SNE,4565575.10729805,2761668.125,6627148.075,134
0.5,0.4,DS Juv = 0.1,MAT,54971582.5583442,39595709.25,73185332.85,529
0.5,0.4,DS Juv = 0.1,NNE,741669815.293679,521953284.725,977001360.875,833
0.5,0.4,DS Juv = 0.1,SNE,4983785.77955438,3391748.5,7019666.05,152
0.5,0.4,DS Juv = 0.2,MAT,57309144.2844903,40845473.175,76720219.9,531
0.5,0.4,DS Juv = 0.2,NNE,773066475.534886,547740458.525,1031905217.125,876
0.5,0.4,DS Juv = 0.2,SNE,5218555.27918544,3572746.85,7428847.975,171
0.5,0.4,DS Juv = 0.3,MAT,58612433.4328662,38312762.725,76031303.625,533
0.5,0.4,DS Juv = 0.3,NNE,749759242.217072,519854008,974505818.95,822
0.5,0.4,DS Juv = 0.3,SNE,5357658.88597424,3385208.35,7249062.525,131
0.5,0.4,DS Juv = 0.4,MAT,60252054.1053793,40774179.7,80105256.625,513
0.5,0.4,DS Juv = 0.4,NNE,775924439.235059,567732051.85,1023150724.025,841
0.5,0.4,DS Juv = 0.4,SNE,5815747.06638967,3949768,8621144.975,135
0.5,0.4,DS Juv = 0.5,MAT,63118250.6041034,44556984.375,85180831.275,540
0.5,0.4,DS Juv = 0.5,NNE,792674845.197068,557208890.95,1018444257,827
0.5,0.4,DS Juv = 0.5,SNE,6026452.25688255,3842157.175,7890114.375,148
0.5,0.4,DS Juv = 0.6,MAT,64298520.3070481,43792904.7,84721274.95,515
0.5,0.4,DS Juv = 0.6,NNE,789151990.470715,560461587.45,1024898234.425,763
0.5,0.4,DS Juv = 0.6,SNE,5965822.97118342,3464621,8340182.6,141
0.5,0.4,DS Juv = 0.7,MAT,67413868.7037965,47134560.425,87055317.6,524
0.5,0.4,DS Juv = 0.7,NNE,798889688.865785,584097003.55,1008421153.175,860
0.5,0.4,DS Juv = 0.7,SNE,6843633.59769585,4664306.9,9257797.55,116
0.5,0.4,DS Juv = 0.8,MAT,68813347.0708555,47094642.75,89713396,517
0.5,0.4,DS Juv = 0.8,NNE,814967303.699105,573439537.075,1054786913.875,818
0.5,0.4,DS Juv = 0.8,SNE,7193097.82386584,5294539.15,9601040.8,137
0.5,0.4,DS Juv = 0.9,MAT,73041250.2353262,52839395.025,95357567.175,584
0.5,0.4,DS Juv = 0.9,NNE,831395223.302848,576071575.15,1071599202.375,806
0.5,0.4,DS Juv = 0.9,SNE,7968304.49140729,5222334.975,11427629.225,153
0.5,0.4,DS Juv = 1,MAT,76642489.276002,55055182.35,101206419.475,560
0.5,0.4,DS Juv = 1,NNE,853527919.36155,620369467.125,1131974859.4,822
0.5,0.4,DS Juv = 1,SNE,8329495.56851799,5898859.375,10921299.175,151
0.5,0.5,DS Juv = 0,MAT,55591322.1782828,40165058.325,73033723.375,543
0.5,0.5,DS Juv = 0,NNE,779600384.477795,570778340.85,1018488585.025,832
0.5,0.5,DS Juv = 0,SNE,4754103.09143045,3344561.675,6405685.025,111
0.5,0.5,DS Juv = 0.1,MAT,57779039.6895618,41418308.7,75007053.15,528
0.5,0.5,DS Juv = 0.1,NNE,770802887.829403,545409113.4,972039464.75,870
0.5,0.5,DS Juv = 0.1,SNE,5074889.72901455,3347044.525,6345627.525,138
0.5,0.5,DS Juv = 0.2,MAT,57762161.0213357,39873662.525,74953243.225,541
0.5,0.5,DS Juv = 0.2,NNE,775349417.974561,545835807.375,1021455852.9,827
0.5,0.5,DS Juv = 0.2,SNE,5115890.24654558,3330960.05,6923779.55,131
0.5,0.5,DS Juv = 0.3,MAT,59325107.2015459,41982873.1,78891276.7,506
0.5,0.5,DS Juv = 0.3,NNE,779566567.760894,579530674.975,1005070409.525,817
0.5,0.5,DS Juv = 0.3,SNE,5560434.2960328,3743367.225,8074617.075,136
0.5,0.5,DS Juv = 0.4,MAT,62108438.5728349,43403917.525,81979509.3,571
0.5,0.5,DS Juv = 0.4,NNE,778106826.596494,557867953.025,1031906662.4,827
0.5,0.5,DS Juv = 0.4,SNE,5736082.6528434,3597341.475,7605595.75,133
0.5,0.5,DS Juv = 0.5,MAT,65067497.0309423,48495648.75,83599819.2,534
0.5,0.5,DS Juv = 0.5,NNE,790118093.592119,585022987.025,1015638056.45,780
0.5,0.5,DS Juv = 0.5,SNE,6065642.66314516,4033938.5,8470452.5,136
0.5,0.5,DS Juv = 0.6,MAT,65957646.7674144,43766847.425,87635026.725,544
0.5,0.5,DS Juv = 0.6,NNE,805636910.503504,548744479.575,1057197503.225,831
0.5,0.5,DS Juv = 0.6,SNE,6404554.36207626,4052615.525,9194777.575,129
0.5,0.5,DS Juv = 0.7,MAT,68607792.5624955,47209839.35,89817734.175,531
0.5,0.5,DS Juv = 0.7,NNE,801095894.918447,550065344,1024185806.85,807
0.5,0.5,DS Juv = 0.7,SNE,7174480.55817736,4417576.675,9860969.575,145
0.5,0.5,DS Juv = 0.8,MAT,70891785.1528633,49307276.925,93547794.425,552
0.5,0.5,DS Juv = 0.8,NNE,839996111.154165,613146257.2,1088309967.475,868
0.5,0.5,DS Juv = 0.8,SNE,7191581.12883658,4613156.3,9886580.825,136
0.5,0.5,DS Juv = 0.9,MAT,74617922.3440578,55180936.175,96569044.825,522
0.5,0.5,DS Juv = 0.9,NNE,862481586.690274,622847973.55,1095094580.05,837
0.5,0.5,DS Juv = 0.9,SNE,8177318.8631005,5370408.575,11020023.85,141
0.5,0.5,DS Juv = 1,MAT,77459571.4939409,52672441,99723324.15,553
0.5,0.5,DS Juv = 1,NNE,866998189.327648,655706846.825,1102271289.55,842
0.5,0.5,DS Juv = 1,SNE,8952978.54906602,6193654.5,11766052.625,120
0.5,0.6,DS Juv = 0,MAT,59138598.9223858,44161986.65,77026621.5,542
0.5,0.6,DS Juv = 0,NNE,762978965.638104,548264949.75,983092709.675,858
0.5,0.6,DS Juv = 0,SNE,4715405.49957385,3195480.525,6334793.075,131
0.5,0.6,DS Juv = 0.1,MAT,58390937.1115688,42359813.775,76655932.575,503
0.5,0.6,DS Juv = 0.1,NNE,756105813.179546,531532923.1,970509683.425,840
0.5,0.6,DS Juv = 0.1,SNE,5273277.97973114,3937334.8,7166863.425,140
0.5,0.6,DS Juv = 0.2,MAT,61068253.9106944,42879617.775,80548584.65,530
0.5,0.6,DS Juv = 0.2,NNE,791380968.389765,575452055.2,1001415030.075,861
0.5,0.6,DS Juv = 0.2,SNE,5498248.54470899,3632495.3,7531567.4,116
0.5,0.6,DS Juv = 0.3,MAT,61329618.4111233,42845657.575,81389287.925,541
0.5,0.6,DS Juv = 0.3,NNE,781776134.625804,544273785.725,981739268.55,815
0.5,0.6,DS Juv = 0.3,SNE,5845438.82368229,3674585.225,8316949.9,141
0.5,0.6,DS Juv = 0.4,MAT,63641545.5968052,43612029.275,85287696.375,525
0.5,0.6,DS Juv = 0.4,NNE,781914637.415569,557981109.075,989979914.875,806
0.5,0.6,DS Juv = 0.4,SNE,5971634.54353408,4067647.125,7965382.425,125
0.5,0.6,DS Juv = 0.5,MAT,65249809.3995621,46282926.925,85117310.075,542
0.5,0.6,DS Juv = 0.5,NNE,810077083.123011,544905113.05,1095004970.5,856
0.5,0.6,DS Juv = 0.5,SNE,6414557.68071341,4226578.2,8893657.65,139
0.5,0.6,DS Juv = 0.6,MAT,67351008.3321671,47889927.9,87309400.925,536
0.5,0.6,DS Juv = 0.6,NNE,800625350.733363,565775629.3,1035413950.6,826
0.5,0.6,DS Juv = 0.6,SNE,6636335.54574474,4024245.775,8685990.275,146
0.5,0.6,DS Juv = 0.7,MAT,69480154.5752259,46596018.025,92830354.675,531
0.5,0.6,DS Juv = 0.7,NNE,837013481.217786,613343628.575,1082402743.375,845
0.5,0.6,DS Juv = 0.7,SNE,7225083.05204708,5136511.35,9599996.65,142
0.5,0.6,DS Juv = 0.8,MAT,73525846.0401665,49796663.8,97156837.725,520
0.5,0.6,DS Juv = 0.8,NNE,851918219.385207,632152868.925,1064538622.075,887
0.5,0.6,DS Juv = 0.8,SNE,7686456.95171299,5475806.775,10026998.05,137
0.5,0.6,DS Juv = 0.9,MAT,76126524.702261,53674413.4,97352979.25,571
0.5,0.6,DS Juv = 0.9,NNE,856992181.747924,579933999.85,1115418311.125,841
0.5,0.6,DS Juv = 0.9,SNE,8252444.01346653,5325153.075,11112077.25,107
0.5,0.6,DS Juv = 1,MAT,79134501.2175412,55115666.025,102244541.9,485
0.5,0.6,DS Juv = 1,NNE,862713342.509613,631939170.925,1083539895.775,811
0.5,0.6,DS Juv = 1,SNE,9173808.37252106,6571989.075,12203905.45,151
0.5,0.7,DS Juv = 0,MAT,59660824.0216367,43000011.05,77933101.175,496
0.5,0.7,DS Juv = 0,NNE,774388106.607902,557089833.025,1006312939.425,846
0.5,0.7,DS Juv = 0,SNE,5178820.64513305,3132442.975,6500995.9,107
0.5,0.7,DS Juv = 0.1,MAT,61304435.2677546,40652215.85,81656088.575,578
0.5,0.7,DS Juv = 0.1,NNE,767236742.638113,497664539.95,979745731.9,790
0.5,0.7,DS Juv = 0.1,SNE,5617079.30877683,3526979.125,7612899.65,134
0.5,0.7,DS Juv = 0.2,MAT,62141678.7764343,42718328.475,83215856.875,579
0.5,0.7,DS Juv = 0.2,NNE,789903216.974285,566064407.725,1018801492.6,826
0.5,0.7,DS Juv = 0.2,SNE,5515143.1329987,3673823.925,7633821.95,156
0.5,0.7,DS Juv = 0.3,MAT,64484256.4012313,46652852.525,82914808.325,532
0.5,0.7,DS Juv = 0.3,NNE,815145286.114635,583558382.375,1047334433.925,810
0.5,0.7,DS Juv = 0.3,SNE,6215906.23788767,4007811.55,7893857.075,131
0.5,0.7,DS Juv = 0.4,MAT,66332631.321009,47712150.7,89602507.55,507
0.5,0.7,DS Juv = 0.4,NNE,809888790.720812,569421131.75,1064247749.85,789
0.5,0.7,DS Juv = 0.4,SNE,6092873.77070591,3756510.3,8139793.075,136
0.5,0.7,DS Juv = 0.5,MAT,68784517.2059119,47921277.4,88607124.025,542
0.5,0.7,DS Juv = 0.5,NNE,790852960.764136,562661885.75,1045365031.8,844
0.5,0.7,DS Juv = 0.5,SNE,6504378.11811464,4239822.825,9098464.85,133
0.5,0.7,DS Juv = 0.6,MAT,69733193.7448549,45258937.175,93115146.925,569
0.5,0.7,DS Juv = 0.6,NNE,815050040.098021,571089872.475,1079815800.15,840
0.5,0.7,DS Juv = 0.6,SNE,7387883.17060955,5879420.55,9329604.8,102
0.5,0.7,DS Juv = 0.7,MAT,73819672.9827301,53764937.9,95985046.25,563
0.5,0.7,DS Juv = 0.7,NNE,835240412.981736,583258666.7,1090780959.475,873
0.5,0.7,DS Juv = 0.7,SNE,7725133.63985173,5438752.15,10385786.975,133
0.5,0.7,DS Juv = 0.8,MAT,76064369.3152411,54267593.275,98822389.8,540
0.5,0.7,DS Juv = 0.8,NNE,850560943.340827,624929068.25,1086159434.275,899
0.5,0.7,DS Juv = 0.8,SNE,8365191.31994454,5761016.2,11149959.85,133
0.5,0.7,DS Juv = 0.9,MAT,79797941.7179957,57606293.6,104273590.6,532
0.5,0.7,DS Juv = 0.9,NNE,854067168.318889,599933914.15,1105875949.35,825
0.5,0.7,DS Juv = 0.9,SNE,8783884.95363257,6461100.45,11867775.2,121
0.5,0.7,DS Juv = 1,MAT,81634279.1440754,56219496.625,106222420.25,487
0.5,0.7,DS Juv = 1,NNE,896954204.683531,662679575.7,1153820598.725,823
0.5,0.7,DS Juv = 1,SNE,9584079.8339298,6985722.95,12540764.875,121
0.5,0.8,DS Juv = 0,MAT,60575394.7411741,42053691.025,79252347.7,539
0.5,0.8,DS Juv = 0,NNE,784185554.175253,579852130.625,1076082869.55,828
0.5,0.8,DS Juv = 0,SNE,5580630.89761905,3695161.925,7984102.125,143
0.5,0.8,DS Juv = 0.1,MAT,62722283.7135027,43049071.375,83606569.75,533
0.5,0.8,DS Juv = 0.1,NNE,788154574.329316,579932561.925,1035604156.775,804
0.5,0.8,DS Juv = 0.1,SNE,5642726.5732111,3439619.475,7685455.6,127
0.5,0.8,DS Juv = 0.2,MAT,63552158.0885019,44596825.925,82027974.15,506
0.5,0.8,DS Juv = 0.2,NNE,797358292.722023,561129768.925,1028614849.975,854
0.5,0.8,DS Juv = 0.2,SNE,6164316.13354028,4410449.05,8437896.625,153
0.5,0.8,DS Juv = 0.3,MAT,65358028.5129154,43237288.5,86207749,576
0.5,0.8,DS Juv = 0.3,NNE,810770743.857567,567757302.85,1034128137.775,857
0.5,0.8,DS Juv = 0.3,SNE,5994101.30869367,3684846.2,8314930.35,131
0.5,0.8,DS Juv = 0.4,MAT,66416923.9395574,46324992,85901666.175,501
0.5,0.8,DS Juv = 0.4,NNE,830971373.131511,586181800.95,1083315238.225,887
0.5,0.8,DS Juv = 0.4,SNE,6624767.70567583,3961692.35,8802908.475,148
0.5,0.8,DS Juv = 0.5,MAT,70507489.0858763,48919722.575,92051388.15,581
0.5,0.8,DS Juv = 0.5,NNE,810839629.481551,557767161.75,1084957475.675,848
0.5,0.8,DS Juv = 0.5,SNE,7381703.32799145,5120435.5,9537432.475,120
0.5,0.8,DS Juv = 0.6,MAT,72786719.8037453,51827706.175,94392100.475,549
0.5,0.8,DS Juv = 0.6,NNE,827262205.515578,599149756.125,1086695764,865
0.5,0.8,DS Juv = 0.6,SNE,7455960.58662587,5219537.75,10494868.475,126
0.5,0.8,DS Juv = 0.7,MAT,76042242.0948087,51666336.025,99156581.025,494
0.5,0.8,DS Juv = 0.7,NNE,841002449.022731,601525448.175,1100264080,833
0.5,0.8,DS Juv = 0.7,SNE,7857510.9264214,5483558.275,10398798.65,121
0.5,0.8,DS Juv = 0.8,MAT,78461847.147902,53288942.775,104315304.175,536
0.5,0.8,DS Juv = 0.8,NNE,885512600.66178,653381234.825,1150486585.275,842
0.5,0.8,DS Juv = 0.8,SNE,8501975.53340353,5743796.4,10856053.875,144
0.5,0.8,DS Juv = 0.9,MAT,81814289.8158247,59014599.525,106385777.85,527
0.5,0.8,DS Juv = 0.9,NNE,880406520.966581,607972649.35,1145107338.95,855
0.5,0.8,DS Juv = 0.9,SNE,9197513.25703786,6160314.55,12997441.2,142
0.5,0.8,DS Juv = 1,MAT,85625315.0901412,60366405.375,115811501.625,535
0.5,0.8,DS Juv = 1,NNE,890467531.072674,664487449.425,1151648698.1,813
0.5,0.8,DS Juv = 1,SNE,9854656.81884865,6342182.675,13139569.95,138
0.5,0.9,DS Juv = 0,MAT,62324991.6784199,40690060.45,82237102.2,552
0.5,0.9,DS Juv = 0,NNE,779113776.207307,541547936.475,1002550510.15,824
0.5,0.9,DS Juv = 0,SNE,6004523.90090099,4147857.4,8333889.275,140
0.5,0.9,DS Juv = 0.1,MAT,64961965.08159,44874585.5,85369147.325,550
0.5,0.9,DS Juv = 0.1,NNE,801621039.114846,589784413.725,1027240047.55,814
0.5,0.9,DS Juv = 0.1,SNE,6108323.68309311,4163817.325,8142506.35,121
0.5,0.9,DS Juv = 0.2,MAT,65769335.0202667,45926240.025,86251988.325,579
0.5,0.9,DS Juv = 0.2,NNE,802353098.104686,594659339.475,1024287526.05,804
0.5,0.9,DS Juv = 0.2,SNE,6389227.61836962,4353207.15,8491850.425,131
0.5,0.9,DS Juv = 0.3,MAT,68605313.1618806,48276014.9,91150028.65,531
0.5,0.9,DS Juv = 0.3,NNE,816259859.638282,606350357.875,1057214669.125,795
0.5,0.9,DS Juv = 0.3,SNE,6472117.46281048,4445193.9,8898418.575,148
0.5,0.9,DS Juv = 0.4,MAT,70923718.5124181,47729796.175,90681895.5,544
0.5,0.9,DS Juv = 0.4,NNE,824283432.892125,600827540.8,1069001349,786
0.5,0.9,DS Juv = 0.4,SNE,6726592.08311402,4517732.675,8710537.675,143
0.5,0.9,DS Juv = 0.5,MAT,72119914.7538853,51779383.65,94067446.725,525
0.5,0.9,DS Juv = 0.5,NNE,855653535.673114,601233838.525,1114763710.4,859
0.5,0.9,DS Juv = 0.5,SNE,7400128.79986505,5331764.4,10163901.175,124
0.5,0.9,DS Juv = 0.6,MAT,75520749.1187076,53735181,100512883.775,543
0.5,0.9,DS Juv = 0.6,NNE,856757158.468644,633468569.775,1081015402.325,791
0.5,0.9,DS Juv = 0.6,SNE,7890159.85588204,5179672.3,10681324.125,118
0.5,0.9,DS Juv = 0.7,MAT,77723322.5875136,55143240.325,98839395.175,536
0.5,0.9,DS Juv = 0.7,NNE,863536410.685366,621301734.675,1136932468.35,846
0.5,0.9,DS Juv = 0.7,SNE,8460374.25719165,5226196.775,11823566.375,157
0.5,0.9,DS Juv = 0.8,MAT,80415625.5380402,54284111.825,106366064.875,561
0.5,0.9,DS Juv = 0.8,NNE,877200483.150714,629014840.125,1128285230.825,860
0.5,0.9,DS Juv = 0.8,SNE,9184297.20535751,6388809.85,12598059.05,145
0.5,0.9,DS Juv = 0.9,MAT,85136540.3033459,59935012.05,111134234.35,556
0.5,0.9,DS Juv = 0.9,NNE,901132022.734448,664791000,1146321253.425,842
0.5,0.9,DS Juv = 0.9,SNE,10130045.957137,7394621.1,13486882.175,136
0.5,0.9,DS Juv = 1,MAT,87992644.2901988,62530457.6,116382135.65,532
0.5,0.9,DS Juv = 1,NNE,919040696.35492,643815986.175,1171487222.125,843
0.5,0.9,DS Juv = 1,SNE,10983150.3808867,7571473.4,14296753.1,137
0.5,1,DS Juv = 0,MAT,66502967.5707869,47591204.95,87186939.575,534
0.5,1,DS Juv = 0,NNE,793139790.297308,543831811.425,1006681620.675,857
0.5,1,DS Juv = 0,SNE,6417359.50889694,3980215.725,8950618.625,123
0.5,1,DS Juv = 0.1,MAT,68148350.357862,49643166.725,89190887.375,493
0.5,1,DS Juv = 0.1,NNE,817584114.208053,594365026.475,1051611485.225,848
0.5,1,DS Juv = 0.1,SNE,6890980.34489469,4644944.175,8977956.575,144
0.5,1,DS Juv = 0.2,MAT,67450233.5351941,49085258,85790718.275,538
0.5,1,DS Juv = 0.2,NNE,824609547.601694,584668612.575,1097276103.65,857
0.5,1,DS Juv = 0.2,SNE,6980855.72771757,4530452.125,9180097.375,132
0.5,1,DS Juv = 0.3,MAT,70891382.4619582,49650809.725,94229387.15,515
0.5,1,DS Juv = 0.3,NNE,830987467.490924,598839894.425,1082167363.025,812
0.5,1,DS Juv = 0.3,SNE,7266984.6613133,5151906.925,9764363.325,130
0.5,1,DS Juv = 0.4,MAT,74018398.9789668,50504871.5,98485387.1,518
0.5,1,DS Juv = 0.4,NNE,851031349.054165,613486946.2,1123710376.35,796
0.5,1,DS Juv = 0.4,SNE,7592549.59316394,4975377.975,10229292.45,133
0.5,1,DS Juv = 0.5,MAT,77249862.6283742,54322418.975,99643554.6,548
0.5,1,DS Juv = 0.5,NNE,869366854.046555,658515895.5,1094062509.075,824
0.5,1,DS Juv = 0.5,SNE,8148373.90450154,5975919,10461962.325,139
0.5,1,DS Juv = 0.6,MAT,79645606.1663312,55911770.85,105169105.775,538
0.5,1,DS Juv = 0.6,NNE,880587215.48368,608687061.6,1147760245.4,837
0.5,1,DS Juv = 0.6,SNE,8986161.13149351,5759932.85,11761891,118
0.5,1,DS Juv = 0.7,MAT,82875047.3243089,57016427.35,108894891.95,534
0.5,1,DS Juv = 0.7,NNE,872590020.814491,620447600.85,1153781329.425,854
0.5,1,DS Juv = 0.7,SNE,9377188.76444056,6347221.375,12545266.225,127
0.5,1,DS Juv = 0.8,MAT,84998024.4684975,62640205.275,110680159.125,506
0.5,1,DS Juv = 0.8,NNE,906096425.642413,640983747.075,1154386333.175,838
0.5,1,DS Juv = 0.8,SNE,9819302.27645503,6809691.9,13204628.175,135
0.5,1,DS Juv = 0.9,MAT,91004347.2860936,62745566.175,121405532.65,522
0.5,1,DS Juv = 0.9,NNE,906211568.587228,628692816.45,1178188473.175,801
0.5,1,DS Juv = 0.9,SNE,10473395.9661015,7194354.95,14216504.05,139
0.5,1,DS Juv = 1,MAT,93752045.6602728,66291139,124685003.775,548
0.5,1,DS Juv = 1,NNE,942895906.201042,662878816.075,1229547665.5,850
0.5,1,DS Juv = 1,SNE,11520512.1986757,8145301.375,14669998.2,126
0.6,0,DS Juv = 0,MAT,48247961.3202395,33602004.1,63979710.825,510
0.6,0,DS Juv = 0,NNE,699463317.206136,530922354.575,908823485.25,813
0.6,0,DS Juv = 0,SNE,3515810.27342657,1962154.15,5262144.05,144
0.6,0,DS Juv = 0.1,MAT,49337071.2718824,33252606.95,64815507.45,559
0.6,0,DS Juv = 0.1,NNE,727189422.773738,522350645.2,932329630.675,825
0.6,0,DS Juv = 0.1,SNE,4036562.64577072,2573951.175,5239693.2,127
0.6,0,DS Juv = 0.2,MAT,50497045.4009561,35140556.75,68694691.375,544
0.6,0,DS Juv = 0.2,NNE,714826784.211766,489497854.8,925210070.8,838
0.6,0,DS Juv = 0.2,SNE,4169880.13279757,2794246.5,6450226.7,132
0.6,0,DS Juv = 0.3,MAT,53514753.5704056,37835453.475,69645217.575,553
0.6,0,DS Juv = 0.3,NNE,728970178.587271,496219362.6,960609487.85,834
0.6,0,DS Juv = 0.3,SNE,4243701.03212332,2600364.825,6395925.7,126
0.6,0,DS Juv = 0.4,MAT,53820613.4873129,36562068.725,69477666.7,591
0.6,0,DS Juv = 0.4,NNE,746229963.793575,538901825.6,976530963.45,810
0.6,0,DS Juv = 0.4,SNE,4741599.01243128,3311582.225,6385003.8,131
0.6,0,DS Juv = 0.5,MAT,57034681.3418659,39945046.35,74678460.05,521
0.6,0,DS Juv = 0.5,NNE,747967419.96518,497565045.55,971882390.8,804
0.6,0,DS Juv = 0.5,SNE,5164837.85147343,3366028.15,7403101.425,124
0.6,0,DS Juv = 0.6,MAT,57929236.1764018,40760528.5,76876870.25,492
0.6,0,DS Juv = 0.6,NNE,756759317.395908,528122545.45,1012575787.675,796
0.6,0,DS Juv = 0.6,SNE,5372275.88544974,3095708.325,7299443.8,124
0.6,0,DS Juv = 0.7,MAT,61897631.4956624,42887097.925,80896807.475,528
0.6,0,DS Juv = 0.7,NNE,798832127.914844,563679818.375,1031597830.4,822
0.6,0,DS Juv = 0.7,SNE,5925618.04993034,3895845.575,7775727.575,117
0.6,0,DS Juv = 0.8,MAT,64854694.158055,44287431.525,84843168.15,551
0.6,0,DS Juv = 0.8,NNE,793754642.613333,561367763.625,1031591135.65,782
0.6,0,DS Juv = 0.8,SNE,6823196.66076118,4266305.525,9052641.775,146
0.6,0,DS Juv = 0.9,MAT,68359728.8231426,47392942.675,90771166.075,506
0.6,0,DS Juv = 0.9,NNE,819904792.015581,587686479.725,1056465498.05,820
0.6,0,DS Juv = 0.9,SNE,7170621.9202463,5324067.475,9229974.05,128
0.6,0,DS Juv = 1,MAT,73086194.6519268,53652396.55,94401682.125,528
0.6,0,DS Juv = 1,NNE,861519111.310256,620257197.325,1118497622.525,860
0.6,0,DS Juv = 1,SNE,8127146.43100431,5499025.775,10815209.175,150
0.6,0.1,DS Juv = 0,MAT,48149753.8917219,34103897.425,64120356.9,519
0.6,0.1,DS Juv = 0,NNE,736689664.47735,540693367.025,947689522.05,810
0.6,0.1,DS Juv = 0,SNE,3600240.42658671,2202344.8,5154614.775,141
0.6,0.1,DS Juv = 0.1,MAT,50882768.0200686,35865580.425,68645779.75,517
0.6,0.1,DS Juv = 0.1,NNE,726231382.882136,515697604.125,961191192.4,866
0.6,0.1,DS Juv = 0.1,SNE,3988804.20687111,2472740.325,5596057.325,152
0.6,0.1,DS Juv = 0.2,MAT,50751870.6848194,35694261.225,65806080.075,522
0.6,0.1,DS Juv = 0.2,NNE,731533622.336784,507194132.2,1006898450.65,798
0.6,0.1,DS Juv = 0.2,SNE,4139320.01778609,2767340.4,5896032.225,128
0.6,0.1,DS Juv = 0.3,MAT,52379521.5106542,36279218.5,69495952.125,524
0.6,0.1,DS Juv = 0.3,NNE,731991934.94094,516524229.4,947029595.35,831
0.6,0.1,DS Juv = 0.3,SNE,4401011.18998681,2769674.5,6108035.4,136
0.6,0.1,DS Juv = 0.4,MAT,55325787.0955148,39706540.95,73434437.5,563
0.6,0.1,DS Juv = 0.4,NNE,736704952.996712,515610108.475,960402303,805
0.6,0.1,DS Juv = 0.4,SNE,4781169.29150132,2805289.925,6783026.1,142
0.6,0.1,DS Juv = 0.5,MAT,56639867.3603929,38494080.3,72014038.2,542
0.6,0.1,DS Juv = 0.5,NNE,747450847.340997,527005351.525,952835013.925,824
0.6,0.1,DS Juv = 0.5,SNE,4945909.06462963,3245813.55,7025885.275,141
0.6,0.1,DS Juv = 0.6,MAT,59907824.5545345,41303351.95,78101484.95,574
0.6,0.1,DS Juv = 0.6,NNE,752129650.998944,538342348.2,979212454.925,812
0.6,0.1,DS Juv = 0.6,SNE,5811921.15786834,3453507.025,8098492.375,130
0.6,0.1,DS Juv = 0.7,MAT,63326134.6283961,45871057.575,82801939.225,545
0.6,0.1,DS Juv = 0.7,NNE,791256193.637256,585586187.4,1010551377.15,800
0.6,0.1,DS Juv = 0.7,SNE,6156339.15296611,4086351.8,8422923.35,119
0.6,0.1,DS Juv = 0.8,MAT,66808760.5390032,47226734.4,87592062.45,517
0.6,0.1,DS Juv = 0.8,NNE,810214935.030476,592834952.45,1045792754.425,817
0.6,0.1,DS Juv = 0.8,SNE,6380671.00821054,4208746.35,8563058,135
0.6,0.1,DS Juv = 0.9,MAT,70120981.1549326,50346646.375,91484654,556
0.6,0.1,DS Juv = 0.9,NNE,805192781.528426,548966306.95,1055866381.15,865
0.6,0.1,DS Juv = 0.9,SNE,7664796.46620584,5117884.625,10221837.475,127
0.6,0.1,DS Juv = 1,MAT,73754015.690035,52337023.4,96611269.65,560
0.6,0.1,DS Juv = 1,NNE,836772045.936492,593236609.125,1082421969.975,812
0.6,0.1,DS Juv = 1,SNE,8235855.82128441,5713270.025,11324081.7,140
0.6,0.2,DS Juv = 0,MAT,50061704.5412243,33129959.8,68385304.1,533
0.6,0.2,DS Juv = 0,NNE,719255386.407763,514830168.675,919566931.325,798
0.6,0.2,DS Juv = 0,SNE,3784439.92453291,2294033.65,5483508.625,138
0.6,0.2,DS Juv = 0.1,MAT,50327795.8478406,34579857.15,66619387.925,489
0.6,0.2,DS Juv = 0.1,NNE,737168243.367739,526783213.875,958438945.55,842
0.6,0.2,DS Juv = 0.1,SNE,3977425.50092067,2425632.775,5698783.55,140
0.6,0.2,DS Juv = 0.2,MAT,52878040.409232,35905096.475,71442010.75,513
0.6,0.2,DS Juv = 0.2,NNE,703013736.370478,470082623.975,940434732.35,853
0.6,0.2,DS Juv = 0.2,SNE,4403007.94280281,3020856.525,6299593.775,127
0.6,0.2,DS Juv = 0.3,MAT,54492800.0425769,38850860.05,71316305.675,520
0.6,0.2,DS Juv = 0.3,NNE,747444188.111733,529673276.55,958719034.175,889
0.6,0.2,DS Juv = 0.3,SNE,4619363.47908289,3098904.725,5897284.05,134
0.6,0.2,DS Juv = 0.4,MAT,56465330.4952238,38227822.575,75486960.925,551
0.6,0.2,DS Juv = 0.4,NNE,735959921.825714,502743165.625,961501661.725,883
0.6,0.2,DS Juv = 0.4,SNE,4896008.15384025,3027900.25,6836432.225,138
0.6,0.2,DS Juv = 0.5,MAT,58451510.5308287,40267475.525,77523299.675,577
0.6,0.2,DS Juv = 0.5,NNE,744646152.288919,496335740.25,983482872.75,888
0.6,0.2,DS Juv = 0.5,SNE,5374002.77965368,3509770,7694454.825,116
0.6,0.2,DS Juv = 0.6,MAT,61829128.5597348,44277351.5,81462334.575,561
0.6,0.2,DS Juv = 0.6,NNE,751263335.590454,505467948.125,1003156271.55,897
0.6,0.2,DS Juv = 0.6,SNE,5839820.7134653,3897110.375,7675502.4,161
0.6,0.2,DS Juv = 0.7,MAT,64132067.7189218,45319498,84490491.575,528
0.6,0.2,DS Juv = 0.7,NNE,796924233.032973,535261712.925,1006339862.15,834
0.6,0.2,DS Juv = 0.7,SNE,6430022.63867079,4546994.45,8691239.05,139
0.6,0.2,DS Juv = 0.8,MAT,66308872.8676203,45736753.55,86996729.7,569
0.6,0.2,DS Juv = 0.8,NNE,794788013.164071,570960804.3,1011878629.5,860
0.6,0.2,DS Juv = 0.8,SNE,6910027.10185185,4820475.075,9219721.325,137
0.6,0.2,DS Juv = 0.9,MAT,71213765.735302,49695609.6,94046319.05,549
0.6,0.2,DS Juv = 0.9,NNE,844059330.387221,605626009,1134576089.525,825
0.6,0.2,DS Juv = 0.9,SNE,7806534.09729847,5552328.95,10112739.325,131
0.6,0.2,DS Juv = 1,MAT,75306375.8210197,52417852,99328355.65,566
0.6,0.2,DS Juv = 1,NNE,853143129.171466,572203133.2,1094236723.475,781
0.6,0.2,DS Juv = 1,SNE,8600389.9,5697239.15,11307459.7,122
0.6,0.3,DS Juv = 0,MAT,49732333.3636152,34667117.825,66212057.9,542
0.6,0.3,DS Juv = 0,NNE,730550007.287564,525979669.325,949528598.75,828
0.6,0.3,DS Juv = 0,SNE,3752824.46422256,1683107.475,5307674.75,126
0.6,0.3,DS Juv = 0.1,MAT,52989724.5200574,35980798.1,69102807.6,521
0.6,0.3,DS Juv = 0.1,NNE,734645221.722706,521813874.275,970310674.525,785
0.6,0.3,DS Juv = 0.1,SNE,4087590.3741506,2583582.7,5575814.6,140
0.6,0.3,DS Juv = 0.2,MAT,54255907.5122997,38843282.1,69539957.175,518
0.6,0.3,DS Juv = 0.2,NNE,722970051.397676,469408434.575,949842289.025,870
0.6,0.3,DS Juv = 0.2,SNE,4442578.91993157,3037242.475,6372347.325,108
0.6,0.3,DS Juv = 0.3,MAT,57342366.5354563,39658428.275,77365665.025,539
0.6,0.3,DS Juv = 0.3,NNE,736386761.189449,542417374.65,953237347.225,848
0.6,0.3,DS Juv = 0.3,SNE,4731960.8514652,2925951,6502126.275,140
0.6,0.3,DS Juv = 0.4,MAT,58770261.3629202,39392230.8,75832057.7,494
0.6,0.3,DS Juv = 0.4,NNE,728094408.408779,491411975.5,934737799.475,854
0.6,0.3,DS Juv = 0.4,SNE,4971347.19424326,3118966.075,7131658.25,136
0.6,0.3,DS Juv = 0.5,MAT,60365808.0963021,40974281.525,82179213.55,557
0.6,0.3,DS Juv = 0.5,NNE,774760233.2146,528015072.675,995692758.15,796
0.6,0.3,DS Juv = 0.5,SNE,5442571.5041387,3561736.3,7854994.4,130
0.6,0.3,DS Juv = 0.6,MAT,61638337.8491161,44040422.325,79641132.1,546
0.6,0.3,DS Juv = 0.6,NNE,790264524.77282,557240175.8,1006412220.675,841
0.6,0.3,DS Juv = 0.6,SNE,5914880.88300493,3968203.6,7939813.675,143
0.6,0.3,DS Juv = 0.7,MAT,66321114.3969392,45678798.85,87485627.9,471
0.6,0.3,DS Juv = 0.7,NNE,787963096.095827,576805203.525,1001858068.9,790
0.6,0.3,DS Juv = 0.7,SNE,6471474.50657676,4317200,8553193.4,160
0.6,0.3,DS Juv = 0.8,MAT,69595207.6943148,49443756.525,92616540.5,531
0.6,0.3,DS Juv = 0.8,NNE,819255864.903393,577383380.05,1054699849.75,816
0.6,0.3,DS Juv = 0.8,SNE,7058316.6231961,4605581.15,9699121.6,149
0.6,0.3,DS Juv = 0.9,MAT,71661031.3424551,51704584.525,93727186.75,509
0.6,0.3,DS Juv = 0.9,NNE,856250317.449219,615200552.1,1109923545.05,831
0.6,0.3,DS Juv = 0.9,SNE,7979004.68256092,5170751.8,10700413.6,154
0.6,0.3,DS Juv = 1,MAT,77566940.9485183,57010827.525,102627081.4,528
0.6,0.3,DS Juv = 1,NNE,867439111.125811,597419483.9,1144381331.625,836
0.6,0.3,DS Juv = 1,SNE,8812317.06121212,6205091.65,11455197.3,136
0.6,0.4,DS Juv = 0,MAT,51086109.5186029,35914252.3,68807659.35,540
0.6,0.4,DS Juv = 0,NNE,729535668.335118,542587403.9,934556577.475,835
0.6,0.4,DS Juv = 0,SNE,3902517.39000015,2283287.05,5637506.225,145
0.6,0.4,DS Juv = 0.1,MAT,51996416.558052,34812667.45,67939279.35,505
0.6,0.4,DS Juv = 0.1,NNE,738624901.311772,541629321.15,957143250.8,820
0.6,0.4,DS Juv = 0.1,SNE,4303180.76000882,2834780.575,5727972.425,150
0.6,0.4,DS Juv = 0.2,MAT,54607225.8016721,38450462.925,72268358.125,508
0.6,0.4,DS Juv = 0.2,NNE,735971021.317899,502878938.6,972673766.575,827
0.6,0.4,DS Juv = 0.2,SNE,4657209.26784314,2940914.4,6251122.125,139
0.6,0.4,DS Juv = 0.3,MAT,56871075.9755685,40273756.9,73687675,554
0.6,0.4,DS Juv = 0.3,NNE,746401524.142537,531927325.6,964452266.275,842
0.6,0.4,DS Juv = 0.3,SNE,4602671.18965517,2612559.95,6170100.6,142
0.6,0.4,DS Juv = 0.4,MAT,59793998.4071008,40942500.35,79599474.975,534
0.6,0.4,DS Juv = 0.4,NNE,770683972.200496,543408475.85,982469964.75,850
0.6,0.4,DS Juv = 0.4,SNE,5002839.3348755,3352271.45,6426516.85,123
0.6,0.4,DS Juv = 0.5,MAT,61139972.444635,41332119.8,79392525.5,514
0.6,0.4,DS Juv = 0.5,NNE,777032670.61773,518021794.4,1033246377.9,841
0.6,0.4,DS Juv = 0.5,SNE,5587030.57530303,3751184.1,7521729.3,126
0.6,0.4,DS Juv = 0.6,MAT,64176558.3697984,46217307.125,82979489.9,504
0.6,0.4,DS Juv = 0.6,NNE,779604271.268787,555944898.475,1045176738.025,899
0.6,0.4,DS Juv = 0.6,SNE,6000057.89164502,3354982.275,8552077.75,135
0.6,0.4,DS Juv = 0.7,MAT,65226064.4969342,43198871.425,85480601.95,489
0.6,0.4,DS Juv = 0.7,NNE,826583813.196338,592598684.925,1059748355.425,822
0.6,0.4,DS Juv = 0.7,SNE,6740167.73832219,3858544.475,9303616.775,118
0.6,0.4,DS Juv = 0.8,MAT,70645142.3126978,49461650.925,89518846.45,593
0.6,0.4,DS Juv = 0.8,NNE,835151056.410635,582210340.35,1087638711.025,792
0.6,0.4,DS Juv = 0.8,SNE,7022472.13222548,4587118.575,9891113.9,143
0.6,0.4,DS Juv = 0.9,MAT,75456388.3053608,52023951.225,98202860.6,527
0.6,0.4,DS Juv = 0.9,NNE,851282135.571652,608430166.15,1098484887.475,806
0.6,0.4,DS Juv = 0.9,SNE,8181450.65023362,5549220.45,10576753.125,124
0.6,0.4,DS Juv = 1,MAT,78006906.7637686,54942124.4,102210208.375,525
0.6,0.4,DS Juv = 1,NNE,876161373.024892,611318924.625,1135418036.325,813
0.6,0.4,DS Juv = 1,SNE,9268161.18669749,6280497.075,12257796.125,120
0.6,0.5,DS Juv = 0,MAT,52622594.5561523,33461143.675,69666261.35,565
0.6,0.5,DS Juv = 0,NNE,740866075.984557,538589679.25,980461187.15,828
0.6,0.5,DS Juv = 0,SNE,4115274.99272453,2369330.225,5936310.275,144
0.6,0.5,DS Juv = 0.1,MAT,54460048.9086694,37642174.725,72230495.475,512
0.6,0.5,DS Juv = 0.1,NNE,738179741.852561,537203196.025,952658899.25,878
0.6,0.5,DS Juv = 0.1,SNE,4431391.49795615,2278717.25,6037681.2,128
0.6,0.5,DS Juv = 0.2,MAT,57113028.8637092,39584183.275,74056243.1,525
0.6,0.5,DS Juv = 0.2,NNE,759106261.488306,523994452.4,1024943058.8,839
0.6,0.5,DS Juv = 0.2,SNE,4691830.9882559,3233822.65,6128209.475,119
0.6,0.5,DS Juv = 0.3,MAT,57759881.5066808,39363165.65,79759741.475,566
0.6,0.5,DS Juv = 0.3,NNE,765739561.834355,527713126.05,992933470.8,850
0.6,0.5,DS Juv = 0.3,SNE,5158377.1536853,3283201.175,7421079.225,130
0.6,0.5,DS Juv = 0.4,MAT,60769804.8049098,40364247.45,79338694.125,567
0.6,0.5,DS Juv = 0.4,NNE,780611200.107314,568981246.825,994000512.675,852
0.6,0.5,DS Juv = 0.4,SNE,5450947.13823954,3590346.15,7213678.625,129
0.6,0.5,DS Juv = 0.5,MAT,62600421.513205,44436873.325,80962388.45,526
0.6,0.5,DS Juv = 0.5,NNE,776143537.16568,548059736.675,1003467611,802
0.6,0.5,DS Juv = 0.5,SNE,5960197.11464879,3949524.825,8063543.2,141
0.6,0.5,DS Juv = 0.6,MAT,65110481.1156551,45550844.45,86002668.7,551
0.6,0.5,DS Juv = 0.6,NNE,793975689.994059,548815685.675,1046905718.5,831
0.6,0.5,DS Juv = 0.6,SNE,6681844.27185083,4723604.775,8994867.65,120
0.6,0.5,DS Juv = 0.7,MAT,67546518.9977472,47506836.325,89309416.725,537
0.6,0.5,DS Juv = 0.7,NNE,832292582.692148,602468390.95,1106160312.85,786
0.6,0.5,DS Juv = 0.7,SNE,6592858.49702381,4139252.575,8824435.875,114
0.6,0.5,DS Juv = 0.8,MAT,71517161.774818,48310661.675,94511294.775,539
0.6,0.5,DS Juv = 0.8,NNE,847788982.730154,582524939.375,1115708524.375,812
0.6,0.5,DS Juv = 0.8,SNE,7595038.40673458,5163614.175,10115587.5,149
0.6,0.5,DS Juv = 0.9,MAT,75881901.4063567,53526334.05,99605643,566
0.6,0.5,DS Juv = 0.9,NNE,853876458.842255,623976209.8,1068872738.875,845
0.6,0.5,DS Juv = 0.9,SNE,8375778.84964581,5833046.25,11663021.35,139
0.6,0.5,DS Juv = 1,MAT,81825968.5556304,58478486.525,107117719.275,528
0.6,0.5,DS Juv = 1,NNE,884854873.098145,634579432.375,1125798979.75,862
0.6,0.5,DS Juv = 1,SNE,9421854.08987461,5968132.675,13201907.8,121
0.6,0.6,DS Juv = 0,MAT,55370615.0066749,38774738.55,72582221.025,561
0.6,0.6,DS Juv = 0,NNE,763037312.301941,546578829.225,959398503.775,836
0.6,0.6,DS Juv = 0,SNE,4320632.30389984,2650616.225,6372207.525,114
0.6,0.6,DS Juv = 0.1,MAT,56526931.3903342,38144345.875,72875588.725,560
0.6,0.6,DS Juv = 0.1,NNE,746234201.873909,543767015.275,976153495,828
0.6,0.6,DS Juv = 0.1,SNE,4588279.45740741,2899447.95,6442689.725,140
0.6,0.6,DS Juv = 0.2,MAT,58751217.5535684,40113674.55,78111160.375,514
0.6,0.6,DS Juv = 0.2,NNE,757604181.53404,541355826.575,975905599.125,859
0.6,0.6,DS Juv = 0.2,SNE,4905122.01937831,2899344.5,6670997.45,138
0.6,0.6,DS Juv = 0.3,MAT,61038847.9040789,42513280.325,80744874.625,533
0.6,0.6,DS Juv = 0.3,NNE,777290890.066979,552116948.05,993178664.825,839
0.6,0.6,DS Juv = 0.3,SNE,5396743.52554531,3634332.025,7584597.875,142
0.6,0.6,DS Juv = 0.4,MAT,61172507.447356,43203407.575,79604101.45,508
0.6,0.6,DS Juv = 0.4,NNE,773210277.836472,509735800.775,997181272.2,849
0.6,0.6,DS Juv = 0.4,SNE,5234812.4584619,3346397.5,7577118.025,133
0.6,0.6,DS Juv = 0.5,MAT,63929093.6309571,43268532.875,85927130.275,537
0.6,0.6,DS Juv = 0.5,NNE,784279492.997422,556280752.55,1029110217.65,841
0.6,0.6,DS Juv = 0.5,SNE,6090076.90852476,3875527.65,8518542.925,144
0.6,0.6,DS Juv = 0.6,MAT,68189912.0581277,49094512.3,88373587.075,536
0.6,0.6,DS Juv = 0.6,NNE,809412797.566439,566718701.325,1028229640.95,822
0.6,0.6,DS Juv = 0.6,SNE,6529130.24007364,4565332.625,8642053.325,148
0.6,0.6,DS Juv = 0.7,MAT,69449356.2970668,47964321.25,91095286.325,516
0.6,0.6,DS Juv = 0.7,NNE,836659422.066535,589172119.225,1059358370.725,775
0.6,0.6,DS Juv = 0.7,SNE,7476444.81548654,5404183.775,9744682.225,126
0.6,0.6,DS Juv = 0.8,MAT,75252611.0703032,50835404.225,100594958.25,537
0.6,0.6,DS Juv = 0.8,NNE,831255221.30779,600654025.05,1060973717.575,817
0.6,0.6,DS Juv = 0.8,SNE,7935257.65674992,4562588.025,11180937.475,134
0.6,0.6,DS Juv = 0.9,MAT,79465357.7445092,55849963.2,105706309.375,519
0.6,0.6,DS Juv = 0.9,NNE,866220950.923309,634718458.2,1147487562.025,765
0.6,0.6,DS Juv = 0.9,SNE,8995511.85033743,5849766.425,11993064.625,143
0.6,0.6,DS Juv = 1,MAT,83392532.8790546,59347209.775,109126657,531
0.6,0.6,DS Juv = 1,NNE,890521038.586098,645532851.6,1159873882.175,836
0.6,0.6,DS Juv = 1,SNE,10176150.9843186,7401316.15,13369933.975,136
0.6,0.7,DS Juv = 0,MAT,57195338.6785519,40932776.575,75929485.925,540
0.6,0.7,DS Juv = 0,NNE,757227395.595254,539458766.9,952263865.75,807
0.6,0.7,DS Juv = 0,SNE,4733103.96632001,3405499.1,6439227.25,145
0.6,0.7,DS Juv = 0.1,MAT,59242422.6564629,41253529.6,79501653.9,517
0.6,0.7,DS Juv = 0.1,NNE,769761171.429213,540162581.4,976083581.2,864
0.6,0.7,DS Juv = 0.1,SNE,5028590.88262128,2361082.05,7204371.1,130
0.6,0.7,DS Juv = 0.2,MAT,60488768.6366483,40709474.675,81243983.925,535
0.6,0.7,DS Juv = 0.2,NNE,773848300.552626,538918589.575,1045184071.9,827
0.6,0.7,DS Juv = 0.2,SNE,5138878.39783032,2721623.475,7234838.35,136
0.6,0.7,DS Juv = 0.3,MAT,61773581.6026371,42881303.375,81959578.35,564
0.6,0.7,DS Juv = 0.3,NNE,792524431.01603,550026296.225,1026498450.975,744
0.6,0.7,DS Juv = 0.3,SNE,5645854.78860507,3806379.375,7904671.15,158
0.6,0.7,DS Juv = 0.4,MAT,64842366.678885,45845361.575,86807421.6,503
0.6,0.7,DS Juv = 0.4,NNE,793665819.807465,569621709.7,1031483743.125,850
0.6,0.7,DS Juv = 0.4,SNE,5843359.49958333,3920947.425,8158520.725,130
0.6,0.7,DS Juv = 0.5,MAT,66146762.326032,46509743.5,86799453.3,541
0.6,0.7,DS Juv = 0.5,NNE,808297618.656574,560273802.825,1037980735.675,824
0.6,0.7,DS Juv = 0.5,SNE,6290468.96135266,3780430.65,8429746.7,122
0.6,0.7,DS Juv = 0.6,MAT,69509981.936847,48640520.05,94357421.375,540
0.6,0.7,DS Juv = 0.6,NNE,824957571.789406,600967243.5,1060258081.725,868
0.6,0.7,DS Juv = 0.6,SNE,6956971.29832848,4540629.375,9498365.25,118
0.6,0.7,DS Juv = 0.7,MAT,72586157.1380989,50748544.9,94410103.15,508
0.6,0.7,DS Juv = 0.7,NNE,823692677.985313,586194240.6,1059857377.325,823
0.6,0.7,DS Juv = 0.7,SNE,7720772.45196864,5324297.475,10570788.1,120
0.6,0.7,DS Juv = 0.8,MAT,77368330.7022099,53978861.825,100646544.95,559
0.6,0.7,DS Juv = 0.8,NNE,849851397.846761,608744163.3,1125515436.475,838
0.6,0.7,DS Juv = 0.8,SNE,8238532.73821549,5832354.95,10696151.3,137
0.6,0.7,DS Juv = 0.9,MAT,83266271.8740378,57570563.65,109135641.575,545
0.6,0.7,DS Juv = 0.9,NNE,872064851.30067,619052149.65,1114582896.375,764
0.6,0.7,DS Juv = 0.9,SNE,9349334.80802676,6154783.1,12697372.075,122
0.6,0.7,DS Juv = 1,MAT,87945724.6855344,61697124.325,113444196.8,573
0.6,0.7,DS Juv = 1,NNE,908637302.655476,653738111.725,1189172350.25,870
0.6,0.7,DS Juv = 1,SNE,10331629.1866101,7405635.8,13147875.525,135
0.6,0.8,DS Juv = 0,MAT,59279673.763089,41018530.375,78695503.45,562
0.6,0.8,DS Juv = 0,NNE,765681380.104629,547668479.1,1002342735.05,822
0.6,0.8,DS Juv = 0,SNE,4977130.1212854,3166219.475,6433199.675,144
0.6,0.8,DS Juv = 0.1,MAT,60659470.8152496,42928492.375,78248515.1,524
0.6,0.8,DS Juv = 0.1,NNE,759005883.885412,561498259.625,992992929.45,829
0.6,0.8,DS Juv = 0.1,SNE,5445185.70969479,2795112.625,7616729.025,140
0.6,0.8,DS Juv = 0.2,MAT,62935382.7020528,43560719.1,83642947.725,536
0.6,0.8,DS Juv = 0.2,NNE,784642368.828366,535953512.525,1027775446.575,851
0.6,0.8,DS Juv = 0.2,SNE,5500574.53993133,3270390.075,7540077.725,151
0.6,0.8,DS Juv = 0.3,MAT,64552643.7041456,44007093.15,84793025.85,557
0.6,0.8,DS Juv = 0.3,NNE,797620564.426533,569037504.525,1021537118.3,836
0.6,0.8,DS Juv = 0.3,SNE,5784595.77785714,4012379.475,8131987.575,148
0.6,0.8,DS Juv = 0.4,MAT,67365043.9329097,46094862.425,87969087.4,491
0.6,0.8,DS Juv = 0.4,NNE,802175625.342748,581234956.1,1044475877.4,801
0.6,0.8,DS Juv = 0.4,SNE,6525239.80566535,4287912.55,8573585.075,132
0.6,0.8,DS Juv = 0.5,MAT,70310600.5865494,48661685.775,90817034.25,545
0.6,0.8,DS Juv = 0.5,NNE,833885863.141851,587377916.7,1093006379.975,780
0.6,0.8,DS Juv = 0.5,SNE,6717056.4168254,4546762.675,9126445.675,134
0.6,0.8,DS Juv = 0.6,MAT,73356588.9192895,51456723.65,94454107.35,549
0.6,0.8,DS Juv = 0.6,NNE,845448384.620808,611316613.125,1109263672.225,814
0.6,0.8,DS Juv = 0.6,SNE,7408422.70836112,4776939.725,10236975,146
0.6,0.8,DS Juv = 0.7,MAT,76530017.6239125,55740326.75,100787604.55,524
0.6,0.8,DS Juv = 0.7,NNE,856519172.529017,607845169.6,1107544461,836
0.6,0.8,DS Juv = 0.7,SNE,8174481.45538461,6069988,10686890.325,135
0.6,0.8,DS Juv = 0.8,MAT,81680346.1733566,57895913.15,104954881.325,519
0.6,0.8,DS Juv = 0.8,NNE,888798341.183745,658215191.85,1181583187.45,821
0.6,0.8,DS Juv = 0.8,SNE,9027413.74712276,6387535.35,11591059.725,144
0.6,0.8,DS Juv = 0.9,MAT,85552323.1410771,60991313.675,109442712.775,548
0.6,0.8,DS Juv = 0.9,NNE,894422561.656139,643937558.425,1158532219.475,861
0.6,0.8,DS Juv = 0.9,SNE,10056345.1845238,6621968.175,13285480.625,127
0.6,0.8,DS Juv = 1,MAT,90691517.7096128,65697780.55,119297717.575,505
0.6,0.8,DS Juv = 1,NNE,957755684.594581,688036454.05,1233919828.7,836
0.6,0.8,DS Juv = 1,SNE,11017583.2130499,6903092.05,14953026.65,144
0.6,0.9,DS Juv = 0,MAT,62019551.6528212,42826227.75,80960185.2,525
0.6,0.9,DS Juv = 0,NNE,769810277.034949,516395841.375,984395686.9,840
0.6,0.9,DS Juv = 0,SNE,5366080.88473749,3526259.4,7343325.625,110
0.6,0.9,DS Juv = 0.1,MAT,63100944.6697738,43213557.9,84963628.175,523
0.6,0.9,DS Juv = 0.1,NNE,771234314.42141,566437147.35,1024809228.075,792
0.6,0.9,DS Juv = 0.1,SNE,5810657.04761905,3349671.75,7675066.6,138
0.6,0.9,DS Juv = 0.2,MAT,64929521.4756274,45573400.45,84953389.175,565
0.6,0.9,DS Juv = 0.2,NNE,794602914.40087,562800087.525,1045547141.1,854
0.6,0.9,DS Juv = 0.2,SNE,5993294.97394589,3844248,7917707.15,143
0.6,0.9,DS Juv = 0.3,MAT,67231850.7541659,47822107.975,89065917.525,560
0.6,0.9,DS Juv = 0.3,NNE,816072628.915471,545381362.15,1060252396.15,811
0.6,0.9,DS Juv = 0.3,SNE,6637215.09212121,4483691.525,8846525.95,143
0.6,0.9,DS Juv = 0.4,MAT,69986628.230612,48131532.9,92801621.725,573
0.6,0.9,DS Juv = 0.4,NNE,823957775.438202,554895819.8,1082813519.625,847
0.6,0.9,DS Juv = 0.4,SNE,7049401.13118765,4463447.625,9502456.3,138
0.6,0.9,DS Juv = 0.5,MAT,74306015.2987482,51777334.375,98826438.7,524
0.6,0.9,DS Juv = 0.5,NNE,842988877.69449,624020559.45,1100011829.625,855
0.6,0.9,DS Juv = 0.5,SNE,7610725.41285714,5178834.9,10070600.55,133
0.6,0.9,DS Juv = 0.6,MAT,77229637.3631383,54023377.15,101361483.825,556
0.6,0.9,DS Juv = 0.6,NNE,865816835.572424,602819532.225,1114172057.025,814
0.6,0.9,DS Juv = 0.6,SNE,8211025.87350075,4924183.25,11362995.025,129
0.6,0.9,DS Juv = 0.7,MAT,81161352.9596403,53010408.425,109281892.975,582
0.6,0.9,DS Juv = 0.7,NNE,872012571.706283,594039305.775,1099910039.15,851
0.6,0.9,DS Juv = 0.7,SNE,8764824.69991584,5942542.95,11783145.1,133
0.6,0.9,DS Juv = 0.8,MAT,85098682.5569186,62109030.6,111594282.25,533
0.6,0.9,DS Juv = 0.8,NNE,902670393.416091,648303685.075,1178514040.775,854
0.6,0.9,DS Juv = 0.8,SNE,10030979.9563166,6841223.975,13242664.5,126
0.6,0.9,DS Juv = 0.9,MAT,91087703.113537,64259196.175,119156098.725,539
0.6,0.9,DS Juv = 0.9,NNE,905870763.502823,638506710.825,1148443563.475,785
0.6,0.9,DS Juv = 0.9,SNE,10847267.0857895,6735223.225,14625777.2,129
0.6,0.9,DS Juv = 1,MAT,96406517.5135533,70081257.2,125452137.9,564
0.6,0.9,DS Juv = 1,NNE,968210667.307999,719187892.6,1230469325.35,835
0.6,0.9,DS Juv = 1,SNE,11309059.1805447,6730020.75,15378765.85,134
0.6,1,DS Juv = 0,MAT,63748784.1029166,44801811.7,85909688.025,530
0.6,1,DS Juv = 0,NNE,797145459.59912,578822561.975,1062616034.75,800
0.6,1,DS Juv = 0,SNE,6177950.95476279,3937960,8974594.575,133
0.6,1,DS Juv = 0.1,MAT,66244878.7526587,45840192.6,89107531.125,516
0.6,1,DS Juv = 0.1,NNE,803453311.860639,565460823.75,1034847072.75,805
0.6,1,DS Juv = 0.1,SNE,6553039.03011726,4569874.475,8915087.625,145
0.6,1,DS Juv = 0.2,MAT,69135826.2666717,49500387.925,90763365.2,479
0.6,1,DS Juv = 0.2,NNE,816917736.448342,553185861.425,1064088006.6,819
0.6,1,DS Juv = 0.2,SNE,7084432.70499183,4073249.55,9839990.2,138
0.6,1,DS Juv = 0.3,MAT,71181115.5347136,50524691.95,93628546.975,529
0.6,1,DS Juv = 0.3,NNE,836300915.388124,606713504.45,1069771442.85,820
0.6,1,DS Juv = 0.3,SNE,7117139.31842028,4560973.95,9736832.95,139
0.6,1,DS Juv = 0.4,MAT,74792916.1456891,51188479.1,96298929.85,551
0.6,1,DS Juv = 0.4,NNE,861082036.9837,624040413.575,1066849962.25,821
0.6,1,DS Juv = 0.4,SNE,7983120.7683592,5284186.9,10663402.775,127
0.6,1,DS Juv = 0.5,MAT,77050106.0617405,53327533.95,102157208.225,490
0.6,1,DS Juv = 0.5,NNE,854099893.576348,581807246.7,1135101636.45,813
0.6,1,DS Juv = 0.5,SNE,8325628.12450169,5569565.325,10712443.525,127
0.6,1,DS Juv = 0.6,MAT,81753422.9498748,57589556.925,106822463.75,515
0.6,1,DS Juv = 0.6,NNE,897037236.072324,643477081.225,1138611358.875,842
0.6,1,DS Juv = 0.6,SNE,8808184.26359322,5862814.1,11612129.7,146
0.6,1,DS Juv = 0.7,MAT,85240616.9354869,58237148.775,113102958.975,533
0.6,1,DS Juv = 0.7,NNE,876828164.785191,635122292.575,1141341751.35,874
0.6,1,DS Juv = 0.7,SNE,9972628.44106481,7244136,13157811.65,134
0.6,1,DS Juv = 0.8,MAT,91164524.439701,62936058.175,119414402.825,520
0.6,1,DS Juv = 0.8,NNE,915087506.948777,636498179.075,1216100027.15,859
0.6,1,DS Juv = 0.8,SNE,10881746.3578099,8251668.725,14193387.3,136
0.6,1,DS Juv = 0.9,MAT,97765850.0814364,68578449.45,130095756.875,577
0.6,1,DS Juv = 0.9,NNE,964841580.56254,709225606.275,1251088347.975,824
0.6,1,DS Juv = 0.9,SNE,12350389.9955413,8800798.95,16248730.825,132
0.6,1,DS Juv = 1,MAT,104342497.436259,76169815.375,135136571,521
0.6,1,DS Juv = 1,NNE,1001438781.95498,709147241.075,1279051314.5,780
0.6,1,DS Juv = 1,SNE,13578951.3609564,9052738.15,17780158.625,133
0.7,0,DS Juv = 0,MAT,43739100.6845905,27943879.425,60408064.975,531
0.7,0,DS Juv = 0,NNE,700418807.163731,497532144.1,903156336.55,834
0.7,0,DS Juv = 0,SNE,2848212.20279187,1651692.225,4272046.15,146
0.7,0,DS Juv = 0.1,MAT,45364671.6313597,30219710.725,59981597.25,481
0.7,0,DS Juv = 0.1,NNE,695185800.924459,467782071.25,909760514.65,799
0.7,0,DS Juv = 0.1,SNE,3165726.89325488,1967425.6,4719373.475,124
0.7,0,DS Juv = 0.2,MAT,47349486.2257604,30293134.7,64965448.6,545
0.7,0,DS Juv = 0.2,NNE,679379679.63054,485575224.75,892118495.95,885
0.7,0,DS Juv = 0.2,SNE,3379844.92911947,1694753.3,4782083.5,124
0.7,0,DS Juv = 0.3,MAT,49737563.9756907,34210695.7,66411668.2,530
0.7,0,DS Juv = 0.3,NNE,728089504.012686,509385308.65,962637002.95,793
0.7,0,DS Juv = 0.3,SNE,3874642.40986377,2369040.7,5845708.2,142
0.7,0,DS Juv = 0.4,MAT,52509990.5640162,34896292.2,69804307.75,505
0.7,0,DS Juv = 0.4,NNE,697963881.546699,463380350.975,904348768.9,819
0.7,0,DS Juv = 0.4,SNE,3872017.15356821,2077158.45,5375186.025,113
0.7,0,DS Juv = 0.5,MAT,54448394.3760897,38021171.425,70371704.45,489
0.7,0,DS Juv = 0.5,NNE,726094697.925092,498769671.95,977005740.05,835
0.7,0,DS Juv = 0.5,SNE,4621486.11292839,2390452.125,6602034.35,155
0.7,0,DS Juv = 0.6,MAT,57647152.3334128,39709693.075,76832388.275,576
0.7,0,DS Juv = 0.6,NNE,741770956.711401,515280042.475,985343005.125,829
0.7,0,DS Juv = 0.6,SNE,5239606.47263072,3377932.225,7183409.325,143
0.7,0,DS Juv = 0.7,MAT,61632620.776294,45349605.3,81036723.875,483
0.7,0,DS Juv = 0.7,NNE,794356698.648356,556757635.5,1038902995.1,823
0.7,0,DS Juv = 0.7,SNE,6110542.09060411,3943516.5,8459301.875,118
0.7,0,DS Juv = 0.8,MAT,65600690.0681259,44047685,88380351.525,535
0.7,0,DS Juv = 0.8,NNE,755596202.923982,548950683.5,990272837.275,801
0.7,0,DS Juv = 0.8,SNE,6869708.95117415,4468952.25,9731183.825,146
0.7,0,DS Juv = 0.9,MAT,70511554.7749918,48625300.575,92008470.925,552
0.7,0,DS Juv = 0.9,NNE,804124466.079522,562255552.65,1037070232.25,844
0.7,0,DS Juv = 0.9,SNE,7990049.94184059,5397445.025,11187884.85,130
0.7,0,DS Juv = 1,MAT,76106908.5541531,55185155.075,98785234.525,531
0.7,0,DS Juv = 1,NNE,862790426.032341,608645698.15,1110985689.9,833
0.7,0,DS Juv = 1,SNE,9539779.09484704,6853625.05,11848417.125,139
0.7,0.1,DS Juv = 0,MAT,45347202.4052006,31652786.775,58995591.9,522
0.7,0.1,DS Juv = 0,NNE,681399104.861056,452323159.9,888042277.75,818
0.7,0.1,DS Juv = 0,SNE,2977638.70912796,1833898.075,4162515.45,137
0.7,0.1,DS Juv = 0.1,MAT,46485556.5107276,31935410.175,60949321.775,501
0.7,0.1,DS Juv = 0.1,NNE,678178368.899293,465842242.775,904432079.775,832
0.7,0.1,DS Juv = 0.1,SNE,3329454.99605478,1832315.85,5041590.625,129
0.7,0.1,DS Juv = 0.2,MAT,48579997.7607617,32718595.975,64786429.175,487
0.7,0.1,DS Juv = 0.2,NNE,698119965.736,477742223.35,907868893.1,796
0.7,0.1,DS Juv = 0.2,SNE,3508800.91408501,2095375.35,5065724.025,98
0.7,0.1,DS Juv = 0.3,MAT,50521346.3170423,33205753.45,67707964.95,514
0.7,0.1,DS Juv = 0.3,NNE,716413472.401848,505382679.2,926675773.95,808
0.7,0.1,DS Juv = 0.3,SNE,3752537.62622153,2082155.175,5164646.3,142
0.7,0.1,DS Juv = 0.4,MAT,52322184.2304728,35099541,70487384.775,522
0.7,0.1,DS Juv = 0.4,NNE,729412091.408917,534010732.525,967513790.275,830
0.7,0.1,DS Juv = 0.4,SNE,4261403.91526807,2442315.425,6092270.775,130
0.7,0.1,DS Juv = 0.5,MAT,55502207.6161374,38714101.175,72653630.45,543
0.7,0.1,DS Juv = 0.5,NNE,737279412.250918,527521841.125,945187536.375,827
0.7,0.1,DS Juv = 0.5,SNE,5001608.97619455,2919188.55,6994837.55,135
0.7,0.1,DS Juv = 0.6,MAT,57755477.3889259,37928662.725,77582631,523
0.7,0.1,DS Juv = 0.6,NNE,750348434.139807,536934535.85,989660157.85,825
0.7,0.1,DS Juv = 0.6,SNE,5455506.96078431,3783496.075,7537468.175,128
0.7,0.1,DS Juv = 0.7,MAT,62239652.6347599,42322132,82381766.05,545
0.7,0.1,DS Juv = 0.7,NNE,767551378.129482,548841265.45,997669476.375,806
0.7,0.1,DS Juv = 0.7,SNE,5981485.20095571,3464400.4,8370193.6,154
0.7,0.1,DS Juv = 0.8,MAT,66614283.6823159,47258980.9,87136607.4,533
0.7,0.1,DS Juv = 0.8,NNE,813367004.045086,584828718.325,1082430196.275,876
0.7,0.1,DS Juv = 0.8,SNE,7005056.91820067,4549297.95,9231803.6,143
0.7,0.1,DS Juv = 0.9,MAT,72592791.7478098,51733072.6,95203726.225,535
0.7,0.1,DS Juv = 0.9,NNE,820244093.654026,576298008.55,1068444046.575,839
0.7,0.1,DS Juv = 0.9,SNE,8034254.8553912,5207838.45,10686705.8,156
0.7,0.1,DS Juv = 1,MAT,76975296.6121548,53728099.975,100523090.05,509
0.7,0.1,DS Juv = 1,NNE,866516974.511952,593051806.025,1118116927.025,870
0.7,0.1,DS Juv = 1,SNE,9320566.58343153,6196888.375,11695359.05,126
0.7,0.2,DS Juv = 0,MAT,45564597.6687194,31291881.825,61168352.6,578
0.7,0.2,DS Juv = 0,NNE,687136061.525697,491943118.875,870479705.275,815
0.7,0.2,DS Juv = 0,SNE,3265805.28769841,1795386.95,5124834,140
0.7,0.2,DS Juv = 0.1,MAT,47363827.7210464,32398571.675,63593951.825,579
0.7,0.2,DS Juv = 0.1,NNE,686382911.077663,478882301.825,893695394.9,863
0.7,0.2,DS Juv = 0.1,SNE,3309424.73809524,2011829.1,4647941.425,127
0.7,0.2,DS Juv = 0.2,MAT,48906935.7926821,34852764.625,64160828.65,541
0.7,0.2,DS Juv = 0.2,NNE,724200833.335457,527941906.975,960456965.475,828
0.7,0.2,DS Juv = 0.2,SNE,3680009.0084145,1759286.925,5317506.55,152
0.7,0.2,DS Juv = 0.3,MAT,51587765.2887845,35529488.625,67986489.4,565
0.7,0.2,DS Juv = 0.3,NNE,724506249.518369,530970539.75,939141118.65,789
0.7,0.2,DS Juv = 0.3,SNE,3752227.06685628,2322791,5191752.4,141
0.7,0.2,DS Juv = 0.4,MAT,54086715.2167336,38088395.675,72955292.625,554
0.7,0.2,DS Juv = 0.4,NNE,740377896.282725,532198168.975,955967869.1,830
0.7,0.2,DS Juv = 0.4,SNE,4304864.6153583,2703650.55,5713813.5,114
0.7,0.2,DS Juv = 0.5,MAT,55979510.3204923,38337713.35,71976257,541
0.7,0.2,DS Juv = 0.5,NNE,745364850.614994,525794927.075,980142077.025,829
0.7,0.2,DS Juv = 0.5,SNE,4977565.20167112,2995512.925,6910091.65,144
0.7,0.2,DS Juv = 0.6,MAT,60136865.0339646,43668720.45,77812451.25,534
0.7,0.2,DS Juv = 0.6,NNE,755854686.848353,527501787.775,998229545.375,785
0.7,0.2,DS Juv = 0.6,SNE,5402988.38284933,3414236.375,7081990.675,142
0.7,0.2,DS Juv = 0.7,MAT,63258146.8759632,42989730.25,82962780.3,516
0.7,0.2,DS Juv = 0.7,NNE,784609914.531016,540385864.175,1021081756.85,779
0.7,0.2,DS Juv = 0.7,SNE,6127267.92398432,4170191.35,8422310.5,151
0.7,0.2,DS Juv = 0.8,MAT,68426281.4969864,47203700.425,89719906.775,491
0.7,0.2,DS Juv = 0.8,NNE,803140081.488772,566612002,1017362403.75,838
0.7,0.2,DS Juv = 0.8,SNE,7565556.53786683,4726116.65,11494223.225,147
0.7,0.2,DS Juv = 0.9,MAT,71715334.4035588,49290434.3,93677896.65,537
0.7,0.2,DS Juv = 0.9,NNE,844578721.158413,570436814.15,1096564145.05,832
0.7,0.2,DS Juv = 0.9,SNE,8337497.67309709,5823616.65,10590372.2,145
0.7,0.2,DS Juv = 1,MAT,80318931.8837836,55641091.7,104803551.05,538
0.7,0.2,DS Juv = 1,NNE,870944841.134264,627622643.225,1147668257.55,826
0.7,0.2,DS Juv = 1,SNE,9898830.8292163,7111156.9,12549038.875,128
0.7,0.3,DS Juv = 0,MAT,47458203.2762501,31843530.2,62357663.5,511
0.7,0.3,DS Juv = 0,NNE,709229309.775326,511642008.8,949143936.1,832
0.7,0.3,DS Juv = 0,SNE,3058220.2953405,1075150.75,4744485.6,153
0.7,0.3,DS Juv = 0.1,MAT,48166145.3858905,34122523.075,64380099.275,527
0.7,0.3,DS Juv = 0.1,NNE,696216059.889466,484569750.325,873030176.775,849
0.7,0.3,DS Juv = 0.1,SNE,3510035.91375458,2182946.575,4922425.3,138
0.7,0.3,DS Juv = 0.2,MAT,51052596.1989541,36091342.95,67296527.725,567
0.7,0.3,DS Juv = 0.2,NNE,723140626.321659,506401373.6,931950372.2,836
0.7,0.3,DS Juv = 0.2,SNE,3674900.37737145,2028109.2,5245303.95,142
0.7,0.3,DS Juv = 0.3,MAT,52988071.2228512,37396286.625,70540336.3,539
0.7,0.3,DS Juv = 0.3,NNE,728275547.528685,532119403.75,955176598.25,865
0.7,0.3,DS Juv = 0.3,SNE,4178135.86810412,2368600.85,6088862.725,143
0.7,0.3,DS Juv = 0.4,MAT,54832182.0996573,36596771.3,74647949.175,539
0.7,0.3,DS Juv = 0.4,NNE,714795209.976493,503229174.125,911975555.725,797
0.7,0.3,DS Juv = 0.4,SNE,4378734.30258621,2377545.45,6195094.05,139
0.7,0.3,DS Juv = 0.5,MAT,56814716.0236565,38050544.85,74602460.275,538
0.7,0.3,DS Juv = 0.5,NNE,743363446.954996,512900427.9,978455346.525,821
0.7,0.3,DS Juv = 0.5,SNE,5077527.59572898,3099814.175,6951541.125,146
0.7,0.3,DS Juv = 0.6,MAT,60292017.1151818,42690771.575,78985176.4,543
0.7,0.3,DS Juv = 0.6,NNE,767605070.690587,571278092.15,986909121.3,843
0.7,0.3,DS Juv = 0.6,SNE,5836003.44931678,3827944.7,8145230.8,145
0.7,0.3,DS Juv = 0.7,MAT,65350024.5298971,45577241.2,85754653.575,527
0.7,0.3,DS Juv = 0.7,NNE,787101964.76608,546811682.675,1012389276.975,772
0.7,0.3,DS Juv = 0.7,SNE,6191948.26631377,3895511.175,8453785.525,119
0.7,0.3,DS Juv = 0.8,MAT,69717926.5255082,47579094.2,91956627.35,530
0.7,0.3,DS Juv = 0.8,NNE,815838837.82489,571411674.5,1071322790.35,823
0.7,0.3,DS Juv = 0.8,SNE,7488962.79234001,4639328.2,9815355.875,128
0.7,0.3,DS Juv = 0.9,MAT,75373306.2891427,52077159.475,99300641.75,525
0.7,0.3,DS Juv = 0.9,NNE,842199546.638018,592848521.2,1096058146.4,866
0.7,0.3,DS Juv = 0.9,SNE,8633195.4954048,5614290.625,11456347.65,124
0.7,0.3,DS Juv = 1,MAT,80753359.698732,58056483.8,103670923.55,521
0.7,0.3,DS Juv = 1,NNE,873562960.76101,629504485.575,1123222993.35,797
0.7,0.3,DS Juv = 1,SNE,9659715.64497549,6457276.7,12689237.425,155
0.7,0.4,DS Juv = 0,MAT,49720433.9784531,34155349.075,67926057.325,527
0.7,0.4,DS Juv = 0,NNE,692260824.586593,470952704.2,895807949.575,788
0.7,0.4,DS Juv = 0,SNE,3239288.40268875,1003094.425,4745866.45,134
0.7,0.4,DS Juv = 0.1,MAT,50749618.4982472,32477678.825,67750754.225,557
0.7,0.4,DS Juv = 0.1,NNE,712921305.011634,468817581.475,921730608.3,899
0.7,0.4,DS Juv = 0.1,SNE,3586395.45018116,1869545.7,5337318.925,125
0.7,0.4,DS Juv = 0.2,MAT,52197710.1533839,36048898.075,69027361.25,541
0.7,0.4,DS Juv = 0.2,NNE,712626488.233552,491351915.425,937402608.1,836
0.7,0.4,DS Juv = 0.2,SNE,3911399.79119776,2365783.175,6055441.675,137
0.7,0.4,DS Juv = 0.3,MAT,54606130.4645538,37876783.7,73276967.45,495
0.7,0.4,DS Juv = 0.3,NNE,746605351.654119,569397350.55,943926968.325,802
0.7,0.4,DS Juv = 0.3,SNE,4286139.04429119,2621660,6460929.1,137
0.7,0.4,DS Juv = 0.4,MAT,55867953.1847215,38053754.15,74860099.425,538
0.7,0.4,DS Juv = 0.4,NNE,750141434.547588,525609631.5,972048287.45,837
0.7,0.4,DS Juv = 0.4,SNE,4683092.85229502,2860736.575,6505733.475,136
0.7,0.4,DS Juv = 0.5,MAT,59732765.7666049,38133563,78790199.6,538
0.7,0.4,DS Juv = 0.5,NNE,761978292.040818,544562240.475,998429154.8,801
0.7,0.4,DS Juv = 0.5,SNE,5081670.61455939,2557038.875,7452255.075,133
0.7,0.4,DS Juv = 0.6,MAT,61745316.7155287,41551984.3,83052483.925,516
0.7,0.4,DS Juv = 0.6,NNE,771477394.741228,523849946.025,1020220025.6,817
0.7,0.4,DS Juv = 0.6,SNE,5659193.4735544,3611553.95,7892551.2,131
0.7,0.4,DS Juv = 0.7,MAT,65653293.7582727,44028041.75,85750498.45,567
0.7,0.4,DS Juv = 0.7,NNE,800433647.359853,581482561,999748029.575,867
0.7,0.4,DS Juv = 0.7,SNE,6416480.93337121,3823774.025,9048376.875,141
0.7,0.4,DS Juv = 0.8,MAT,72707877.1057368,52477387.75,92327801.5,524
0.7,0.4,DS Juv = 0.8,NNE,824014206.370738,569460933.075,1058358646.675,839
0.7,0.4,DS Juv = 0.8,SNE,7463506.64256288,4389968.25,10313640.5,128
0.7,0.4,DS Juv = 0.9,MAT,78324674.1687961,55983294.65,99486654.425,528
0.7,0.4,DS Juv = 0.9,NNE,837387587.139244,584094769.6,1059868099.4,831
0.7,0.4,DS Juv = 0.9,SNE,8671091.90280915,5852922.6,11884334.125,133
0.7,0.4,DS Juv = 1,MAT,83209182.844218,60815721.375,112136057.475,554
0.7,0.4,DS Juv = 1,NNE,914400245.681695,662505430.7,1187968420.6,874
0.7,0.4,DS Juv = 1,SNE,10234211.9166667,7266968.8,13099770.175,121
0.7,0.5,DS Juv = 0,MAT,50305807.5844249,33270666.25,69040392.55,531
0.7,0.5,DS Juv = 0,NNE,691103067.701913,477653820.075,901023764.2,849
0.7,0.5,DS Juv = 0,SNE,3351893.86719214,1711797.6,4943360.475,140
0.7,0.5,DS Juv = 0.1,MAT,51076895.0935714,33749649.2,70518656.025,547
0.7,0.5,DS Juv = 0.1,NNE,725609669.819605,528325089.025,960684305.15,817
0.7,0.5,DS Juv = 0.1,SNE,3796107.63257899,2145591.85,5589202.425,112
0.7,0.5,DS Juv = 0.2,MAT,53048386.4486128,36785863.2,71249468.775,539
0.7,0.5,DS Juv = 0.2,NNE,729598735.13465,503502139.75,966348994.3,818
0.7,0.5,DS Juv = 0.2,SNE,4069894.94372998,2326009.7,6045523.875,128
0.7,0.5,DS Juv = 0.3,MAT,55463293.5040939,35776880.05,72586473.025,529
0.7,0.5,DS Juv = 0.3,NNE,749092703.567672,522301469.075,973518967.575,822
0.7,0.5,DS Juv = 0.3,SNE,4387280.50666133,2645668.225,6487052.2,142
0.7,0.5,DS Juv = 0.4,MAT,59628862.0243887,42185530.55,77835437.775,520
0.7,0.5,DS Juv = 0.4,NNE,754052529.197891,509054670.55,991035776.9,887
0.7,0.5,DS Juv = 0.4,SNE,4952903.93771129,2929815.425,6656295,126
0.7,0.5,DS Juv = 0.5,MAT,60713893.6681929,41179241.2,81344498.275,503
0.7,0.5,DS Juv = 0.5,NNE,759572261.406189,561084866.8,970996415.25,758
0.7,0.5,DS Juv = 0.5,SNE,5404725.96960784,3267433.575,7753288.975,134
0.7,0.5,DS Juv = 0.6,MAT,65680302.0373062,45879135.325,85210434.125,553
0.7,0.5,DS Juv = 0.6,NNE,798851669.607997,576178843.975,1010250627.125,818
0.7,0.5,DS Juv = 0.6,SNE,6078628.75630187,3617155.7,8536417.5,133
0.7,0.5,DS Juv = 0.7,MAT,67485117.5808846,47499718.45,87617844.075,522
0.7,0.5,DS Juv = 0.7,NNE,788125367.337898,533562751.65,1032727986.3,789
0.7,0.5,DS Juv = 0.7,SNE,7008259.15994961,4877445.625,9276411.25,133
0.7,0.5,DS Juv = 0.8,MAT,74699936.0781763,52180787.85,100002453.875,543
0.7,0.5,DS Juv = 0.8,NNE,835084728.364203,589497418.55,1092297196.7,851
0.7,0.5,DS Juv = 0.8,SNE,8121539.65818182,5524086.475,10887037.8,122
0.7,0.5,DS Juv = 0.9,MAT,80120378.3511143,58476038.225,102322002.525,538
0.7,0.5,DS Juv = 0.9,NNE,864089180.86266,627166453.425,1128338092.2,828
0.7,0.5,DS Juv = 0.9,SNE,9146480.27913121,5529457.5,13340587.975,172
0.7,0.5,DS Juv = 1,MAT,85928661.056901,56724344.45,113280389.225,512
0.7,0.5,DS Juv = 1,NNE,916305789.242939,655408001.5,1163624355.85,827
0.7,0.5,DS Juv = 1,SNE,10515529.0976957,7243462.875,14308434.775,127
0.7,0.6,DS Juv = 0,MAT,51332426.2403229,34605167.4,66966980.65,568
0.7,0.6,DS Juv = 0,NNE,708582771.431359,501632252.175,930564494.375,827
0.7,0.6,DS Juv = 0,SNE,3811020.34473167,2376854.35,5261566.35,150
0.7,0.6,DS Juv = 0.1,MAT,53227313.7514559,36504358.175,68782978.225,555
0.7,0.6,DS Juv = 0.1,NNE,725566556.156916,509213262.825,913251987.375,911
0.7,0.6,DS Juv = 0.1,SNE,3894711.70281546,2487230.7,5711424.925,136
0.7,0.6,DS Juv = 0.2,MAT,55438130.3629833,37265637.85,75497356.725,584
0.7,0.6,DS Juv = 0.2,NNE,722998839.460656,494015789.775,950429240.125,876
0.7,0.6,DS Juv = 0.2,SNE,4268996.6875,2416175.85,6487888.55,148
0.7,0.6,DS Juv = 0.3,MAT,58813855.602185,39785221.45,77764832.325,519
0.7,0.6,DS Juv = 0.3,NNE,756672832.890251,541005852.25,990646370.075,830
0.7,0.6,DS Juv = 0.3,SNE,4449530.93607427,2506624.55,6544557.275,138
0.7,0.6,DS Juv = 0.4,MAT,60691661.4011305,42556946.725,78370774.5,502
0.7,0.6,DS Juv = 0.4,NNE,752975121.031088,531407667.175,937953147.8,855
0.7,0.6,DS Juv = 0.4,SNE,4916238.13906329,2706162.85,7187901.7,135
0.7,0.6,DS Juv = 0.5,MAT,61885882.5653999,41991325.875,81796930.325,525
0.7,0.6,DS Juv = 0.5,NNE,782609227.87971,555240100.4,1002935917.55,819
0.7,0.6,DS Juv = 0.5,SNE,5592404.82797619,3484564.05,7881653.4,131
0.7,0.6,DS Juv = 0.6,MAT,66305255.3869039,45721268.55,90718539.275,522
0.7,0.6,DS Juv = 0.6,NNE,790419990.139359,552465973.325,996090993.175,864
0.7,0.6,DS Juv = 0.6,SNE,6416803.61256929,4148531.5,8616803.6,121
0.7,0.6,DS Juv = 0.7,MAT,71216858.9054959,48751344.025,93193207.65,523
0.7,0.6,DS Juv = 0.7,NNE,814446322.487511,578239319.425,1060759628.325,858
0.7,0.6,DS Juv = 0.7,SNE,7132952.25579171,4186438.025,9458559.425,128
0.7,0.6,DS Juv = 0.8,MAT,76464959.7973147,56207841.75,98818758.125,508
0.7,0.6,DS Juv = 0.8,NNE,823094384.733597,550339036.5,1069450290.8,798
0.7,0.6,DS Juv = 0.8,SNE,8117446.58487502,5694453.8,11111710.8,129
0.7,0.6,DS Juv = 0.9,MAT,81919629.0149803,57944981.3,107946920.425,508
0.7,0.6,DS Juv = 0.9,NNE,873067701.12702,636480544.025,1130442285.875,818
0.7,0.6,DS Juv = 0.9,SNE,9523188.23665224,6804443.9,11922200.275,123
0.7,0.6,DS Juv = 1,MAT,90726146.4165924,66084774.775,117560186.45,566
0.7,0.6,DS Juv = 1,NNE,904796943.132449,620698436.6,1172781061.975,793
0.7,0.6,DS Juv = 1,SNE,11253227.5587879,7733374.275,15072547.125,140
0.7,0.7,DS Juv = 0,MAT,54223076.1667168,36649552.325,71123640.275,520
0.7,0.7,DS Juv = 0,NNE,723744142.810643,498803149.65,927623992.725,860
0.7,0.7,DS Juv = 0,SNE,3888775.22593743,1725345.95,5790743,135
0.7,0.7,DS Juv = 0.1,MAT,55667649.0247337,38776301.225,73544468.4,546
0.7,0.7,DS Juv = 0.1,NNE,754181045.955588,549221100.675,970954705.625,871
0.7,0.7,DS Juv = 0.1,SNE,4378590.57488216,2457287.525,6459812.975,137
0.7,0.7,DS Juv = 0.2,MAT,58410725.5924474,38774816.075,77588607.25,548
0.7,0.7,DS Juv = 0.2,NNE,755148867.7903,529418814.25,985496360.4,847
0.7,0.7,DS Juv = 0.2,SNE,4568652.13451301,2729641.65,7173360.975,128
0.7,0.7,DS Juv = 0.3,MAT,58911724.4122214,41362291.375,78350596.4,506
0.7,0.7,DS Juv = 0.3,NNE,744084426.66701,541161398.325,981155884.15,866
0.7,0.7,DS Juv = 0.3,SNE,4951594.73082011,2476319.175,7038847,117
0.7,0.7,DS Juv = 0.4,MAT,63535894.311428,41659030.55,84264262.275,557
0.7,0.7,DS Juv = 0.4,NNE,765853193.962096,531072144.65,987957950.125,800
0.7,0.7,DS Juv = 0.4,SNE,5340641.67287369,3548501.8,7330665.675,112
0.7,0.7,DS Juv = 0.5,MAT,65805998.7091217,45690915.775,88191179.9,560
0.7,0.7,DS Juv = 0.5,NNE,789082742.44645,556549341.825,1059804676.475,879
0.7,0.7,DS Juv = 0.5,SNE,5956024.49659366,3515472.15,8700341.35,130
0.7,0.7,DS Juv = 0.6,MAT,69732915.9030299,47594087.675,92529186.6,504
0.7,0.7,DS Juv = 0.6,NNE,808350354.174913,583452410.675,1058448107.75,843
0.7,0.7,DS Juv = 0.6,SNE,6705867.66587007,4188220.775,8756069.025,133
0.7,0.7,DS Juv = 0.7,MAT,74573792.7454191,53441721.925,98973523.1,539
0.7,0.7,DS Juv = 0.7,NNE,844255872.561015,599980326.675,1111352174.65,852
0.7,0.7,DS Juv = 0.7,SNE,7582820.82954879,5082881.525,10426007.675,152
0.7,0.7,DS Juv = 0.8,MAT,79875134.7420656,57178481.75,105846904.675,496
0.7,0.7,DS Juv = 0.8,NNE,856939685.603632,588279729.9,1122311066.3,847
0.7,0.7,DS Juv = 0.8,SNE,8906191.34360391,6211345.9,11669658.75,137
0.7,0.7,DS Juv = 0.9,MAT,87273966.5371842,63697889.45,113420510.825,535
0.7,0.7,DS Juv = 0.9,NNE,895684117.514198,652441387.875,1134007630.475,869
0.7,0.7,DS Juv = 0.9,SNE,10207320.0204023,7433933.65,13387254.15,149
0.7,0.7,DS Juv = 1,MAT,94926654.9994421,65557446.025,122844414.4,534
0.7,0.7,DS Juv = 1,NNE,942058657.505248,675383047.475,1257189633.4,782
0.7,0.7,DS Juv = 1,SNE,11963900.0003901,8512270.775,15846022.65,130
0.7,0.8,DS Juv = 0,MAT,56009170.1958138,38555288.175,75629744.05,521
0.7,0.8,DS Juv = 0,NNE,744224737.59433,524238433.65,968075803.5,781
0.7,0.8,DS Juv = 0,SNE,4376667.39723591,2664783.275,6248701.15,128
0.7,0.8,DS Juv = 0.1,MAT,57825201.3434337,38592593.175,77024105.425,541
0.7,0.8,DS Juv = 0.1,NNE,757582807.8966,532669562.25,1019842259.325,811
0.7,0.8,DS Juv = 0.1,SNE,4445449.04542125,2358351.975,6450761,122
0.7,0.8,DS Juv = 0.2,MAT,60837609.1122746,42955676.05,79829090.15,516
0.7,0.8,DS Juv = 0.2,NNE,753091462.601621,556894216.9,962383942.475,825
0.7,0.8,DS Juv = 0.2,SNE,5100995.84118037,2861090,7722653.975,139
0.7,0.8,DS Juv = 0.3,MAT,61741841.8673254,39376534.975,79246367.475,527
0.7,0.8,DS Juv = 0.3,NNE,785229464.947304,535083043.25,1010502213.7,850
0.7,0.8,DS Juv = 0.3,SNE,5684258.52507576,3790710.825,7634785.475,133
0.7,0.8,DS Juv = 0.4,MAT,65335168.5480978,46264755.05,86000481.9,512
0.7,0.8,DS Juv = 0.4,NNE,791282951.869828,560853215.85,1048348968.775,811
0.7,0.8,DS Juv = 0.4,SNE,5821714.60610493,3776727.525,7826526.65,112
0.7,0.8,DS Juv = 0.5,MAT,69985908.0799952,50486932.7,93044830.65,588
0.7,0.8,DS Juv = 0.5,NNE,796507696.911425,541119226.5,1045987304.8,826
0.7,0.8,DS Juv = 0.5,SNE,6529017.57467532,4109632.525,9359262.975,116
0.7,0.8,DS Juv = 0.6,MAT,74738229.5784837,51052733.95,96532330.825,523
0.7,0.8,DS Juv = 0.6,NNE,818775898.940454,580487161.125,1094644700.275,826
0.7,0.8,DS Juv = 0.6,SNE,7347275.44474434,4318946.5,10644939.325,133
0.7,0.8,DS Juv = 0.7,MAT,77646328.8530044,55325097.05,102225899.25,549
0.7,0.8,DS Juv = 0.7,NNE,869439347.379559,630054849.525,1145041920.925,877
0.7,0.8,DS Juv = 0.7,SNE,8338714.44735254,4912502.175,11487201.85,124
0.7,0.8,DS Juv = 0.8,MAT,83583952.2726526,57715967.75,109887879.05,551
0.7,0.8,DS Juv = 0.8,NNE,906013795.035746,660597970.35,1186753452.825,827
0.7,0.8,DS Juv = 0.8,SNE,9174996.07409963,5422210.15,12574179.45,136
0.7,0.8,DS Juv = 0.9,MAT,91440030.4369268,64189535.825,119399971.325,559
0.7,0.8,DS Juv = 0.9,NNE,921678193.803302,672125359.525,1183289086.225,836
0.7,0.8,DS Juv = 0.9,SNE,11271312.1148276,7992520.2,14573280.05,132
0.7,0.8,DS Juv = 1,MAT,99169761.4750702,66964471.4,129703269.425,523
0.7,0.8,DS Juv = 1,NNE,970834356.567443,701943701.575,1255871659.925,799
0.7,0.8,DS Juv = 1,SNE,12486600.0538043,8926940.35,16954810.45,141
0.7,0.9,DS Juv = 0,MAT,59758283.2182237,40012270.575,79597683.925,563
0.7,0.9,DS Juv = 0,NNE,747232315.805613,535180486.675,966963175.55,797
0.7,0.9,DS Juv = 0,SNE,4734991.23822907,3167744.275,6511258.55,142
0.7,0.9,DS Juv = 0.1,MAT,61794394.9610668,43138393.375,82644636.65,515
0.7,0.9,DS Juv = 0.1,NNE,778229805.373599,555247464.425,1014043659.675,787
0.7,0.9,DS Juv = 0.1,SNE,5205315.5983452,3032270.925,7467069.55,119
0.7,0.9,DS Juv = 0.2,MAT,63563487.3725105,45448725.225,84932493,576
0.7,0.9,DS Juv = 0.2,NNE,778545810.718891,545530747.4,1031311432.675,816
0.7,0.9,DS Juv = 0.2,SNE,5847616.69732522,3599947.125,8432615.825,127
0.7,0.9,DS Juv = 0.3,MAT,66300007.4377503,48298638.4,87364349.75,505
0.7,0.9,DS Juv = 0.3,NNE,801018786.770926,555623335.775,1058368121.875,838
0.7,0.9,DS Juv = 0.3,SNE,6116854.60236141,4387409.45,8407752.75,120
0.7,0.9,DS Juv = 0.4,MAT,69191909.0015367,46244998.175,90588720.2,575
0.7,0.9,DS Juv = 0.4,NNE,833481408.775273,591786894.125,1083108111.725,805
0.7,0.9,DS Juv = 0.4,SNE,6606430.63185236,4039914.275,8937302.15,137
0.7,0.9,DS Juv = 0.5,MAT,73638981.0145863,51555094.5,97021662.075,643
0.7,0.9,DS Juv = 0.5,NNE,846919939.560057,566097615.675,1131302716.45,875
0.7,0.9,DS Juv = 0.5,SNE,6944400.11255634,4684221.4,9737026.65,129
0.7,0.9,DS Juv = 0.6,MAT,79531544.5300387,56390827.55,103087555.225,500
0.7,0.9,DS Juv = 0.6,NNE,847932650.184072,613989665.9,1117203184.75,810
0.7,0.9,DS Juv = 0.6,SNE,8107297.45553277,5602786.325,10485999.325,116
0.7,0.9,DS Juv = 0.7,MAT,83036150.4301942,57797888.2,107007785.975,559
0.7,0.9,DS Juv = 0.7,NNE,875209180.571899,613884027.5,1120538116.35,859
0.7,0.9,DS Juv = 0.7,SNE,9558805.13409754,5879611.425,12830477.375,130
0.7,0.9,DS Juv = 0.8,MAT,90922535.66833,63647717.725,120114202.425,552
0.7,0.9,DS Juv = 0.8,NNE,911025291.243869,649046859.225,1200540100.25,792
0.7,0.9,DS Juv = 0.8,SNE,10519354.1161433,7012873.625,13498891.55,141
0.7,0.9,DS Juv = 0.9,MAT,97063934.3525005,70504352.3,124268956.2,532
0.7,0.9,DS Juv = 0.9,NNE,948496001.277225,683942117.275,1241045978.7,820
0.7,0.9,DS Juv = 0.9,SNE,11914390.2066667,8105217.3,15262159.725,121
0.7,0.9,DS Juv = 1,MAT,107095958.287261,76889487.2,138574717.85,549
0.7,0.9,DS Juv = 1,NNE,1012597959.12707,727006805.575,1293064436.35,830
0.7,0.9,DS Juv = 1,SNE,14103447.6576698,9993926.675,18516630.25,126
0.7,1,DS Juv = 0,MAT,63768838.5248595,42444245.025,82020613.875,569
0.7,1,DS Juv = 0,NNE,788286983.162002,538318835.65,1049548048.125,864
0.7,1,DS Juv = 0,SNE,6003027.14615385,3283209.375,8133925.3,134
0.7,1,DS Juv = 0.1,MAT,65342671.0347876,46740697.175,86109304.925,541
0.7,1,DS Juv = 0.1,NNE,801560545.556368,556875528.075,1061705789.45,863
0.7,1,DS Juv = 0.1,SNE,6175793.27159852,4283664.125,8274988.775,129
0.7,1,DS Juv = 0.2,MAT,69035210.9314411,48134384.725,91934952.15,543
0.7,1,DS Juv = 0.2,NNE,810716364.045917,596394121,1036380158.775,840
0.7,1,DS Juv = 0.2,SNE,6212905.99480622,3396394.7,8707880.825,109
0.7,1,DS Juv = 0.3,MAT,71748672.4191858,50313508.65,95388006.275,567
0.7,1,DS Juv = 0.3,NNE,824236468.749789,611579706.575,1090273945,847
0.7,1,DS Juv = 0.3,SNE,7234930.09416204,4408863.975,10790409.775,108
0.7,1,DS Juv = 0.4,MAT,74452005.7069487,51923042.9,98787563.65,568
0.7,1,DS Juv = 0.4,NNE,834198830.44764,579024466.95,1053623207.8,796
0.7,1,DS Juv = 0.4,SNE,7412886.22677225,4645406.675,10205459.35,128
0.7,1,DS Juv = 0.5,MAT,79691205.4048948,56191631.725,106011627.5,512
0.7,1,DS Juv = 0.5,NNE,842516347.821745,565189691.05,1121265527.15,869
0.7,1,DS Juv = 0.5,SNE,8810896.86576643,5609427.725,12361310.8,142
0.7,1,DS Juv = 0.6,MAT,84153739.8163458,58414548.05,108979134.275,596
0.7,1,DS Juv = 0.6,NNE,881801572.363916,615072679.55,1168813722.1,875
0.7,1,DS Juv = 0.6,SNE,9984747.82485081,7306679.95,13431998.075,132
0.7,1,DS Juv = 0.7,MAT,91588110.7567162,66552577.925,117104811.35,497
0.7,1,DS Juv = 0.7,NNE,897467025.698414,601515557.675,1161977405.725,825
0.7,1,DS Juv = 0.7,SNE,10898868.4859743,7562748.075,14903764.075,128
0.7,1,DS Juv = 0.8,MAT,97851735.1954288,65261341.625,130052333.575,479
0.7,1,DS Juv = 0.8,NNE,960711192.758652,716882567.875,1220992026.15,786
0.7,1,DS Juv = 0.8,SNE,12480069.1095559,8515037.125,16850694.925,142
0.7,1,DS Juv = 0.9,MAT,106850423.835596,77406048.35,139249847.7,506
0.7,1,DS Juv = 0.9,NNE,998848435.886401,728398108.35,1285428447.5,822
0.7,1,DS Juv = 0.9,SNE,14280963.900049,9297242.525,19718601.4,169
0.7,1,DS Juv = 1,MAT,117940241.711671,84690559.925,152973525.55,542
0.7,1,DS Juv = 1,NNE,1059356407.62338,768800352.575,1409264063.675,850
0.7,1,DS Juv = 1,SNE,16185323.9656039,12077074.05,21982308.3,127
0.8,0,DS Juv = 0,MAT,41857735.4457126,28043585.675,54480008.05,529
0.8,0,DS Juv = 0,NNE,658671759.314023,449914925.6,857588409,885
0.8,0,DS Juv = 0,SNE,2081950.38542986,606835.575,3474464.825,151
0.8,0,DS Juv = 0.1,MAT,43295187.1435811,28536553.675,57023617.4,566
0.8,0,DS Juv = 0.1,NNE,666452679.104342,489974676.025,881554585.275,841
0.8,0,DS Juv = 0.1,SNE,2337605.71594795,1251321.75,3452808.5,133
0.8,0,DS Juv = 0.2,MAT,43405836.3006436,29427725.2,57674198.075,514
0.8,0,DS Juv = 0.2,NNE,649502239.301808,478608690.575,838839097.825,849
0.8,0,DS Juv = 0.2,SNE,2716221.87791412,1369626.8,4435159.75,136
0.8,0,DS Juv = 0.3,MAT,46612598.1189646,30874047.375,62177616.2,548
0.8,0,DS Juv = 0.3,NNE,698084230.432799,498045703.675,926453279.05,855
0.8,0,DS Juv = 0.3,SNE,2998107.25,1884121.675,4570611.4,122
0.8,0,DS Juv = 0.4,MAT,48561621.4789433,32130613.4,62747386.15,531
0.8,0,DS Juv = 0.4,NNE,690477449.87454,470932534.55,909643235.3,840
0.8,0,DS Juv = 0.4,SNE,3442604.27577598,1671817.375,5143741.35,129
0.8,0,DS Juv = 0.5,MAT,52796308.8409255,37373769.15,67236259.075,525
0.8,0,DS Juv = 0.5,NNE,710910971.131783,483559011.65,953917250.075,804
0.8,0,DS Juv = 0.5,SNE,3961997.55290362,1633838.75,6308033.4,123
0.8,0,DS Juv = 0.6,MAT,56274500.8022386,37207503.275,74749699.425,581
0.8,0,DS Juv = 0.6,NNE,717134157.721036,497392306.325,937782466.85,814
0.8,0,DS Juv = 0.6,SNE,4922904.32908846,2591959.775,6855243.725,123
0.8,0,DS Juv = 0.7,MAT,60161797.8469156,39611304.125,78940393.075,515
0.8,0,DS Juv = 0.7,NNE,735514255.944983,492198361,969790997.5,842
0.8,0,DS Juv = 0.7,SNE,6096198.71824492,3490100.275,8514883,134
0.8,0,DS Juv = 0.8,MAT,64973549.3901662,42574340.8,86195129.05,504
0.8,0,DS Juv = 0.8,NNE,785235942.178677,546026201.875,1007015979.45,857
0.8,0,DS Juv = 0.8,SNE,7429083.21257576,4746962.625,10435112.325,127
0.8,0,DS Juv = 0.9,MAT,73751199.4973067,51123466.725,97121354.4,514
0.8,0,DS Juv = 0.9,NNE,834726974.804836,617479158.225,1067213573.85,804
0.8,0,DS Juv = 0.9,SNE,9011522.16523979,5861228.875,11761130.15,146
0.8,0,DS Juv = 1,MAT,83146237.7941202,58309122.1,109765905.825,524
0.8,0,DS Juv = 1,NNE,892547409.091021,608454590.575,1181652898.025,866
0.8,0,DS Juv = 1,SNE,11187629.406015,7304131.475,15885129.35,150
0.8,0.1,DS Juv = 0,MAT,41867104.5328753,28039701.75,55801497.95,493
0.8,0.1,DS Juv = 0,NNE,662170684.661828,442407331.75,894708337.15,847
0.8,0.1,DS Juv = 0,SNE,2225846.77649685,952125.8,3463229.75,131
0.8,0.1,DS Juv = 0.1,MAT,43580713.9437443,28754650.575,59570242.5,565
0.8,0.1,DS Juv = 0.1,NNE,669273725.437723,459437477.9,854220064.85,837
0.8,0.1,DS Juv = 0.1,SNE,2591245.21058275,1410822.55,3928600.175,147
0.8,0.1,DS Juv = 0.2,MAT,45521130.6213161,30390436.6,60690096.075,556
0.8,0.1,DS Juv = 0.2,NNE,663598585.505355,476926119.6,873947647.525,806
0.8,0.1,DS Juv = 0.2,SNE,2741554.67724868,1564652.7,3805939.725,122
0.8,0.1,DS Juv = 0.3,MAT,47594726.0986136,31500257.425,64273895,560
0.8,0.1,DS Juv = 0.3,NNE,683660368.055333,502406028.7,878098750.875,837
0.8,0.1,DS Juv = 0.3,SNE,3078919.02315145,1402499.275,4820637.95,137
0.8,0.1,DS Juv = 0.4,MAT,50581670.3262955,33093846.05,67477875.325,544
0.8,0.1,DS Juv = 0.4,NNE,685897524.31078,473058559.025,902176522.4,789
0.8,0.1,DS Juv = 0.4,SNE,3578357.36524471,1508629.25,5344195.8,132
0.8,0.1,DS Juv = 0.5,MAT,53850382.6715203,34890113.6,72920171.025,565
0.8,0.1,DS Juv = 0.5,NNE,702884845.882329,457545417.775,916292846.4,770
0.8,0.1,DS Juv = 0.5,SNE,4161659.36465414,2325896.775,5936069.675,143
0.8,0.1,DS Juv = 0.6,MAT,56738001.8552852,38223110.325,75636020.4,541
0.8,0.1,DS Juv = 0.6,NNE,733876589.546785,504264519.825,951853602.8,875
0.8,0.1,DS Juv = 0.6,SNE,4708084.96590909,2019798,6879608.325,147
0.8,0.1,DS Juv = 0.7,MAT,61954536.596969,42722425.925,81974102.75,553
0.8,0.1,DS Juv = 0.7,NNE,756231650.535975,536893274.25,999155024.35,896
0.8,0.1,DS Juv = 0.7,SNE,5893879.18125,3257925.425,8172090.3,129
0.8,0.1,DS Juv = 0.8,MAT,68182031.1433682,47649978.225,88098128.2,489
0.8,0.1,DS Juv = 0.8,NNE,795118680.60295,553884936.975,1085475649.8,828
0.8,0.1,DS Juv = 0.8,SNE,7113802.05267536,4682881.325,9443984.825,138
0.8,0.1,DS Juv = 0.9,MAT,74266583.907894,50368624.275,96544235.15,505
0.8,0.1,DS Juv = 0.9,NNE,835208542.140623,599807332.2,1082550359.675,826
0.8,0.1,DS Juv = 0.9,SNE,8652912.57023569,6274860.875,11400921,130
0.8,0.1,DS Juv = 1,MAT,85160655.0790204,61318020.425,108790637.825,501
0.8,0.1,DS Juv = 1,NNE,891056274.056739,619450854.125,1144945237.85,871
0.8,0.1,DS Juv = 1,SNE,11414706.5702084,7551089.5,15359163,149
0.8,0.2,DS Juv = 0,MAT,42084738.9932845,28548518.75,56510541.95,531
0.8,0.2,DS Juv = 0,NNE,650834958.863666,431285194.875,857488961.575,843
0.8,0.2,DS Juv = 0,SNE,2293670.6291983,1151921.075,3238229.75,125
0.8,0.2,DS Juv = 0.1,MAT,44558248.2693568,28793123,61633600.4,540
0.8,0.2,DS Juv = 0.1,NNE,679947454.166253,475422993.425,889865818.9,874
0.8,0.2,DS Juv = 0.1,SNE,2817310.04232203,1110045.875,4340117.8,130
0.8,0.2,DS Juv = 0.2,MAT,46748673.3728191,33759267.225,62664420,544
0.8,0.2,DS Juv = 0.2,NNE,682265508.98231,465232380.225,900306420.675,842
0.8,0.2,DS Juv = 0.2,SNE,2913075.95387488,1637381.3,4525801.85,136
0.8,0.2,DS Juv = 0.3,MAT,48127049.9079808,33505565.475,66494962.575,487
0.8,0.2,DS Juv = 0.3,NNE,693209195.701433,446094842.6,882177284.475,774
0.8,0.2,DS Juv = 0.3,SNE,3013011.98715477,1559170.075,4816656.425,128
0.8,0.2,DS Juv = 0.4,MAT,51095516.1253404,33253715.275,69629047.975,537
0.8,0.2,DS Juv = 0.4,NNE,686455719.228699,468849655.725,879304870.025,862
0.8,0.2,DS Juv = 0.4,SNE,3714368.4473519,2278835.75,5295623.55,125
0.8,0.2,DS Juv = 0.5,MAT,55101798.1219894,37629040.425,73140883.675,493
0.8,0.2,DS Juv = 0.5,NNE,704916876.183035,479331376.925,922163029.3,835
0.8,0.2,DS Juv = 0.5,SNE,3939054.23169044,2215682.25,5571705.625,146
0.8,0.2,DS Juv = 0.6,MAT,59013857.5705987,39358586.525,76343887.25,515
0.8,0.2,DS Juv = 0.6,NNE,754320925.901465,533355827.6,942675521.05,821
0.8,0.2,DS Juv = 0.6,SNE,5069206.7951564,2732858.45,7102818.2,127
0.8,0.2,DS Juv = 0.7,MAT,63689680.7720822,43856114.625,84478918.9,526
0.8,0.2,DS Juv = 0.7,NNE,758775484.409471,541009155.325,996287927.95,786
0.8,0.2,DS Juv = 0.7,SNE,6188981.3738354,3488546.425,8342807.225,116
0.8,0.2,DS Juv = 0.8,MAT,69092766.1273543,46934317.05,90499916.85,570
0.8,0.2,DS Juv = 0.8,NNE,823437636.020889,597942438.525,1048919503.125,787
0.8,0.2,DS Juv = 0.8,SNE,7326989.97227273,5101082.5,9958947.875,113
0.8,0.2,DS Juv = 0.9,MAT,77107702.4135651,53018838.65,101666365.2,560
0.8,0.2,DS Juv = 0.9,NNE,869472395.937456,609317980.85,1124613429,843
0.8,0.2,DS Juv = 0.9,SNE,9241136.45353366,6400197.125,12795651.025,148
0.8,0.2,DS Juv = 1,MAT,86854837.2660264,62613174.325,111548677.675,566
0.8,0.2,DS Juv = 1,NNE,886772317.562129,639236818.475,1157612637.5,800
0.8,0.2,DS Juv = 1,SNE,11253339.698085,7743368.725,15151390.15,143
0.8,0.3,DS Juv = 0,MAT,44833085.7926594,29435931.2,60608546.4,522
0.8,0.3,DS Juv = 0,NNE,669346812.234864,457938288.7,885193844.375,815
0.8,0.3,DS Juv = 0,SNE,2679874.9513285,1393135.2,4059072.2,128
0.8,0.3,DS Juv = 0.1,MAT,44820744.2706194,29426998.175,61476674.3,534
0.8,0.3,DS Juv = 0.1,NNE,658976960.317948,424691103.75,859515328.6,852
0.8,0.3,DS Juv = 0.1,SNE,2663692.25595238,1287426.3,4200947.6,127
0.8,0.3,DS Juv = 0.2,MAT,47046190.4493425,32004419.925,62247018.475,555
0.8,0.3,DS Juv = 0.2,NNE,675991242.679739,467775474.4,868395015.8,840
0.8,0.3,DS Juv = 0.2,SNE,2827112.31003626,1461224.9,4456600.6,130
0.8,0.3,DS Juv = 0.3,MAT,49923969.8074573,33712241.625,66885532.2,531
0.8,0.3,DS Juv = 0.3,NNE,697178232.204728,512524965.975,881530817.375,798
0.8,0.3,DS Juv = 0.3,SNE,3397525.68511905,1742085.6,5222087.55,145
0.8,0.3,DS Juv = 0.4,MAT,51913919.0001779,35104566.5,70400022.45,548
0.8,0.3,DS Juv = 0.4,NNE,697958112.154302,481884660.25,909587170.375,817
0.8,0.3,DS Juv = 0.4,SNE,3730078.14234495,2092001.8,5263328.225,128
0.8,0.3,DS Juv = 0.5,MAT,56428858.7448084,37760259.075,75194878.45,538
0.8,0.3,DS Juv = 0.5,NNE,731152026.736211,502885903.95,952331063.05,836
0.8,0.3,DS Juv = 0.5,SNE,4385655.8563716,2422383.675,6705425.9,154
0.8,0.3,DS Juv = 0.6,MAT,59477194.6002349,40178359.425,79887378.725,551
0.8,0.3,DS Juv = 0.6,NNE,745373665.621945,481122859.675,1007027553.675,869
0.8,0.3,DS Juv = 0.6,SNE,5245789.46085788,2774405,6990950.925,134
0.8,0.3,DS Juv = 0.7,MAT,64921004.5198533,43128378.1,86658536.775,537
0.8,0.3,DS Juv = 0.7,NNE,774650953.594745,530379338.95,1003854855.35,848
0.8,0.3,DS Juv = 0.7,SNE,6237079.09331408,3584369.4,8294600.475,146
0.8,0.3,DS Juv = 0.8,MAT,71209366.7615904,47748456.675,95703444.825,498
0.8,0.3,DS Juv = 0.8,NNE,804285640.556016,587992235.05,1035309306.1,822
0.8,0.3,DS Juv = 0.8,SNE,7432757.27178768,4694433.375,9820054,130
0.8,0.3,DS Juv = 0.9,MAT,77702650.292199,53623898.325,101490148.775,561
0.8,0.3,DS Juv = 0.9,NNE,878541129.705341,619681412.15,1139067528.6,806
0.8,0.3,DS Juv = 0.9,SNE,9596206.09200446,6617859.7,12816240.25,141
0.8,0.3,DS Juv = 1,MAT,88923123.1798391,60699841.25,118699969.175,526
0.8,0.3,DS Juv = 1,NNE,930339652.756564,634861731.75,1221621826.675,783
0.8,0.3,DS Juv = 1,SNE,11022307.2086813,8087351.775,13812506.025,121
0.8,0.4,DS Juv = 0,MAT,45165508.0986309,28355726.625,59908790.3,580
0.8,0.4,DS Juv = 0,NNE,678209483.27464,495601643.35,867395039.2,800
0.8,0.4,DS Juv = 0,SNE,2408952.33416928,674308.95,3852134.625,161
0.8,0.4,DS Juv = 0.1,MAT,46347249.4165862,29356892.8,62591892.6,536
0.8,0.4,DS Juv = 0.1,NNE,671981235.409397,500077033.35,872523627.375,810
0.8,0.4,DS Juv = 0.1,SNE,2814245.4515942,1664326.075,4123354.2,123
0.8,0.4,DS Juv = 0.2,MAT,47569112.5184757,31247426.15,63359434.825,507
0.8,0.4,DS Juv = 0.2,NNE,691765990.548228,514676608.7,901280383.225,798
0.8,0.4,DS Juv = 0.2,SNE,2956541.98668292,867840.175,4696192.525,150
0.8,0.4,DS Juv = 0.3,MAT,50582632.3302157,33515880,67993781.175,577
0.8,0.4,DS Juv = 0.3,NNE,713435011.993793,503362289.7,920002976.35,855
0.8,0.4,DS Juv = 0.3,SNE,3376273.94484849,1613015.225,4879208.825,130
0.8,0.4,DS Juv = 0.4,MAT,53970517.1969118,35821798,72538623.775,554
0.8,0.4,DS Juv = 0.4,NNE,694513138.975844,490652418.05,894455045.7,879
0.8,0.4,DS Juv = 0.4,SNE,3881801.44272394,2121199.15,5729926.05,132
0.8,0.4,DS Juv = 0.5,MAT,57626673.5580158,37942247.575,76110330.175,517
0.8,0.4,DS Juv = 0.5,NNE,732691838.960516,512060270.25,927596464.15,796
0.8,0.4,DS Juv = 0.5,SNE,4655152.42666157,2482861.3,6406240.8,144
0.8,0.4,DS Juv = 0.6,MAT,60397796.7204864,39163287.1,82141412.35,526
0.8,0.4,DS Juv = 0.6,NNE,756712325.969506,518958509,1008021689,872
0.8,0.4,DS Juv = 0.6,SNE,5232500.16344697,2804178.8,7448123.7,136
0.8,0.4,DS Juv = 0.7,MAT,65644455.8819377,44882973.125,86250593.925,510
0.8,0.4,DS Juv = 0.7,NNE,789571834.683693,536566429.625,1036102454.35,857
0.8,0.4,DS Juv = 0.7,SNE,6396821.01877832,3820565.3,8839625.4,122
0.8,0.4,DS Juv = 0.8,MAT,72699353.8560926,49879413.475,96100653.875,546
0.8,0.4,DS Juv = 0.8,NNE,819881810.901107,534153415.725,1074561034.9,854
0.8,0.4,DS Juv = 0.8,SNE,7729498.08333333,5391339.625,11560525.2,144
0.8,0.4,DS Juv = 0.9,MAT,80877473.9616558,55473265.05,106961303.825,539
0.8,0.4,DS Juv = 0.9,NNE,852448066.111346,561509545.4,1126445622.7,843
0.8,0.4,DS Juv = 0.9,SNE,9519265.41755879,6473571.3,12594816,135
0.8,0.4,DS Juv = 1,MAT,90576298.7707126,63921404.7,120532683.15,534
0.8,0.4,DS Juv = 1,NNE,948116893.605641,681080247.125,1225968620.325,833
0.8,0.4,DS Juv = 1,SNE,12389397.2824873,8543166.5,16140227,130
0.8,0.5,DS Juv = 0,MAT,46668510.9201858,30926828,63243563.525,517
0.8,0.5,DS Juv = 0,NNE,675976631.062707,480961411.25,896640532.225,851
0.8,0.5,DS Juv = 0,SNE,2666369.82983193,1696442.325,4031482.575,128
0.8,0.5,DS Juv = 0.1,MAT,47773040.2796532,32275279.2,64551050.425,448
0.8,0.5,DS Juv = 0.1,NNE,695926788.082252,510377136.775,904072377.5,847
0.8,0.5,DS Juv = 0.1,SNE,2765578.82554945,1388926.95,4540973.1,111
0.8,0.5,DS Juv = 0.2,MAT,50450929.3574115,34302668.025,67602614.225,509
0.8,0.5,DS Juv = 0.2,NNE,709088098.650634,507719163.275,895268614.725,841
0.8,0.5,DS Juv = 0.2,SNE,2988096.62318828,1503394.775,4681613.95,143
0.8,0.5,DS Juv = 0.3,MAT,53106412.4790723,35670637.45,73430359.4,545
0.8,0.5,DS Juv = 0.3,NNE,718343682.647696,489499993.325,932302342.175,870
0.8,0.5,DS Juv = 0.3,SNE,3694484.15963285,1870416.725,5761761,125
0.8,0.5,DS Juv = 0.4,MAT,55270659.986839,39033953.5,70586083.325,581
0.8,0.5,DS Juv = 0.4,NNE,725855473.697024,532268254.425,954404049.25,796
0.8,0.5,DS Juv = 0.4,SNE,4064630.3700101,2075122.95,6224885.825,121
0.8,0.5,DS Juv = 0.5,MAT,60350370.5093012,41191859.625,79213648.125,537
0.8,0.5,DS Juv = 0.5,NNE,739305292.619917,507066607.275,959034343.5,802
0.8,0.5,DS Juv = 0.5,SNE,4527161.74451613,2416583.825,6777403.85,128
0.8,0.5,DS Juv = 0.6,MAT,63059076.5301813,40840332.825,84152966.7,520
0.8,0.5,DS Juv = 0.6,NNE,754181374.839887,514609114.025,968447211.175,849
0.8,0.5,DS Juv = 0.6,SNE,5810412.16089668,3419368.05,8577134.35,148
0.8,0.5,DS Juv = 0.7,MAT,68596582.8412979,46618325.775,89299035.675,496
0.8,0.5,DS Juv = 0.7,NNE,803308573.738429,546846513.725,1025876450.45,844
0.8,0.5,DS Juv = 0.7,SNE,6688324.04331984,4418678.275,9267796.525,119
0.8,0.5,DS Juv = 0.8,MAT,74866023.7258947,52459094.325,97783850.275,555
0.8,0.5,DS Juv = 0.8,NNE,827093197.626188,603820445.25,1054360071.775,814
0.8,0.5,DS Juv = 0.8,SNE,7810750.63723317,5286216.375,10997897,132
0.8,0.5,DS Juv = 0.9,MAT,84302660.8424175,59057310.775,111239199.875,531
0.8,0.5,DS Juv = 0.9,NNE,874178966.447249,637769317.425,1115240402.575,829
0.8,0.5,DS Juv = 0.9,SNE,10290573.7550682,7138358.525,13622683.875,135
0.8,0.5,DS Juv = 1,MAT,92998265.7670812,65857949.075,120962172.55,521
0.8,0.5,DS Juv = 1,NNE,926697498.738922,632526265.85,1204633025.625,798
0.8,0.5,DS Juv = 1,SNE,12648144.5095599,8436013.2,16369501.725,130
0.8,0.6,DS Juv = 0,MAT,47689060.0150361,31817682.725,63462074.675,527
0.8,0.6,DS Juv = 0,NNE,683047316.645997,458871338.225,900870931.15,813
0.8,0.6,DS Juv = 0,SNE,2660634.1725171,1608868.725,3986526.175,128
0.8,0.6,DS Juv = 0.1,MAT,50452382.7898851,35516383,66820802.475,496
0.8,0.6,DS Juv = 0.1,NNE,706328500.543713,506989980.05,927354079.25,806
0.8,0.6,DS Juv = 0.1,SNE,3008682.17608042,1694626.025,4740937.55,139
0.8,0.6,DS Juv = 0.2,MAT,52129016.3113308,36906581.425,70820982.25,529
0.8,0.6,DS Juv = 0.2,NNE,733435980.430254,517468452.3,957417623.775,868
0.8,0.6,DS Juv = 0.2,SNE,3594209.95238095,1793048.225,5274970.2,136
0.8,0.6,DS Juv = 0.3,MAT,54226676.8480295,37852415.825,72180565.175,560
0.8,0.6,DS Juv = 0.3,NNE,733229691.540859,515092239.45,921066305.375,805
0.8,0.6,DS Juv = 0.3,SNE,4174860.7545574,2360623.4,5833455.55,109
0.8,0.6,DS Juv = 0.4,MAT,57692580.0958367,38837922.65,76749709.45,521
0.8,0.6,DS Juv = 0.4,NNE,738075967.89732,485559967.925,974983782.925,831
0.8,0.6,DS Juv = 0.4,SNE,4437575.33994709,2357459.05,6731639.275,141
0.8,0.6,DS Juv = 0.5,MAT,60446347.3326621,39184721.275,78882589.25,506
0.8,0.6,DS Juv = 0.5,NNE,760271996.267227,515479876.875,984648267.4,851
0.8,0.6,DS Juv = 0.5,SNE,5063015.97643366,2845580.575,6964729,126
0.8,0.6,DS Juv = 0.6,MAT,65642993.8273828,44523700,85640471.475,560
0.8,0.6,DS Juv = 0.6,NNE,764610332.893968,493261914.6,1039535667.475,836
0.8,0.6,DS Juv = 0.6,SNE,6093471.09839545,3822570.525,8568306.4,105
0.8,0.6,DS Juv = 0.7,MAT,71319925.5183813,47583745.025,93414329.85,533
0.8,0.6,DS Juv = 0.7,NNE,794272765.966613,533613626,1055166426.475,816
0.8,0.6,DS Juv = 0.7,SNE,7225169.13812786,4558455.075,10711823.125,148
0.8,0.6,DS Juv = 0.8,MAT,78654936.3023893,55527410.775,105882599.65,557
0.8,0.6,DS Juv = 0.8,NNE,849203160.402956,627998663.7,1077177864.375,822
0.8,0.6,DS Juv = 0.8,SNE,8468037.97282641,5478335.175,11414749.85,133
0.8,0.6,DS Juv = 0.9,MAT,86431751.0955867,61943097.025,111986290.075,531
0.8,0.6,DS Juv = 0.9,NNE,913085806.619941,633994401.875,1192285678.1,842
0.8,0.6,DS Juv = 0.9,SNE,10147049.7356681,6793370.025,14233990.375,138
0.8,0.6,DS Juv = 1,MAT,98440038.8983453,69680084.925,131484159.2,537
0.8,0.6,DS Juv = 1,NNE,972964168.445037,695671668.275,1250879044.725,860
0.8,0.6,DS Juv = 1,SNE,13071830.9306274,8477567.7,17596769.2,135
0.8,0.7,DS Juv = 0,MAT,50033436.0006723,35616234.3,67001533.025,573
0.8,0.7,DS Juv = 0,NNE,693809012.370253,489000385.275,896641603.225,806
0.8,0.7,DS Juv = 0,SNE,3116147.25909493,1621812.625,5437631.8,128
0.8,0.7,DS Juv = 0.1,MAT,52391413.4252862,36216165.525,69969048.175,512
0.8,0.7,DS Juv = 0.1,NNE,704944605.818753,468739689.4,930138580.625,857
0.8,0.7,DS Juv = 0.1,SNE,3270029.32681606,1572466.775,4858393.025,152
0.8,0.7,DS Juv = 0.2,MAT,55386737.1867079,38506060.75,73575444.05,523
0.8,0.7,DS Juv = 0.2,NNE,715066080.408561,465491259.225,949949839.275,856
0.8,0.7,DS Juv = 0.2,SNE,3561893.28574592,1335030.225,6059356.35,148
0.8,0.7,DS Juv = 0.3,MAT,56752242.4277199,40336926.1,76024391.625,532
0.8,0.7,DS Juv = 0.3,NNE,742545469.404708,522009081.3,963114974.425,800
0.8,0.7,DS Juv = 0.3,SNE,4032944.29554069,1860765.3,6288601.325,131
0.8,0.7,DS Juv = 0.4,MAT,61165831.893599,42933572.075,80698195.125,555
0.8,0.7,DS Juv = 0.4,NNE,763218554.638322,538926608.575,975895337.075,813
0.8,0.7,DS Juv = 0.4,SNE,4751287.72915982,2898406.725,6847170.325,147
0.8,0.7,DS Juv = 0.5,MAT,63553156.5067607,44896037.125,84194148.625,505
0.8,0.7,DS Juv = 0.5,NNE,762609906.216028,528346577,1018243080.775,799
0.8,0.7,DS Juv = 0.5,SNE,5426859.27172806,2963656.7,7785180,133
0.8,0.7,DS Juv = 0.6,MAT,69338672.3037657,44915901.85,93174725.35,492
0.8,0.7,DS Juv = 0.6,NNE,815883406.786621,558180732.25,1070989970.875,868
0.8,0.7,DS Juv = 0.6,SNE,6415474.51953416,3898823.275,9005031.85,113
0.8,0.7,DS Juv = 0.7,MAT,74877015.0480587,52559062.05,97159163.35,523
0.8,0.7,DS Juv = 0.7,NNE,844531857.469148,554537924.45,1130486667.9,843
0.8,0.7,DS Juv = 0.7,SNE,7584596.95592673,4456441.45,10525217.45,141
0.8,0.7,DS Juv = 0.8,MAT,81669784.7352445,56077264.925,108770484.875,563
0.8,0.7,DS Juv = 0.8,NNE,881356735.617588,602671229.4,1152974922.075,856
0.8,0.7,DS Juv = 0.8,SNE,9252664.88185185,6032476.25,12080446.675,141
0.8,0.7,DS Juv = 0.9,MAT,91186459.5242737,61161590.825,119346239.05,598
0.8,0.7,DS Juv = 0.9,NNE,918327589.727382,632704292.7,1208934364.675,810
0.8,0.7,DS Juv = 0.9,SNE,11118078.2452789,7639978.9,15268154.4,131
0.8,0.7,DS Juv = 1,MAT,103005529.004911,69299421.925,132148774.35,584
0.8,0.7,DS Juv = 1,NNE,1005128139.55539,736943640.225,1332223057.725,806
0.8,0.7,DS Juv = 1,SNE,13634172.9766962,9334713.225,17885861.45,141
0.8,0.8,DS Juv = 0,MAT,52789717.265242,36109808.2,69448990.625,518
0.8,0.8,DS Juv = 0,NNE,730195070.307364,502281319.15,967262963.825,830
0.8,0.8,DS Juv = 0,SNE,3372486.47603603,1700399.6,5438075.4,144
0.8,0.8,DS Juv = 0.1,MAT,54940166.5236994,36496031.575,72832322.625,519
0.8,0.8,DS Juv = 0.1,NNE,733400757.006106,517493555.9,971332614.1,819
0.8,0.8,DS Juv = 0.1,SNE,3674017.35360838,1552928.525,5308148.35,138
0.8,0.8,DS Juv = 0.2,MAT,57781004.2091054,40958642.4,75954775.625,539
0.8,0.8,DS Juv = 0.2,NNE,753216080.03583,529994138.825,992078250.625,826
0.8,0.8,DS Juv = 0.2,SNE,4321201.23916084,2579138.075,6210808.75,138
0.8,0.8,DS Juv = 0.3,MAT,60749054.0918858,41421717.975,80235178.475,563
0.8,0.8,DS Juv = 0.3,NNE,756346959.437631,539488316.75,963848003.1,811
0.8,0.8,DS Juv = 0.3,SNE,4462504.37254681,2221083.55,6858366.3,143
0.8,0.8,DS Juv = 0.4,MAT,64476523.4434273,42091621.175,85946048.825,522
0.8,0.8,DS Juv = 0.4,NNE,788527239.58402,550439046.1,1018580598.425,853
0.8,0.8,DS Juv = 0.4,SNE,5425546.00817067,3445004.45,7639059.2,114
0.8,0.8,DS Juv = 0.5,MAT,69830347.2405419,48207068.6,91424341.425,519
0.8,0.8,DS Juv = 0.5,NNE,811375437.223237,572273313.125,1061428690.975,840
0.8,0.8,DS Juv = 0.5,SNE,6226101.08681319,4021637.15,8467873.8,127
0.8,0.8,DS Juv = 0.6,MAT,73889265.9378151,51463259.675,97772978.675,568
0.8,0.8,DS Juv = 0.6,NNE,820103097.836375,569207236.1,1062217490.125,791
0.8,0.8,DS Juv = 0.6,SNE,6849355.97817029,3755815.7,9434462.5,132
0.8,0.8,DS Juv = 0.7,MAT,80100093.0810273,55072963.6,106235572.45,504
0.8,0.8,DS Juv = 0.7,NNE,870297501.804412,631081525,1120157347.85,869
0.8,0.8,DS Juv = 0.7,SNE,9032219.37352395,6180062.15,12055358.2,129
0.8,0.8,DS Juv = 0.8,MAT,86500727.334915,61786384.525,114593234.75,574
0.8,0.8,DS Juv = 0.8,NNE,905996532.496281,651037075.175,1162290991.375,830
0.8,0.8,DS Juv = 0.8,SNE,10224479.318509,6466281.95,14324094.9,131
0.8,0.8,DS Juv = 0.9,MAT,96510279.9305487,67615907.075,123037595.825,536
0.8,0.8,DS Juv = 0.9,NNE,965974934.642989,664369964.55,1252730968.75,835
0.8,0.8,DS Juv = 0.9,SNE,12250998.8912573,8075213.425,17090321.65,130
0.8,0.8,DS Juv = 1,MAT,109546969.38929,75972558.3,143782456.55,485
0.8,0.8,DS Juv = 1,NNE,1028721515.91788,713702957.8,1327506027.975,850
0.8,0.8,DS Juv = 1,SNE,15388826.1297279,10550316.3,20958667.15,144
0.8,0.9,DS Juv = 0,MAT,56849215.3502378,37811320.3,76866363.35,507
0.8,0.9,DS Juv = 0,NNE,742164409.988325,518588901.925,992592153.025,843
0.8,0.9,DS Juv = 0,SNE,3825555.43655445,1733885.225,5809608.375,119
0.8,0.9,DS Juv = 0.1,MAT,60132524.7292127,39917735.55,80781571.475,564
0.8,0.9,DS Juv = 0.1,NNE,760015465.228487,496114178.375,994715325.55,851
0.8,0.9,DS Juv = 0.1,SNE,4420237.66573901,2340029.5,6908398.65,144
0.8,0.9,DS Juv = 0.2,MAT,61828423.3590814,42698104.15,82435670.825,549
0.8,0.9,DS Juv = 0.2,NNE,754342292.683372,522359479.6,980958112.525,827
0.8,0.9,DS Juv = 0.2,SNE,4613109.78312186,2338715.025,6895535.725,130
0.8,0.9,DS Juv = 0.3,MAT,64957339.5047849,45293823.15,84366983.75,513
0.8,0.9,DS Juv = 0.3,NNE,773519875.327167,534358370,1027095499.425,841
0.8,0.9,DS Juv = 0.3,SNE,5362975.96428571,2865607.75,7467397.5,131
0.8,0.9,DS Juv = 0.4,MAT,70074528.4446965,48618957.65,93640180.7,545
0.8,0.9,DS Juv = 0.4,NNE,812220480.295517,545685526.35,1061030724.525,829
0.8,0.9,DS Juv = 0.4,SNE,6358237.21880131,3712489.3,8797989.75,135
0.8,0.9,DS Juv = 0.5,MAT,75054348.9059361,52985926.475,97406449,509
0.8,0.9,DS Juv = 0.5,NNE,803870950.334147,574868931.275,1032406601.65,808
0.8,0.9,DS Juv = 0.5,SNE,7120979.22920454,4740304.575,9852768.4,133
0.8,0.9,DS Juv = 0.6,MAT,80181028.2186635,55784016.05,107276834.85,548
0.8,0.9,DS Juv = 0.6,NNE,856490043.679209,610530297.95,1125353723.6,854
0.8,0.9,DS Juv = 0.6,SNE,7634074.38051948,4115323.325,10825903.675,145
0.8,0.9,DS Juv = 0.7,MAT,87168968.0085735,61224401.625,115685501.275,534
0.8,0.9,DS Juv = 0.7,NNE,890097033.863486,624966702.175,1169590827.05,846
0.8,0.9,DS Juv = 0.7,SNE,9667644.69580728,5901442.425,13093427.9,132
0.8,0.9,DS Juv = 0.8,MAT,94702225.7438497,65972224.075,122976198.075,564
0.8,0.9,DS Juv = 0.8,NNE,947652023.34769,689813312.475,1246225307.5,756
0.8,0.9,DS Juv = 0.8,SNE,11606160.2272173,7604550.55,15740579.75,149
0.8,0.9,DS Juv = 0.9,MAT,105320069.468743,74571520.975,140608024.7,524
0.8,0.9,DS Juv = 0.9,NNE,1013724247.75364,749524808.225,1314586658.5,838
0.8,0.9,DS Juv = 0.9,SNE,14173947.8918821,9922877.75,18981590.675,153
0.8,0.9,DS Juv = 1,MAT,119475732.709502,84330060.25,153603795.175,581
0.8,0.9,DS Juv = 1,NNE,1090558298.44306,799717538.225,1400957201.85,885
0.8,0.9,DS Juv = 1,SNE,16629480.6219958,11090853.275,23551858.65,134
0.8,1,DS Juv = 0,MAT,62279223.72692,41042698.75,85467037.6,532
0.8,1,DS Juv = 0,NNE,787419283.806574,555779037.5,1047878534.775,844
0.8,1,DS Juv = 0,SNE,5251230.54507389,2737861.225,7085939.825,134
0.8,1,DS Juv = 0.1,MAT,66512233.1748956,46816963.6,86244115.3,545
0.8,1,DS Juv = 0.1,NNE,792090829.886667,564169795.225,1025835900.025,843
0.8,1,DS Juv = 0.1,SNE,5535368.00798591,3498282.225,7783165.85,148
0.8,1,DS Juv = 0.2,MAT,67854496.7471055,45596715.475,89539005.625,544
0.8,1,DS Juv = 0.2,NNE,820070186.095729,558253472.8,1066388147.6,852
0.8,1,DS Juv = 0.2,SNE,5579261.63571807,3392273.2,8545223.525,116
0.8,1,DS Juv = 0.3,MAT,72377511.1824219,50248214.45,95055191.825,529
0.8,1,DS Juv = 0.3,NNE,838000376.637751,604649977.475,1076264769.525,857
0.8,1,DS Juv = 0.3,SNE,6693582.87847222,3602242.525,9878665.1,163
0.8,1,DS Juv = 0.4,MAT,76069448.0665426,51789851.75,100310904.625,556
0.8,1,DS Juv = 0.4,NNE,820583025.663212,557000813.25,1071365934.8,842
0.8,1,DS Juv = 0.4,SNE,7981849.11369543,5414210.15,11066937.575,131
0.8,1,DS Juv = 0.5,MAT,81180576.5308837,54689118.025,106743895.725,555
0.8,1,DS Juv = 0.5,NNE,875141327.967985,585033792.55,1107232335.725,786
0.8,1,DS Juv = 0.5,SNE,8538339.90466053,5373008.9,11841899.025,141
0.8,1,DS Juv = 0.6,MAT,88267358.4346093,60455886.7,117698067.4,536
0.8,1,DS Juv = 0.6,NNE,902341118.966427,640072272.4,1174044411.375,873
0.8,1,DS Juv = 0.6,SNE,9743427.57728653,6480134.95,13713974.075,142
0.8,1,DS Juv = 0.7,MAT,96613189.7600001,65915433.8,127872509.15,546
0.8,1,DS Juv = 0.7,NNE,954283663.402863,699023445.75,1210530350,865
0.8,1,DS Juv = 0.7,SNE,11482946.9028886,7332501.55,15821973.8,154
0.8,1,DS Juv = 0.8,MAT,106722206.419418,74396281.125,138682177.5,492
0.8,1,DS Juv = 0.8,NNE,1007791622.05209,727791430.675,1292691802.85,822
0.8,1,DS Juv = 0.8,SNE,13326633.3893566,8827503.225,18747979.075,136
0.8,1,DS Juv = 0.9,MAT,117930839.935592,82743578.075,151400333.025,502
0.8,1,DS Juv = 0.9,NNE,1048178178.02169,780842919.3,1356051910.425,826
0.8,1,DS Juv = 0.9,SNE,16248570.1564634,10589214.7,20754922,137
0.8,1,DS Juv = 1,MAT,137712271.860252,99748882.175,178524523.15,553
0.8,1,DS Juv = 1,NNE,1162126227.9818,813206531.4,1515372015.8,816
0.8,1,DS Juv = 1,SNE,21097316.9447318,14684867.125,27076119.525,155
0.9,0,DS Juv = 0,MAT,37525012.651297,23641893.8,53421496.6,511
0.9,0,DS Juv = 0,NNE,603542526.641186,388051415.1,821606406.575,871
0.9,0,DS Juv = 0,SNE,1558859.54116809,525341.825,2473254.025,131
0.9,0,DS Juv = 0.1,MAT,39522513.2274073,26427944.475,52017343.6,544
0.9,0,DS Juv = 0.1,NNE,616185663.107584,387453384.725,817284690.8,839
0.9,0,DS Juv = 0.1,SNE,1744620.14331502,765349.3,3099208.375,141
0.9,0,DS Juv = 0.2,MAT,42279175.9398552,27777097.9,58763216.8,497
0.9,0,DS Juv = 0.2,NNE,640396696.777909,432977541.975,826705061.575,866
0.9,0,DS Juv = 0.2,SNE,1720631.72548466,350392.225,2947383.05,126
0.9,0,DS Juv = 0.3,MAT,43044654.2774976,29159351.9,57111909.55,491
0.9,0,DS Juv = 0.3,NNE,631047944.920761,425251304.075,826462086.85,838
0.9,0,DS Juv = 0.3,SNE,2136534.62578749,855519.25,3469046.075,145
0.9,0,DS Juv = 0.4,MAT,46719838.6267987,29958871.325,63949561.825,599
0.9,0,DS Juv = 0.4,NNE,665638404.833782,476073299.425,862140604.75,870
0.9,0,DS Juv = 0.4,SNE,2491425.46349206,918777.3,3931716.35,147
0.9,0,DS Juv = 0.5,MAT,50650670.7950025,33690988.95,69272344.675,520
0.9,0,DS Juv = 0.5,NNE,680826023.5741,447875204.75,895260444.275,844
0.9,0,DS Juv = 0.5,SNE,3302366.83139469,1631939.775,5062445.1,146
0.9,0,DS Juv = 0.6,MAT,53830372.6142291,34602717.95,73796823.775,513
0.9,0,DS Juv = 0.6,NNE,698746359.551447,472750199.95,918217144.675,804
0.9,0,DS Juv = 0.6,SNE,3984303.03643644,777423.975,5967807.625,134
0.9,0,DS Juv = 0.7,MAT,59239101.7639068,39401814.6,78804333.775,521
0.9,0,DS Juv = 0.7,NNE,723038054.530953,517060169.875,942097802.175,835
0.9,0,DS Juv = 0.7,SNE,5570791.5245508,2392904.4,8787990.75,124
0.9,0,DS Juv = 0.8,MAT,66836133.0323409,44967245.025,88756917.825,542
0.9,0,DS Juv = 0.8,NNE,787201319.27147,521940674.875,1033354296.15,813
0.9,0,DS Juv = 0.8,SNE,6851207.07787698,3403824.275,10214705.375,150
0.9,0,DS Juv = 0.9,MAT,78840817.9334535,54725956.575,103228783.1,561
0.9,0,DS Juv = 0.9,NNE,843053760.277457,600470276.725,1089624752.425,876
0.9,0,DS Juv = 0.9,SNE,9972393.05320197,6535456.925,13831980.5,146
0.9,0,DS Juv = 1,MAT,89849581.2548816,60990562,119252511.8,546
0.9,0,DS Juv = 1,NNE,935346432.435552,611562681.85,1223686106.825,847
0.9,0,DS Juv = 1,SNE,13038310.6519098,9074751.325,17686448.275,135
0.9,0.1,DS Juv = 0,MAT,38294663.6669381,23864549.45,51920294.85,563
0.9,0.1,DS Juv = 0,NNE,621215830.828958,433376082,833069493.4,863
0.9,0.1,DS Juv = 0,SNE,1515368.88896321,608461.125,2622913.1,158
0.9,0.1,DS Juv = 0.1,MAT,40212734.9664343,24616700.625,54973766.725,582
0.9,0.1,DS Juv = 0.1,NNE,631514953.905504,393409266.35,818554676.425,801
0.9,0.1,DS Juv = 0.1,SNE,1616138.52267157,426162.425,2805399.65,156
0.9,0.1,DS Juv = 0.2,MAT,41812439.0997318,26347732.425,57343164.05,569
0.9,0.1,DS Juv = 0.2,NNE,639270378.207085,464760856.3,831394106.2,839
0.9,0.1,DS Juv = 0.2,SNE,1872154.93274656,442077.55,3185790.4,123
0.9,0.1,DS Juv = 0.3,MAT,44206754.3280185,29495015.125,59405893.15,495
0.9,0.1,DS Juv = 0.3,NNE,661645301.966373,418599773.7,891734242.25,794
0.9,0.1,DS Juv = 0.3,SNE,2338409.5617396,981748.15,3909962.75,135
0.9,0.1,DS Juv = 0.4,MAT,46310923.8038267,28750647.325,63815314.05,573
0.9,0.1,DS Juv = 0.4,NNE,676515307.322967,464496459.7,885718757.35,822
0.9,0.1,DS Juv = 0.4,SNE,2456774.23803419,1356539.425,4094169.25,133
0.9,0.1,DS Juv = 0.5,MAT,51769491.7239449,36566923.05,69861042.9,520
0.9,0.1,DS Juv = 0.5,NNE,674624958.030446,476578526.45,886535745.8,760
0.9,0.1,DS Juv = 0.5,SNE,3075818.91569201,814819.475,5182877.6,127
0.9,0.1,DS Juv = 0.6,MAT,55270560.2139541,37675636.875,74123134.975,494
0.9,0.1,DS Juv = 0.6,NNE,710785469.837612,482829179.575,951940817.5,820
0.9,0.1,DS Juv = 0.6,SNE,3886539.5478355,1021654.3,6251129.8,140
0.9,0.1,DS Juv = 0.7,MAT,60096516.1876245,39029528.775,81481940.225,531
0.9,0.1,DS Juv = 0.7,NNE,728111642.750246,486225561.475,971420658.5,840
0.9,0.1,DS Juv = 0.7,SNE,5547392.58300493,2386764.25,8028046.85,141
0.9,0.1,DS Juv = 0.8,MAT,69039944.4470904,45151009.225,92863043.35,500
0.9,0.1,DS Juv = 0.8,NNE,795601792.759958,536654889.725,1079310471.075,794
0.9,0.1,DS Juv = 0.8,SNE,7290617.66966692,3521106.25,10170129.275,109
0.9,0.1,DS Juv = 0.9,MAT,80175536.6203863,56135431.425,104410653.725,525
0.9,0.1,DS Juv = 0.9,NNE,851230991.462173,583955420,1097876527.95,818
0.9,0.1,DS Juv = 0.9,SNE,10016964.2688523,6161817.25,13478236.175,141
0.9,0.1,DS Juv = 1,MAT,92808085.4190167,62864421.8,122056306.35,558
0.9,0.1,DS Juv = 1,NNE,950818797.953877,634419204.625,1264298310.375,850
0.9,0.1,DS Juv = 1,SNE,13577166.660482,8208455.65,18287085.5,112
0.9,0.2,DS Juv = 0,MAT,38173411.9495366,23938409.7,52092931.7,493
0.9,0.2,DS Juv = 0,NNE,620848307.994767,391107329.925,832961551.475,820
0.9,0.2,DS Juv = 0,SNE,1520715.4195254,553577.2,2622421.9,129
0.9,0.2,DS Juv = 0.1,MAT,41209539.8150727,28657331.875,56933691,531
0.9,0.2,DS Juv = 0.1,NNE,648447119.077979,445638276.425,838917928.175,795
0.9,0.2,DS Juv = 0.1,SNE,1806428.13422401,423107.975,3078281.875,125
0.9,0.2,DS Juv = 0.2,MAT,43736874.1587258,28385146.525,59541802.2,512
0.9,0.2,DS Juv = 0.2,NNE,651922340.26016,446181815.125,831540759.275,851
0.9,0.2,DS Juv = 0.2,SNE,1764754.77428571,570200.95,2898134.5,123
0.9,0.2,DS Juv = 0.3,MAT,44938398.9489533,30129785.575,60467755.85,545
0.9,0.2,DS Juv = 0.3,NNE,654766822.091529,405478670.8,881461966.8,859
0.9,0.2,DS Juv = 0.3,SNE,2204426.8476834,854557.45,3514627.95,145
0.9,0.2,DS Juv = 0.4,MAT,48258443.2748646,31024135.95,66917419.625,541
0.9,0.2,DS Juv = 0.4,NNE,669758986.205311,456778617.6,871311757.3,847
0.9,0.2,DS Juv = 0.4,SNE,2669881.83152709,1353926.7,3885810.7,124
0.9,0.2,DS Juv = 0.5,MAT,53192323.6755924,36902048.05,72247504.175,533
0.9,0.2,DS Juv = 0.5,NNE,689283202.883967,469855108.925,903817920.125,818
0.9,0.2,DS Juv = 0.5,SNE,3353975.39498433,1232874.4,5123186.9,135
0.9,0.2,DS Juv = 0.6,MAT,57647791.9969337,39262909.4,76545674.45,498
0.9,0.2,DS Juv = 0.6,NNE,715120493.310549,503525614,951271626.425,835
0.9,0.2,DS Juv = 0.6,SNE,4089701.61586948,1962846.7,7142276.05,146
0.9,0.2,DS Juv = 0.7,MAT,62729705.0900304,42344527,83055194.05,549
0.9,0.2,DS Juv = 0.7,NNE,746494035.491392,503730802.45,974373824.05,860
0.9,0.2,DS Juv = 0.7,SNE,5669744.06162843,2879011.175,8913911.675,125
0.9,0.2,DS Juv = 0.8,MAT,71181536.8129239,48579110.925,96653186.6,583
0.9,0.2,DS Juv = 0.8,NNE,794232584.403804,541931821.85,1069209799.875,828
0.9,0.2,DS Juv = 0.8,SNE,7369825.84891775,4328325.825,9743135.15,133
0.9,0.2,DS Juv = 0.9,MAT,80695093.1234208,54271491.475,108041188.475,551
0.9,0.2,DS Juv = 0.9,NNE,888648573.278913,615762871.225,1161859650.2,842
0.9,0.2,DS Juv = 0.9,SNE,10488010.6766637,7875708.35,13810752.3,118
0.9,0.2,DS Juv = 1,MAT,95007210.2003501,66011076.35,125158394.1,561
0.9,0.2,DS Juv = 1,NNE,950489231.555746,648517139.025,1243209756.225,870
0.9,0.2,DS Juv = 1,SNE,13894197.3187134,9583465.05,19188280.1,125
0.9,0.3,DS Juv = 0,MAT,40656254.1829074,26751647.15,55775933.975,570
0.9,0.3,DS Juv = 0,NNE,638338898.350034,409927709.65,840408234.575,822
0.9,0.3,DS Juv = 0,SNE,1569535.697507,494174.25,2699410.85,110
0.9,0.3,DS Juv = 0.1,MAT,43153188.7777179,28682224.4,58874639.7,547
0.9,0.3,DS Juv = 0.1,NNE,648302575.250352,421203459.35,843071320.7,843
0.9,0.3,DS Juv = 0.1,SNE,1730196.08958235,311910.85,3199008.575,127
0.9,0.3,DS Juv = 0.2,MAT,44047995.4050275,27499690.4,62629977.1,562
0.9,0.3,DS Juv = 0.2,NNE,647415242.09771,395910428.45,891343211.6,836
0.9,0.3,DS Juv = 0.2,SNE,2203328.61548822,897753.025,3556458.65,129
0.9,0.3,DS Juv = 0.3,MAT,47565386.2895544,30451540.675,63031796.55,588
0.9,0.3,DS Juv = 0.3,NNE,661782298.971099,433209033.25,859295959.2,844
0.9,0.3,DS Juv = 0.3,SNE,2148049.2543841,545288.175,3798846.975,135
0.9,0.3,DS Juv = 0.4,MAT,49524609.4782849,32163888.125,64623542.625,503
0.9,0.3,DS Juv = 0.4,NNE,676269590.071357,438024824.8,901653630.425,853
0.9,0.3,DS Juv = 0.4,SNE,2725320.71948689,1177047.725,4531268.75,125
0.9,0.3,DS Juv = 0.5,MAT,53469860.5143637,34706823,72373657.875,559
0.9,0.3,DS Juv = 0.5,NNE,691896869.713316,460644613.325,925218204.475,821
0.9,0.3,DS Juv = 0.5,SNE,3355691.75790514,1570663.75,5549680.85,126
0.9,0.3,DS Juv = 0.6,MAT,57739662.4859349,37394286.925,77639126.425,508
0.9,0.3,DS Juv = 0.6,NNE,719004735.841402,495572116.975,941088850.175,847
0.9,0.3,DS Juv = 0.6,SNE,4471749.0368861,2192068.075,6973446.5,137
0.9,0.3,DS Juv = 0.7,MAT,64617491.5641821,41647618.775,86813856.5,534
0.9,0.3,DS Juv = 0.7,NNE,737539912.07512,490429287.475,1008546766.275,796
0.9,0.3,DS Juv = 0.7,SNE,5849598.2311652,2426718.675,8417056.775,151
0.9,0.3,DS Juv = 0.8,MAT,72014864.8952555,46526883.025,94638893.725,566
0.9,0.3,DS Juv = 0.8,NNE,805635297.709046,533543420.275,1054057485.8,871
0.9,0.3,DS Juv = 0.8,SNE,7661971.59437932,4020551.8,11082604.075,161
0.9,0.3,DS Juv = 0.9,MAT,84299036.587384,59050256.4,109212973.5,532
0.9,0.3,DS Juv = 0.9,NNE,875133840.099779,589745147.425,1141959539.65,859
0.9,0.3,DS Juv = 0.9,SNE,9904047.53271726,6006545.95,14039037.55,142
0.9,0.3,DS Juv = 1,MAT,97786083.0848958,67541787.75,130247047.925,533
0.9,0.3,DS Juv = 1,NNE,973096013.638643,718508993.975,1235204504.225,805
0.9,0.3,DS Juv = 1,SNE,14044918.2693858,9740666.275,18782784.825,145
0.9,0.4,DS Juv = 0,MAT,41336814.6909773,25751365.075,56887927.35,539
0.9,0.4,DS Juv = 0,NNE,654066588.991085,452429736.825,864749125.8,777
0.9,0.4,DS Juv = 0,SNE,1742597.88882784,441747.375,3472755.975,116
0.9,0.4,DS Juv = 0.1,MAT,44163796.8071176,29088453.05,58261740.125,546
0.9,0.4,DS Juv = 0.1,NNE,645479311.343429,413507671.975,837883875.05,819
0.9,0.4,DS Juv = 0.1,SNE,1951419.97280709,634019.625,3114638.625,139
0.9,0.4,DS Juv = 0.2,MAT,45358021.4888443,30110181.925,59470545.575,520
0.9,0.4,DS Juv = 0.2,NNE,669052970.528243,449121706.475,914106573.925,856
0.9,0.4,DS Juv = 0.2,SNE,2069120.51464646,784041.4,3627120.675,127
0.9,0.4,DS Juv = 0.3,MAT,48192864.5972477,30684891.3,62589607.175,534
0.9,0.4,DS Juv = 0.3,NNE,664861341.803336,451170540.425,901471528.15,822
0.9,0.4,DS Juv = 0.3,SNE,2377394.7301282,935617.625,3717323.325,154
0.9,0.4,DS Juv = 0.4,MAT,50792530.9024739,34617380.475,67967839.05,501
0.9,0.4,DS Juv = 0.4,NNE,692544201.620801,497767462.1,918735354.725,830
0.9,0.4,DS Juv = 0.4,SNE,2984976.71908602,1037831.3,5187522.075,124
0.9,0.4,DS Juv = 0.5,MAT,54822132.2367354,36353280.125,75004388.85,554
0.9,0.4,DS Juv = 0.5,NNE,710345848.643406,482973206,929982018.9,835
0.9,0.4,DS Juv = 0.5,SNE,3448048.28151076,1223159.4,5672732.8,132
0.9,0.4,DS Juv = 0.6,MAT,58507612.0059869,38564552.125,78886010.975,503
0.9,0.4,DS Juv = 0.6,NNE,738761864.791143,485642335.15,988848456.925,874
0.9,0.4,DS Juv = 0.6,SNE,4717407.89321371,1906531.45,7909992.7,140
0.9,0.4,DS Juv = 0.7,MAT,66400999.1760361,43930509.85,90747025.15,563
0.9,0.4,DS Juv = 0.7,NNE,781698610.343068,559872931.225,1054285005.675,842
0.9,0.4,DS Juv = 0.7,SNE,6021154.62762238,2832856.25,9328156.325,121
0.9,0.4,DS Juv = 0.8,MAT,75433676.9228954,50917919.7,100391385.35,536
0.9,0.4,DS Juv = 0.8,NNE,824392932.772487,592068386.65,1097505978.05,851
0.9,0.4,DS Juv = 0.8,SNE,7950157.98793643,5097163.65,11609576.125,132
0.9,0.4,DS Juv = 0.9,MAT,86307361.3117389,61791110,112591666.775,517
0.9,0.4,DS Juv = 0.9,NNE,912667086.033391,651006832.175,1170797893.075,823
0.9,0.4,DS Juv = 0.9,SNE,10012415.8041311,5293758.4,13745446.5,115
0.9,0.4,DS Juv = 1,MAT,99713163.4027338,70919892.275,129741367.475,582
0.9,0.4,DS Juv = 1,NNE,996695361.360262,688465132.1,1280561807.375,840
0.9,0.4,DS Juv = 1,SNE,14558080.7984582,9895025.075,19027546.75,128
0.9,0.5,DS Juv = 0,MAT,43003334.4366814,26843260.725,57128194.325,539
0.9,0.5,DS Juv = 0,NNE,658888249.602528,420237603.25,855174880.375,858
0.9,0.5,DS Juv = 0,SNE,1878425.64399378,576633.625,2986208.625,149
0.9,0.5,DS Juv = 0.1,MAT,44860321.0605871,27557049.75,61801689.75,492
0.9,0.5,DS Juv = 0.1,NNE,662562124.089653,461817761.8,882548085.925,907
0.9,0.5,DS Juv = 0.1,SNE,2058027.5458469,432297.975,3538589.575,137
0.9,0.5,DS Juv = 0.2,MAT,46756504.5926691,29038202.675,64399023.175,508
0.9,0.5,DS Juv = 0.2,NNE,678258996.245677,474487507.675,874375591.95,855
0.9,0.5,DS Juv = 0.2,SNE,2253584.14649818,638673.75,3724081.75,116
0.9,0.5,DS Juv = 0.3,MAT,49728410.0184429,32318927.7,68432113.725,553
0.9,0.5,DS Juv = 0.3,NNE,687354450.396817,461068278.8,873224842.95,867
0.9,0.5,DS Juv = 0.3,SNE,2465598.97168035,470598.4,3905125.725,144
0.9,0.5,DS Juv = 0.4,MAT,54011994.7103695,35280959.075,72103579.3,574
0.9,0.5,DS Juv = 0.4,NNE,704406206.532225,478658132.9,911553315.9,872
0.9,0.5,DS Juv = 0.4,SNE,2984090.52832799,1418530.05,4800210.3,127
0.9,0.5,DS Juv = 0.5,MAT,57655404.3707026,36478023.25,77079405.75,538
0.9,0.5,DS Juv = 0.5,NNE,737367363.83856,497006478.175,953889327.95,852
0.9,0.5,DS Juv = 0.5,SNE,3850927.38857143,2120732.525,6468695.95,116
0.9,0.5,DS Juv = 0.6,MAT,62273412.2864361,38579365.55,82740127.225,532
0.9,0.5,DS Juv = 0.6,NNE,753092112.427101,540807469.2,969537851.475,827
0.9,0.5,DS Juv = 0.6,SNE,4584091.62982456,1984974.075,7025473.225,140
0.9,0.5,DS Juv = 0.7,MAT,67140221.0402875,46445967.25,88858035.175,519
0.9,0.5,DS Juv = 0.7,NNE,769770136.661987,507950158.525,1029175454.375,858
0.9,0.5,DS Juv = 0.7,SNE,6336365.9518797,3487768.425,8731533.825,117
0.9,0.5,DS Juv = 0.8,MAT,77862448.6623741,52329949.575,104952441.35,550
0.9,0.5,DS Juv = 0.8,NNE,834521472.396901,601884186.775,1071690577.925,812
0.9,0.5,DS Juv = 0.8,SNE,8371464.52881258,4415142.5,12358082.05,136
0.9,0.5,DS Juv = 0.9,MAT,88848998.945817,61192789.575,114256976.175,540
0.9,0.5,DS Juv = 0.9,NNE,904609409.498775,641129101.425,1192607546.025,813
0.9,0.5,DS Juv = 0.9,SNE,11417447.6968248,7911059.725,15631248.4,143
0.9,0.5,DS Juv = 1,MAT,103081018.012723,73720827.7,132695652.975,555
0.9,0.5,DS Juv = 1,NNE,979154268.656522,696200793.15,1246779768.975,843
0.9,0.5,DS Juv = 1,SNE,15359537.3854356,10777326.05,20590925.325,121
0.9,0.6,DS Juv = 0,MAT,43749086.1676798,29609878.625,59380798.4,528
0.9,0.6,DS Juv = 0,NNE,669934624.763546,461869641.225,880332360.875,860
0.9,0.6,DS Juv = 0,SNE,1936659.33448617,542685.2,3380120.6,120
0.9,0.6,DS Juv = 0.1,MAT,46984331.7916548,32581700.475,64043671.2,497
0.9,0.6,DS Juv = 0.1,NNE,691054812.949251,478369366.2,882797902.275,799
0.9,0.6,DS Juv = 0.1,SNE,2210154.89049145,984983.2,3673898.925,145
0.9,0.6,DS Juv = 0.2,MAT,49226658.2704663,32652196.175,68795938,529
0.9,0.6,DS Juv = 0.2,NNE,684372802.885236,482630511.275,896302483.4,814
0.9,0.6,DS Juv = 0.2,SNE,2257275.56190476,1242890,3726271.225,122
0.9,0.6,DS Juv = 0.3,MAT,52295188.1695338,33314294.975,70513347,581
0.9,0.6,DS Juv = 0.3,NNE,695399053.339644,450477819.175,915700631.6,798
0.9,0.6,DS Juv = 0.3,SNE,2494923.20676071,481374.925,4408147.525,119
0.9,0.6,DS Juv = 0.4,MAT,55723359.6814508,36881562.575,73768308.325,480
0.9,0.6,DS Juv = 0.4,NNE,715418872.122459,496518369.45,950426057.3,826
0.9,0.6,DS Juv = 0.4,SNE,3376964.5625765,2098293.6,5440518.85,133
0.9,0.6,DS Juv = 0.5,MAT,58568082.986942,40513471.425,79920455.425,531
0.9,0.6,DS Juv = 0.5,NNE,735559487.392404,531981288.1,947772989.125,806
0.9,0.6,DS Juv = 0.5,SNE,4031186.97857143,1935211.475,6097308.8,132
0.9,0.6,DS Juv = 0.6,MAT,64719674.4676431,43664011.4,87679820.725,529
0.9,0.6,DS Juv = 0.6,NNE,764279552.659053,520929198.975,1002084982.65,793
0.9,0.6,DS Juv = 0.6,SNE,5081773.37794118,2735891.55,7363848.275,148
0.9,0.6,DS Juv = 0.7,MAT,71727171.5660276,47568550.325,95847082.575,545
0.9,0.6,DS Juv = 0.7,NNE,785686606.649212,552560153.475,1034065508.825,890
0.9,0.6,DS Juv = 0.7,SNE,6188725.79211159,3251902.75,9519725.75,132
0.9,0.6,DS Juv = 0.8,MAT,81064322.5749447,56664921.575,104974550.75,570
0.9,0.6,DS Juv = 0.8,NNE,849406571.213313,531298850.15,1114072004.525,892
0.9,0.6,DS Juv = 0.8,SNE,8599307.73671005,5010600.875,11849950,126
0.9,0.6,DS Juv = 0.9,MAT,93122102.790961,66621136.3,121445592.15,533
0.9,0.6,DS Juv = 0.9,NNE,934553177.634327,646535631.325,1234888874.675,843
0.9,0.6,DS Juv = 0.9,SNE,11753931.9291083,7960577.875,16274959.15,137
0.9,0.6,DS Juv = 1,MAT,108975827.970532,72293371.8,144261244.425,540
0.9,0.6,DS Juv = 1,NNE,1014697044.05833,730378320.1,1295571487.2,868
0.9,0.6,DS Juv = 1,SNE,16183501.3470385,11430177.2,21076499.525,131
0.9,0.7,DS Juv = 0,MAT,45697953.3942656,29308787.675,62154472.675,525
0.9,0.7,DS Juv = 0,NNE,675310917.568649,463088767.9,894091760.875,835
0.9,0.7,DS Juv = 0,SNE,2163495.67276018,945008.7,3820446.85,137
0.9,0.7,DS Juv = 0.1,MAT,49632819.5922487,33224909.95,66032322.7,529
0.9,0.7,DS Juv = 0.1,NNE,681918741.333439,451722868.625,904486693.375,807
0.9,0.7,DS Juv = 0.1,SNE,2319844.75281177,1141277.35,3689041.025,134
0.9,0.7,DS Juv = 0.2,MAT,51960669.542346,35882869.9,70929395.675,498
0.9,0.7,DS Juv = 0.2,NNE,696473428.482262,477299262.575,907155433.025,847
0.9,0.7,DS Juv = 0.2,SNE,2694106.03514589,1366854.475,4039281.775,143
0.9,0.7,DS Juv = 0.3,MAT,54298750.3105367,35255459.15,72818205.025,493
0.9,0.7,DS Juv = 0.3,NNE,718385821.667997,516410080.525,928265818.6,804
0.9,0.7,DS Juv = 0.3,SNE,3178456.53258098,1135511.2,5690414.3,141
0.9,0.7,DS Juv = 0.4,MAT,58462221.1636649,38916339.375,80833876.575,548
0.9,0.7,DS Juv = 0.4,NNE,736340857.049003,484479291.825,989894303.375,861
0.9,0.7,DS Juv = 0.4,SNE,3403251.13658009,1239201.4,5470796,133
0.9,0.7,DS Juv = 0.5,MAT,60958016.1477658,38739432.475,82517898.475,565
0.9,0.7,DS Juv = 0.5,NNE,753490084.300738,510569990.6,984096916.975,860
0.9,0.7,DS Juv = 0.5,SNE,4300486.49743402,1451211.775,7292148.75,138
0.9,0.7,DS Juv = 0.6,MAT,67628198.7115991,47012811.325,90774160.075,527
0.9,0.7,DS Juv = 0.6,NNE,761797679.972268,520521055.5,1021775433.325,796
0.9,0.7,DS Juv = 0.6,SNE,5933850.25083612,3464162.9,8857095.2,133
0.9,0.7,DS Juv = 0.7,MAT,75508766.8766864,50530673.4,100167749.175,513
0.9,0.7,DS Juv = 0.7,NNE,824267644.472582,565574484.975,1065457691.725,815
0.9,0.7,DS Juv = 0.7,SNE,7571270.90647956,4513946.7,11580660.5,160
0.9,0.7,DS Juv = 0.8,MAT,85415441.6720799,57436918.625,113136741.025,556
0.9,0.7,DS Juv = 0.8,NNE,874449179.697436,624152704.975,1134359935.95,814
0.9,0.7,DS Juv = 0.8,SNE,9193886.49627193,6418479.3,12167596.6,131
0.9,0.7,DS Juv = 0.9,MAT,98056912.3745207,68245551.6,128467191.9,543
0.9,0.7,DS Juv = 0.9,NNE,967157435.095271,696830336,1256167369.95,831
0.9,0.7,DS Juv = 0.9,SNE,12500013.1187831,8987026.275,17039919.1,145
0.9,0.7,DS Juv = 1,MAT,114286959.300587,83096343.275,149773644.125,500
0.9,0.7,DS Juv = 1,NNE,1057362794.27216,740211326.2,1356673982.075,799
0.9,0.7,DS Juv = 1,SNE,16723452.5546366,11813035.5,21110053.025,134
0.9,0.8,DS Juv = 0,MAT,50689266.3124487,30822792.225,69141961.25,548
0.9,0.8,DS Juv = 0,NNE,710376811.430873,504687082.725,958305244.05,762
0.9,0.8,DS Juv = 0,SNE,2485080.17562115,1136834.725,4046644.45,140
0.9,0.8,DS Juv = 0.1,MAT,53504372.00591,35084067.9,73322470.075,549
0.9,0.8,DS Juv = 0.1,NNE,696811034.303185,496363623.575,921801674.75,831
0.9,0.8,DS Juv = 0.1,SNE,2723000.64377505,1415446.75,4016465.275,139
0.9,0.8,DS Juv = 0.2,MAT,54983264.6560041,35741564.2,74288761.5,583
0.9,0.8,DS Juv = 0.2,NNE,732927542.152126,488228138.225,947825131.175,780
0.9,0.8,DS Juv = 0.2,SNE,3029310.59833333,1422932.175,4976822.9,140
0.9,0.8,DS Juv = 0.3,MAT,57987672.1103494,39882398.975,77173528.25,516
0.9,0.8,DS Juv = 0.3,NNE,743191057.804124,508186918.325,987145234.6,838
0.9,0.8,DS Juv = 0.3,SNE,3335717.78109354,1821252.875,5527673.05,128
0.9,0.8,DS Juv = 0.4,MAT,62947721.8700831,42727168.575,83457843.15,576
0.9,0.8,DS Juv = 0.4,NNE,757771451.398559,520328340.55,988535053.275,858
0.9,0.8,DS Juv = 0.4,SNE,3936248.52202681,1189869.05,5924618.25,129
0.9,0.8,DS Juv = 0.5,MAT,67095474.158674,44947986.075,91919869.65,534
0.9,0.8,DS Juv = 0.5,NNE,760335166.07532,511129108.275,1021398773.4,860
0.9,0.8,DS Juv = 0.5,SNE,5088103.93636364,1701860.65,8034026.35,139
0.9,0.8,DS Juv = 0.6,MAT,73899738.6227632,50141323.275,98742032.875,504
0.9,0.8,DS Juv = 0.6,NNE,794491109.455673,549135452.15,1027872595.175,858
0.9,0.8,DS Juv = 0.6,SNE,6691258.2057672,3300024.35,10028268.625,139
0.9,0.8,DS Juv = 0.7,MAT,82394559.2482291,57019047.725,108203063.65,567
0.9,0.8,DS Juv = 0.7,NNE,853497573.501154,570906105.85,1128928468.525,833
0.9,0.8,DS Juv = 0.7,SNE,8270131.09772727,5016752.925,11535627.15,118
0.9,0.8,DS Juv = 0.8,MAT,91015709.9321727,62485649.95,117093826.6,529
0.9,0.8,DS Juv = 0.8,NNE,909407947.057729,617602824.425,1166016122.325,796
0.9,0.8,DS Juv = 0.8,SNE,10168404.4843137,6192440.75,13861176.025,138
0.9,0.8,DS Juv = 0.9,MAT,105216587.622294,74954625.45,137250397.6,540
0.9,0.8,DS Juv = 0.9,NNE,998411522.729536,724363351.825,1277449266.475,810
0.9,0.8,DS Juv = 0.9,SNE,14316010.3251805,10274783.05,19687944.4,144
0.9,0.8,DS Juv = 1,MAT,125648040.55413,89835046.875,163146005.75,528
0.9,0.8,DS Juv = 1,NNE,1105060970.49011,775627188.525,1418766540.35,796
0.9,0.8,DS Juv = 1,SNE,18736190.786134,12349911.3,23602874.125,137
0.9,0.9,DS Juv = 0,MAT,54487909.361966,32926833.6,72755491.325,549
0.9,0.9,DS Juv = 0,NNE,723219328.750939,482481045.475,935743681.275,787
0.9,0.9,DS Juv = 0,SNE,2792865.3008658,640375.05,4952848.325,129
0.9,0.9,DS Juv = 0.1,MAT,54761167.9063435,34757822.15,73573036.525,537
0.9,0.9,DS Juv = 0.1,NNE,723267829.494115,500448953.375,960868644.7,832
0.9,0.9,DS Juv = 0.1,SNE,3039868.86259924,1059051.525,5011721.175,160
0.9,0.9,DS Juv = 0.2,MAT,61066246.8461146,40712698.475,82280415.975,506
0.9,0.9,DS Juv = 0.2,NNE,744375744.126405,459612612.425,1006494444.15,830
0.9,0.9,DS Juv = 0.2,SNE,3671101.26876437,1755088,5719875.775,132
0.9,0.9,DS Juv = 0.3,MAT,64298452.1571276,41800531.325,87798547.2,533
0.9,0.9,DS Juv = 0.3,NNE,759436725.000059,520551220.15,1018144087.825,814
0.9,0.9,DS Juv = 0.3,SNE,4169645.58553275,1687114.15,6596506.475,137
0.9,0.9,DS Juv = 0.4,MAT,67554745.1739755,45998338.375,91656508.975,547
0.9,0.9,DS Juv = 0.4,NNE,777664893.765253,557116647.25,996068579.775,793
0.9,0.9,DS Juv = 0.4,SNE,5079367.28449328,2339379.525,7722884.55,125
0.9,0.9,DS Juv = 0.5,MAT,72350823.0206675,47827861.8,98131332.4,566
0.9,0.9,DS Juv = 0.5,NNE,797498131.980044,557616429.025,1038105159.15,779
0.9,0.9,DS Juv = 0.5,SNE,6282731.96489533,3032574.55,9150924.725,132
0.9,0.9,DS Juv = 0.6,MAT,80217313.8225382,53772310.325,106508790.625,544
0.9,0.9,DS Juv = 0.6,NNE,828658755.241468,583501930.3,1086839245.35,849
0.9,0.9,DS Juv = 0.6,SNE,7905957.67997418,4345388.975,11622124.35,125
0.9,0.9,DS Juv = 0.7,MAT,90389634.615367,62264386.225,118605158.025,532
0.9,0.9,DS Juv = 0.7,NNE,888794860.80809,603788647.425,1166943413.875,861
0.9,0.9,DS Juv = 0.7,SNE,9744340.83790545,5398890.075,13524167.925,141
0.9,0.9,DS Juv = 0.8,MAT,103564399.988367,72106149.775,137794506.925,533
0.9,0.9,DS Juv = 0.8,NNE,961434533.562439,671251564.95,1276992736.675,794
0.9,0.9,DS Juv = 0.8,SNE,12354284.8460825,8657665,16266494.125,136
0.9,0.9,DS Juv = 0.9,MAT,117862592.976335,84524848.15,154730674.425,589
0.9,0.9,DS Juv = 0.9,NNE,1070197187.46417,768942761.8,1361504827.975,864
0.9,0.9,DS Juv = 0.9,SNE,15352202.0692593,11373577.05,19711778.1,120
0.9,0.9,DS Juv = 1,MAT,137351305.915105,99739403.25,178699070.075,503
0.9,0.9,DS Juv = 1,NNE,1194585484.58193,863716661.225,1547458687.4,787
0.9,0.9,DS Juv = 1,SNE,21464340.1390675,15157157.45,27194623.525,113
0.9,1,DS Juv = 0,MAT,59881542.6352081,41323413.425,81752418.675,499
0.9,1,DS Juv = 0,NNE,776604561.077515,544766832.525,1020239311.05,812
0.9,1,DS Juv = 0,SNE,3900481.55661482,1171246.875,6296345.7,129
0.9,1,DS Juv = 0.1,MAT,62957382.3759968,43434093.825,86371906.375,535
0.9,1,DS Juv = 0.1,NNE,778911523.574248,503751558.625,1014225629.9,813
0.9,1,DS Juv = 0.1,SNE,4871180.94798142,2586343.95,7394580.35,150
0.9,1,DS Juv = 0.2,MAT,66901477.5724432,45614249.8,90514784.875,528
0.9,1,DS Juv = 0.2,NNE,789760168.676698,531551154.925,1040899709.55,853
0.9,1,DS Juv = 0.2,SNE,5085090.95747748,2630062.425,7719662.25,137
0.9,1,DS Juv = 0.3,MAT,71965602.0756348,46053500.475,95666626.35,541
0.9,1,DS Juv = 0.3,NNE,817416471.735519,565039697.1,1047585278.9,888
0.9,1,DS Juv = 0.3,SNE,6141656.5298373,2901790.15,9730191.775,139
0.9,1,DS Juv = 0.4,MAT,75581370.4680096,51171907.525,102475841.425,538
0.9,1,DS Juv = 0.4,NNE,821945203.332991,543388153.5,1052527430.45,881
0.9,1,DS Juv = 0.4,SNE,7315629.28845573,4156616.25,11694034.375,122
0.9,1,DS Juv = 0.5,MAT,83241888.8872368,53640664.375,110243450.725,542
0.9,1,DS Juv = 0.5,NNE,851354684.579611,573907819.2,1091942364.05,842
0.9,1,DS Juv = 0.5,SNE,8884622.58581059,4544526.775,12973792.325,161
0.9,1,DS Juv = 0.6,MAT,92220577.3856484,65003337.825,124673142.925,519
0.9,1,DS Juv = 0.6,NNE,899244200.081399,639388767.6,1203821482.5,817
0.9,1,DS Juv = 0.6,SNE,10437595.0273109,5484796.75,15249080.025,146
0.9,1,DS Juv = 0.7,MAT,103003830.254121,71995066.6,139502980.6,573
0.9,1,DS Juv = 0.7,NNE,963544261.317221,669491779.675,1247520712.575,800
0.9,1,DS Juv = 0.7,SNE,12612795.1044586,6670299.8,18610238.25,140
0.9,1,DS Juv = 0.8,MAT,118369433.798741,83371709.35,156877036.95,535
0.9,1,DS Juv = 0.8,NNE,1044772283.27331,741746727.4,1394526899.8,871
0.9,1,DS Juv = 0.8,SNE,15897539.3033069,10982529,20821137.4,134
0.9,1,DS Juv = 0.9,MAT,136901603.917509,97178744.05,178920003.075,541
0.9,1,DS Juv = 0.9,NNE,1160718526.11418,815845343.225,1496794442.25,833
0.9,1,DS Juv = 0.9,SNE,20909469.1025209,15666016.05,26724757.05,123
0.9,1,DS Juv = 1,MAT,159694987.198103,113040864.525,212571934.4,527
0.9,1,DS Juv = 1,NNE,1308148498.11375,950544441.85,1691460203.675,877
0.9,1,DS Juv = 1,SNE,26958615.5250424,16286612.675,34606544.9,133
1,0,DS Juv = 0,MAT,33969341.8253874,21057477.875,47235415.225,504
1,0,DS Juv = 0,NNE,584282266.287025,389936936.15,772708048.05,899
1,0,DS Juv = 0,SNE,653041.165963988,276540.825,1204188,145
1,0,DS Juv = 0.1,MAT,35350715.2809399,22724626.35,50275508.6,502
1,0,DS Juv = 0.1,NNE,595259139.069806,354105744,793621225.075,814
1,0,DS Juv = 0.1,SNE,762381.829331852,334554.55,1632520.775,124
1,0,DS Juv = 0.2,MAT,37402205.5913214,23293691.1,52689497.325,537
1,0,DS Juv = 0.2,NNE,602806365.493428,365933508.5,822974382.075,790
1,0,DS Juv = 0.2,SNE,802610.771845462,328056.9,1539759.1,125
1,0,DS Juv = 0.3,MAT,40165124.1985413,24928418.25,56244076.1,510
1,0,DS Juv = 0.3,NNE,634819683.161191,439061300.85,810155834.275,881
1,0,DS Juv = 0.3,SNE,1110133.12580645,350434.475,2488070.975,145
1,0,DS Juv = 0.4,MAT,43374292.6461864,27038164.725,58793713.05,521
1,0,DS Juv = 0.4,NNE,634209018.344148,393646685.05,808473678.45,846
1,0,DS Juv = 0.4,SNE,1447673.75678799,278891.775,2709218.425,164
1,0,DS Juv = 0.5,MAT,46274308.4880755,29600685.325,62510625.75,519
1,0,DS Juv = 0.5,NNE,630310692.676586,368582431,837725952.775,792
1,0,DS Juv = 0.5,SNE,1733809.18624339,400726.15,3426259.275,143
1,0,DS Juv = 0.6,MAT,52115140.8294775,31175106.65,73576732.85,564
1,0,DS Juv = 0.6,NNE,693039501.643474,486315337.675,916026072.45,813
1,0,DS Juv = 0.6,SNE,2639023.97616893,489869.825,5433459.025,150
1,0,DS Juv = 0.7,MAT,60162682.2281837,36753078.625,84694101.25,538
1,0,DS Juv = 0.7,NNE,716860252.886274,500559378.55,956010737.475,832
1,0,DS Juv = 0.7,SNE,3847061.24760939,1293689.9,6610873.325,138
1,0,DS Juv = 0.8,MAT,70400936.2267896,47424407.75,95946418.625,542
1,0,DS Juv = 0.8,NNE,778868188.510756,515139927.125,1043531853.575,827
1,0,DS Juv = 0.8,SNE,7264106.78175379,3705333.95,11576846.3,159
1,0,DS Juv = 0.9,MAT,84203843.9804889,57466764.775,113234144.425,530
1,0,DS Juv = 0.9,NNE,882025595.198652,590799528.95,1158315268.2,854
1,0,DS Juv = 0.9,SNE,11312379.3026284,7283837.75,15765149.6,144
1,0,DS Juv = 1,MAT,102702307.315213,71192856.25,132935274.2,536
1,0,DS Juv = 1,NNE,1028247105.9965,687866916.125,1357408784.35,857
1,0,DS Juv = 1,SNE,18497896.8156325,13806469.45,23430824.625,111
1,0.1,DS Juv = 0,MAT,34905138.8792239,21978611.925,48257110.35,487
1,0.1,DS Juv = 0,NNE,595618605.187573,408358031.975,792974960.7,793
1,0.1,DS Juv = 0,SNE,632879.138648019,285368.15,1456838.525,144
1,0.1,DS Juv = 0.1,MAT,36776438.9269992,23854535,52052115.45,525
1,0.1,DS Juv = 0.1,NNE,600000072.617834,413776226.95,807586128.375,829
1,0.1,DS Juv = 0.1,SNE,722781.153735632,260166.85,1431479.275,141
1,0.1,DS Juv = 0.2,MAT,38948325.269887,22764293.15,55731569.15,545
1,0.1,DS Juv = 0.2,NNE,599784907.502717,419046334.425,791513982.325,808
1,0.1,DS Juv = 0.2,SNE,937551.420411007,333311.275,2142356.05,133
1,0.1,DS Juv = 0.3,MAT,41469569.8173425,25087798.65,58219769.525,552
1,0.1,DS Juv = 0.3,NNE,624565636.540511,436140497.75,845874743.625,820
1,0.1,DS Juv = 0.3,SNE,1103574.6036855,393434.85,2649385.275,143
1,0.1,DS Juv = 0.4,MAT,45065210.5289443,28098322.7,61194286.175,540
1,0.1,DS Juv = 0.4,NNE,645013771.55465,428791836.65,855244774.125,816
1,0.1,DS Juv = 0.4,SNE,1418775.33113151,400133.375,3118671.85,137
1,0.1,DS Juv = 0.5,MAT,47484204.5561903,28161841.1,62946938.625,539
1,0.1,DS Juv = 0.5,NNE,663843407.789794,480989280.1,839779946.625,799
1,0.1,DS Juv = 0.5,SNE,1649826.95083333,383544.775,3570997.675,130
1,0.1,DS Juv = 0.6,MAT,51701989.2494738,32087113.825,71080386.275,529
1,0.1,DS Juv = 0.6,NNE,682865970.330289,434297146.225,902103711.1,799
1,0.1,DS Juv = 0.6,SNE,2769969.13584449,558065.35,5827895.325,143
1,0.1,DS Juv = 0.7,MAT,60917492.6662906,38714099.95,82860599.725,521
1,0.1,DS Juv = 0.7,NNE,714324921.797638,459501985.975,955183320.3,893
1,0.1,DS Juv = 0.7,SNE,4164448.48744238,1100342.175,7637248.05,118
1,0.1,DS Juv = 0.8,MAT,70296010.9427563,46361300.7,94976602.85,525
1,0.1,DS Juv = 0.8,NNE,771074031.390652,533150183.625,1038088340.075,809
1,0.1,DS Juv = 0.8,SNE,7131769.95411255,3940673.775,10864253.65,133
1,0.1,DS Juv = 0.9,MAT,85592663.0399193,55189977.7,112628098.625,556
1,0.1,DS Juv = 0.9,NNE,873495643.260688,550418264.075,1156707621.175,841
1,0.1,DS Juv = 0.9,SNE,11280977.0525439,6362720.475,15480890.85,122
1,0.1,DS Juv = 1,MAT,103164309.496705,75018027.975,135818314.6,499
1,0.1,DS Juv = 1,NNE,1042311462.58181,727645357.8,1351567455.225,822
1,0.1,DS Juv = 1,SNE,18414395.0137531,11611276.4,25406954.075,141
1,0.2,DS Juv = 0,MAT,35950710.5723113,22854560.35,49820280.575,561
1,0.2,DS Juv = 0,NNE,584234365.810481,394477254.725,773633926.45,908
1,0.2,DS Juv = 0,SNE,668001.898717949,252008.8,1749015.875,145
1,0.2,DS Juv = 0.1,MAT,36980911.2303505,23036560.175,50607771.5,519
1,0.2,DS Juv = 0.1,NNE,599681487.217183,414072632.5,762829297.15,795
1,0.2,DS Juv = 0.1,SNE,812892.806313131,225870.2,1915714.75,134
1,0.2,DS Juv = 0.2,MAT,40139970.5705464,24470471.65,55429043.825,546
1,0.2,DS Juv = 0.2,NNE,597962774.175158,372717044.175,801164681.175,836
1,0.2,DS Juv = 0.2,SNE,1002691.02166667,331551.325,1935494.425,135
1,0.2,DS Juv = 0.3,MAT,42193917.9317143,25717597.55,58657407.85,568
1,0.2,DS Juv = 0.3,NNE,622516589.240879,437642152.125,815133700.625,841
1,0.2,DS Juv = 0.3,SNE,1213898.2796841,410136.125,2494211,150
1,0.2,DS Juv = 0.4,MAT,45019067.1535176,28301519.875,61157231.375,539
1,0.2,DS Juv = 0.4,NNE,644071497.375027,423789502.55,843317869.75,846
1,0.2,DS Juv = 0.4,SNE,1296059.59326765,328986.825,2396870.425,135
1,0.2,DS Juv = 0.5,MAT,49514400.7847467,33524559.825,67718952.125,547
1,0.2,DS Juv = 0.5,NNE,656551677.513835,427707145.075,882169966.75,841
1,0.2,DS Juv = 0.5,SNE,1945905.77958333,342618.9,4149675.625,151
1,0.2,DS Juv = 0.6,MAT,53960573.2464141,33746342.1,77284029.3,536
1,0.2,DS Juv = 0.6,NNE,680328721.328453,446291413.825,901594627.025,829
1,0.2,DS Juv = 0.6,SNE,2824555.89674329,937732.175,5360939,119
1,0.2,DS Juv = 0.7,MAT,62050869.3341016,37793207.725,90304523.8,541
1,0.2,DS Juv = 0.7,NNE,710338970.00597,476779093,933701879.1,835
1,0.2,DS Juv = 0.7,SNE,4500360.61285266,1252874.35,8133173.175,140
1,0.2,DS Juv = 0.8,MAT,73311325.3922432,50402061.2,97390917.3,563
1,0.2,DS Juv = 0.8,NNE,765762251.212744,509968455.725,1000322755.2,858
1,0.2,DS Juv = 0.8,SNE,6969294.75145117,2707696.25,11099319.225,145
1,0.2,DS Juv = 0.9,MAT,86311758.5405087,57771488.675,114031204.025,542
1,0.2,DS Juv = 0.9,NNE,897436032.566064,616813769.825,1187894493.675,862
1,0.2,DS Juv = 0.9,SNE,11291617.5631614,6908206.1,14982403.925,139
1,0.2,DS Juv = 1,MAT,106179748.898486,76396160.475,137398342.725,523
1,0.2,DS Juv = 1,NNE,1049904969.90119,709603351.875,1412395465.275,871
1,0.2,DS Juv = 1,SNE,18703002.5813599,13145592.425,24751244.975,120
1,0.3,DS Juv = 0,MAT,35912229.0108469,22094293.325,51037029.175,545
1,0.3,DS Juv = 0,NNE,592169914.63452,362879459.525,805900791.725,811
1,0.3,DS Juv = 0,SNE,807399.608423983,268070.075,1698443.75,137
1,0.3,DS Juv = 0.1,MAT,38149604.7218253,23759567.125,52878475.7,523
1,0.3,DS Juv = 0.1,NNE,598657335.140553,375661893.15,801294245.55,829
1,0.3,DS Juv = 0.1,SNE,826929.140491453,324414.2,1583989.65,141
1,0.3,DS Juv = 0.2,MAT,41100726.8164962,26994360.75,53767111.75,547
1,0.3,DS Juv = 0.2,NNE,620314260.515589,401498674.3,832787509.275,790
1,0.3,DS Juv = 0.2,SNE,1039551.19841047,352263.675,2171424.225,140
1,0.3,DS Juv = 0.3,MAT,44037787.7859098,29637935.725,60558911.15,502
1,0.3,DS Juv = 0.3,NNE,623781528.633887,405093728.1,857922846.075,822
1,0.3,DS Juv = 0.3,SNE,1455693.59612903,406449.3,2937026.675,125
1,0.3,DS Juv = 0.4,MAT,47383764.4824616,30480982.95,64914384.9,528
1,0.3,DS Juv = 0.4,NNE,650205609.827312,449932425.225,873959946.4,844
1,0.3,DS Juv = 0.4,SNE,1392257.98585904,342513.125,3137465.4,139
1,0.3,DS Juv = 0.5,MAT,50056600.0374629,32544441.375,68457618.4,527
1,0.3,DS Juv = 0.5,NNE,658424996.038458,421790053.475,862164693.95,855
1,0.3,DS Juv = 0.5,SNE,1881304.64387464,465360.85,3948960.775,130
1,0.3,DS Juv = 0.6,MAT,56005560.8775121,33980444.825,77895465.2,529
1,0.3,DS Juv = 0.6,NNE,694693983.390481,457399640.875,923455968.65,871
1,0.3,DS Juv = 0.6,SNE,3060484.96600275,1078523.15,5773945.425,132
1,0.3,DS Juv = 0.7,MAT,63856331.1722215,40144613.8,86058841.075,540
1,0.3,DS Juv = 0.7,NNE,742302714.318406,494096556.75,1002067847.575,827
1,0.3,DS Juv = 0.7,SNE,4496294.3347619,1342849.825,8202009.85,134
1,0.3,DS Juv = 0.8,MAT,74244712.4427056,47688873.725,100006968.8,520
1,0.3,DS Juv = 0.8,NNE,788152590.045655,527331764.275,1062295620.525,837
1,0.3,DS Juv = 0.8,SNE,7288130.15702072,3112013.2,10610835.35,159
1,0.3,DS Juv = 0.9,MAT,88704502.2194002,58775996.275,117474665.4,529
1,0.3,DS Juv = 0.9,NNE,909934859.847197,615261554.325,1230087053.8,840
1,0.3,DS Juv = 0.9,SNE,11800351.0064103,6362013.8,16773711.05,120
1,0.3,DS Juv = 1,MAT,107503173.947212,75012612.975,139161520.075,489
1,0.3,DS Juv = 1,NNE,1067703048.99914,735810369.95,1414583732.3,855
1,0.3,DS Juv = 1,SNE,18446360.0202262,10916324.475,24370314.375,132
1,0.4,DS Juv = 0,MAT,36824735.8329951,22554027.5,52114964.575,592
1,0.4,DS Juv = 0,NNE,595130838.248289,386333957,788535318.15,868
1,0.4,DS Juv = 0,SNE,777349.442230576,326814.675,1764411.075,142
1,0.4,DS Juv = 0.1,MAT,40515075.9887757,25248241.175,55258753.575,520
1,0.4,DS Juv = 0.1,NNE,616164676.234212,422486686.275,812630914.75,817
1,0.4,DS Juv = 0.1,SNE,853532.232552507,278687.55,2029433.5,148
1,0.4,DS Juv = 0.2,MAT,42258740.7058914,26849363.825,57629926.425,530
1,0.4,DS Juv = 0.2,NNE,623625133.458004,380307331.725,864872342.975,834
1,0.4,DS Juv = 0.2,SNE,955277.43422427,342130.55,1863382.9,127
1,0.4,DS Juv = 0.3,MAT,44644934.4645268,28655406.2,59921462.075,557
1,0.4,DS Juv = 0.3,NNE,648224034.744491,425195779.05,846656868.85,804
1,0.4,DS Juv = 0.3,SNE,1270395.50248501,419067.925,2658953.35,136
1,0.4,DS Juv = 0.4,MAT,48219058.6137587,32166655.55,66212706.05,520
1,0.4,DS Juv = 0.4,NNE,662689216.323625,443012902.75,861464705.15,828
1,0.4,DS Juv = 0.4,SNE,1474927.61766513,424174.825,2750408.175,132
1,0.4,DS Juv = 0.5,MAT,52676287.5326781,34775480.175,71269680.175,559
1,0.4,DS Juv = 0.5,NNE,679996391.375524,467120413.2,883862061.55,842
1,0.4,DS Juv = 0.5,SNE,2062316.15694581,348094.975,4320534.85,121
1,0.4,DS Juv = 0.6,MAT,56692932.1836696,37751720.4,76674642.825,563
1,0.4,DS Juv = 0.6,NNE,706689078.883425,456538427.025,941129479.725,860
1,0.4,DS Juv = 0.6,SNE,3020669.61574074,445434.85,5537669.45,128
1,0.4,DS Juv = 0.7,MAT,66554643.2889952,42875843.15,91329987.775,521
1,0.4,DS Juv = 0.7,NNE,740001657.315585,502784362.3,966741747.95,797
1,0.4,DS Juv = 0.7,SNE,4920379.3992674,1240749.675,8251798.475,138
1,0.4,DS Juv = 0.8,MAT,77361612.7633798,49630647.1,104836955.05,525
1,0.4,DS Juv = 0.8,NNE,789920283.481503,499218484.85,1061924777.1,829
1,0.4,DS Juv = 0.8,SNE,7650635.18178596,3545229.95,11405386.2,122
1,0.4,DS Juv = 0.9,MAT,91353989.4811068,62100971.175,121634197.225,543
1,0.4,DS Juv = 0.9,NNE,922937312.295257,600103459.15,1208685957.3,863
1,0.4,DS Juv = 0.9,SNE,11629520.6708506,8395552.925,15126659.95,122
1,0.4,DS Juv = 1,MAT,113412417.419063,82212699.8,150478582.5,537
1,0.4,DS Juv = 1,NNE,1095461227.70628,781071752.1,1412901295.5,782
1,0.4,DS Juv = 1,SNE,18941133.9697856,11030567.075,26461602.55,147
1,0.5,DS Juv = 0,MAT,39174542.1695463,26058541.45,52984426.425,537
1,0.5,DS Juv = 0,NNE,604578787.851915,359418713.275,790747877.025,838
1,0.5,DS Juv = 0,SNE,851161.950892857,282752.4,1988150.55,121
1,0.5,DS Juv = 0.1,MAT,39781390.6040654,24023186.5,55086761.675,568
1,0.5,DS Juv = 0.1,NNE,610874775.172355,416095426.65,819232466.1,781
1,0.5,DS Juv = 0.1,SNE,896628.08328202,297490.85,1825706.925,136
1,0.5,DS Juv = 0.2,MAT,43667533.3967646,28169267.25,59425834.3,554
1,0.5,DS Juv = 0.2,NNE,653533412.722375,451122673.725,856201032.85,794
1,0.5,DS Juv = 0.2,SNE,1197310.50622294,299495.15,2436645.55,130
1,0.5,DS Juv = 0.3,MAT,47424307.893556,31776459.775,63664375.275,561
1,0.5,DS Juv = 0.3,NNE,657114376.795662,478392661.45,842747531.625,856
1,0.5,DS Juv = 0.3,SNE,1252205.34993961,451091.35,2644816.625,137
1,0.5,DS Juv = 0.4,MAT,49128685.4386273,29997653.6,67638793.725,559
1,0.5,DS Juv = 0.4,NNE,681613066.009728,474158643.8,888506709.325,821
1,0.5,DS Juv = 0.4,SNE,1628762.38199073,558825.75,3416347.85,149
1,0.5,DS Juv = 0.5,MAT,54798944.6871977,34648932.2,74012824.45,507
1,0.5,DS Juv = 0.5,NNE,700587190.16634,503587229.475,917278182.875,850
1,0.5,DS Juv = 0.5,SNE,2325041.19365544,686144.75,4388243.55,131
1,0.5,DS Juv = 0.6,MAT,59340031.5086969,37452349.95,79561834.025,563
1,0.5,DS Juv = 0.6,NNE,705592150.39194,465073689.025,920005503.45,812
1,0.5,DS Juv = 0.6,SNE,3064457.53419491,1036506.5,6005849,145
1,0.5,DS Juv = 0.7,MAT,68451602.0844017,46174717.85,92900608.175,537
1,0.5,DS Juv = 0.7,NNE,750674073.587393,531177097.8,973577559.875,828
1,0.5,DS Juv = 0.7,SNE,5370944.85560697,1646431.025,8881560,139
1,0.5,DS Juv = 0.8,MAT,79458639.4826756,51462222.35,106898993.9,518
1,0.5,DS Juv = 0.8,NNE,835127276.690528,575708122.775,1119512431.5,897
1,0.5,DS Juv = 0.8,SNE,7905392.81584722,3586220.8,11531162.15,136
1,0.5,DS Juv = 0.9,MAT,93882999.7089625,66682796.825,127127813.025,517
1,0.5,DS Juv = 0.9,NNE,926712080.579767,635766051.775,1238528866.75,806
1,0.5,DS Juv = 0.9,SNE,13102396.8677036,8798125.65,17743222.95,157
1,0.5,DS Juv = 1,MAT,117522041.432989,78043036,159209813.9,553
1,0.5,DS Juv = 1,NNE,1103068297.67164,765806272.25,1429716067.725,838
1,0.5,DS Juv = 1,SNE,20036897.3956365,13996040.85,27568057.3,146
1,0.6,DS Juv = 0,MAT,40562118.9270631,23448947.225,56099845.325,526
1,0.6,DS Juv = 0,NNE,641847718.162716,407668778.675,833566781.075,847
1,0.6,DS Juv = 0,SNE,796818.804750805,275293.15,1498722.95,132
1,0.6,DS Juv = 0.1,MAT,43985780.6142815,27297500.675,60935840.85,530
1,0.6,DS Juv = 0.1,NNE,633779743.232997,430333545.725,827745388.05,815
1,0.6,DS Juv = 0.1,SNE,1074049.98387097,394453.9,2652503.35,138
1,0.6,DS Juv = 0.2,MAT,45841964.1453941,28482710.475,62501601.475,534
1,0.6,DS Juv = 0.2,NNE,648562223.491604,428933194.75,864418192.15,787
1,0.6,DS Juv = 0.2,SNE,1328336.5771312,552264.3,2360644.7,146
1,0.6,DS Juv = 0.3,MAT,48286458.7987827,28634741.35,65735357.575,532
1,0.6,DS Juv = 0.3,NNE,652458158.521072,409473313.6,850367688.825,816
1,0.6,DS Juv = 0.3,SNE,1460182.98297101,273364.075,2797972.775,121
1,0.6,DS Juv = 0.4,MAT,53642312.4728595,35671410.575,71535579.25,510
1,0.6,DS Juv = 0.4,NNE,677269087.128469,479333764.1,880592841.025,881
1,0.6,DS Juv = 0.4,SNE,1940123.1625657,721551.35,3470569.575,129
1,0.6,DS Juv = 0.5,MAT,57515023.943118,37444486.15,77464138.125,530
1,0.6,DS Juv = 0.5,NNE,709909045.806953,487652909.325,952029069.025,844
1,0.6,DS Juv = 0.5,SNE,2487307.41111111,568301.925,4902366.6,130
1,0.6,DS Juv = 0.6,MAT,62142713.257697,39211605.95,86087301.2,519
1,0.6,DS Juv = 0.6,NNE,737577855.112356,516285485.125,944606082.9,794
1,0.6,DS Juv = 0.6,SNE,3290253.24903226,794920.5,5955625.45,139
1,0.6,DS Juv = 0.7,MAT,71504906.6980025,47165582.15,95386106.325,558
1,0.6,DS Juv = 0.7,NNE,777843444.864123,556898288.95,1028573149.05,823
1,0.6,DS Juv = 0.7,SNE,4980349.85724638,1755557.775,7612122.575,115
1,0.6,DS Juv = 0.8,MAT,84512854.5278597,56680009.775,116553009.5,530
1,0.6,DS Juv = 0.8,NNE,832407755.178793,562311113.75,1097113649.35,791
1,0.6,DS Juv = 0.8,SNE,8289932.34961219,2993651.7,12214394.775,130
1,0.6,DS Juv = 0.9,MAT,99598052.7665478,67100734.1,129634601.3,534
1,0.6,DS Juv = 0.9,NNE,947893483.37841,630235153.6,1226404977.475,874
1,0.6,DS Juv = 0.9,SNE,12847520.1868585,8236285.45,17641573.05,113
1,0.6,DS Juv = 1,MAT,119825082.601977,84200086.475,158351116.05,511
1,0.6,DS Juv = 1,NNE,1129573147.33353,791543731.95,1473129833.725,799
1,0.6,DS Juv = 1,SNE,19570280.5942529,12407073.775,26728074.375,141
1,0.7,DS Juv = 0,MAT,43291890.8133427,28021457.725,59054919.55,549
1,0.7,DS Juv = 0,NNE,638532251.272676,466885246.025,822694847.6,858
1,0.7,DS Juv = 0,SNE,1217638.83543024,394700.25,2595756.975,149
1,0.7,DS Juv = 0.1,MAT,45199111.7057808,29377160.55,61429516.375,525
1,0.7,DS Juv = 0.1,NNE,663881154.363797,415298972.4,853056710.35,801
1,0.7,DS Juv = 0.1,SNE,1184708.86014477,388141.475,2248457.95,148
1,0.7,DS Juv = 0.2,MAT,49243391.9936144,31403860.65,66310495.075,564
1,0.7,DS Juv = 0.2,NNE,666832276.142645,425489315.025,887138205.8,832
1,0.7,DS Juv = 0.2,SNE,1205359.180814,341427.85,3120418.55,140
1,0.7,DS Juv = 0.3,MAT,51375067.3489278,33742385.325,69891283.375,530
1,0.7,DS Juv = 0.3,NNE,674010660.367366,433411093.55,874293316.4,812
1,0.7,DS Juv = 0.3,SNE,1393083.01428571,357532.55,2927836.2,140
1,0.7,DS Juv = 0.4,MAT,54788447.209409,35667584.925,73515665.225,543
1,0.7,DS Juv = 0.4,NNE,698949564.950856,427313996.85,926561664.375,822
1,0.7,DS Juv = 0.4,SNE,1881321.9385348,391312.125,3913602.2,136
1,0.7,DS Juv = 0.5,MAT,60474386.2137593,35738583.025,81419799.925,526
1,0.7,DS Juv = 0.5,NNE,703898807.42942,472971509.25,941695161.45,827
1,0.7,DS Juv = 0.5,SNE,2715573.47532541,1026545.575,4721181.475,137
1,0.7,DS Juv = 0.6,MAT,67092314.5823189,42669046.975,90501106.15,545
1,0.7,DS Juv = 0.6,NNE,751153825.489899,541585792.375,957491836.775,853
1,0.7,DS Juv = 0.6,SNE,4211582.60949438,998311.55,7526145.925,144
1,0.7,DS Juv = 0.7,MAT,76542816.0619961,50734566.6,101995357.75,523
1,0.7,DS Juv = 0.7,NNE,790698693.333539,564869474.25,1073674843.525,812
1,0.7,DS Juv = 0.7,SNE,5781976.50896552,1963284,9940972.15,127
1,0.7,DS Juv = 0.8,MAT,89742408.2516705,60263797.7,119581155.075,571
1,0.7,DS Juv = 0.8,NNE,866016948.007684,612272437.75,1143374534.5,823
1,0.7,DS Juv = 0.8,SNE,9231413.35956001,3425656.4,13463405.2,133
1,0.7,DS Juv = 0.9,MAT,107028332.05876,70038932.275,145019784.65,561
1,0.7,DS Juv = 0.9,NNE,980250449.414744,680091707.6,1288867116.875,810
1,0.7,DS Juv = 0.9,SNE,13804407.6320201,6333899.75,20314397.6,150
1,0.7,DS Juv = 1,MAT,128549145.491484,90662085,171360007.575,532
1,0.7,DS Juv = 1,NNE,1169362923.20858,817488379.475,1470495510.2,798
1,0.7,DS Juv = 1,SNE,21747065.8891639,14034095.5,28059705.45,129
1,0.8,DS Juv = 0,MAT,46745561.9263693,28496938.15,63058249.3,532
1,0.8,DS Juv = 0,NNE,666332710.709958,418043299.05,899135418.775,843
1,0.8,DS Juv = 0,SNE,1271447.76507016,378995.85,2501435.45,133
1,0.8,DS Juv = 0.1,MAT,48120461.8353923,29293270.975,66325728.425,497
1,0.8,DS Juv = 0.1,NNE,693395397.54454,448735252.225,911917719.4,763
1,0.8,DS Juv = 0.1,SNE,1540147.13571614,530661.825,2928123.75,123
1,0.8,DS Juv = 0.2,MAT,51302179.2762075,34212021.75,69710117.9,555
1,0.8,DS Juv = 0.2,NNE,692685150.834118,456989233.775,925707059,830
1,0.8,DS Juv = 0.2,SNE,1405130.49259259,394275.925,2658773.85,116
1,0.8,DS Juv = 0.3,MAT,56228941.3155532,37678028.275,75686210.975,524
1,0.8,DS Juv = 0.3,NNE,699519366.051787,463211774.725,954741206.9,838
1,0.8,DS Juv = 0.3,SNE,1730470.44047619,501517.65,3514649.25,124
1,0.8,DS Juv = 0.4,MAT,59890272.6014383,40934172.35,79454303.025,554
1,0.8,DS Juv = 0.4,NNE,741623000.046803,510946797.975,989987529.775,825
1,0.8,DS Juv = 0.4,SNE,2350155.06217657,685328.925,4081431.05,130
1,0.8,DS Juv = 0.5,MAT,64831263.305156,43341210.45,90547392.875,528
1,0.8,DS Juv = 0.5,NNE,754223274.495699,530795030.225,948359479.35,824
1,0.8,DS Juv = 0.5,SNE,3052354.576975,1072074.9,6240695.5,138
1,0.8,DS Juv = 0.6,MAT,72583154.7938306,46622363.275,96459206.075,597
1,0.8,DS Juv = 0.6,NNE,801286190.484183,584663946.925,1051569861.4,840
1,0.8,DS Juv = 0.6,SNE,4696794.21255411,973700.025,8662728.8,130
1,0.8,DS Juv = 0.7,MAT,82433420.3266327,54292733.45,109998525.3,584
1,0.8,DS Juv = 0.7,NNE,817749730.658542,546790556.375,1096417876.95,841
1,0.8,DS Juv = 0.7,SNE,6613328.5605973,3159009.075,9678156.55,126
1,0.8,DS Juv = 0.8,MAT,96868684.7728972,67160069.875,128835439.675,515
1,0.8,DS Juv = 0.8,NNE,940132802.199127,674455163.8,1230345045.625,821
1,0.8,DS Juv = 0.8,SNE,10759127.716436,5833378.375,16253790.325,153
1,0.8,DS Juv = 0.9,MAT,114356101.423325,82177869.075,147510603.55,496
1,0.8,DS Juv = 0.9,NNE,1046255253.89896,753689454.5,1332037712.625,827
1,0.8,DS Juv = 0.9,SNE,15541006.0491342,10262243.775,21566540.25,108
1,0.8,DS Juv = 1,MAT,138315759.719799,98014137.5,181235825.625,529
1,0.8,DS Juv = 1,NNE,1202440895.39911,863386436.275,1535176883.775,752
1,0.8,DS Juv = 1,SNE,24278693.9479457,15053165.7,33681288.55,135
1,0.9,DS Juv = 0,MAT,51662545.7013744,33692907.525,67768579.4,489
1,0.9,DS Juv = 0,NNE,693558064.422024,492866992.975,903960201.975,833
1,0.9,DS Juv = 0,SNE,1504691.61809524,476768.15,2812626.35,158
1,0.9,DS Juv = 0.1,MAT,53329988.4187065,34211387.65,72891929.45,534
1,0.9,DS Juv = 0.1,NNE,705263770.625839,465697295.45,939993055.475,812
1,0.9,DS Juv = 0.1,SNE,1629879.0969697,359798.275,2893931.425,131
1,0.9,DS Juv = 0.2,MAT,57776807.5153193,37536107.85,75725842.425,541
1,0.9,DS Juv = 0.2,NNE,739883512.295988,518406949.5,983798687.275,839
1,0.9,DS Juv = 0.2,SNE,1950822.9625,651384.65,4242640.875,131
1,0.9,DS Juv = 0.3,MAT,60440556.6849993,39635297.525,83288260.8,541
1,0.9,DS Juv = 0.3,NNE,735593754.323153,480135318.775,950231048.075,810
1,0.9,DS Juv = 0.3,SNE,2616613.02319093,783348.625,5175788.425,138
1,0.9,DS Juv = 0.4,MAT,64802279.9472102,43736684.75,87606689.025,522
1,0.9,DS Juv = 0.4,NNE,765821916.97726,504829475.55,1025878210.175,811
1,0.9,DS Juv = 0.4,SNE,3289332.84761905,938341.8,6933122.9,140
1,0.9,DS Juv = 0.5,MAT,70754682.4900901,46275176.525,97129168.825,532
1,0.9,DS Juv = 0.5,NNE,778313044.116819,540595577.25,1063640719.4,852
1,0.9,DS Juv = 0.5,SNE,4202691.05211881,962853.775,7936632.275,136
1,0.9,DS Juv = 0.6,MAT,81191822.5407047,53528863.725,110846835.575,504
1,0.9,DS Juv = 0.6,NNE,826524572.426186,550385112.45,1107603839.725,792
1,0.9,DS Juv = 0.6,SNE,6179241.65757576,1944822.075,9720295.6,120
1,0.9,DS Juv = 0.7,MAT,92274744.8822167,61087949.05,124373967.5,537
1,0.9,DS Juv = 0.7,NNE,868438715.72128,599627621.35,1129745779,870
1,0.9,DS Juv = 0.7,SNE,8693066.41946429,3676563.85,12874852.2,136
1,0.9,DS Juv = 0.8,MAT,108453130.567741,74257433.65,144534936.525,586
1,0.9,DS Juv = 0.8,NNE,986193866.331409,647974225.425,1317015042.325,837
1,0.9,DS Juv = 0.8,SNE,12845042.9474835,8356895,17455114.375,119
1,0.9,DS Juv = 0.9,MAT,131737861.983033,91880814.75,174402362.325,585
1,0.9,DS Juv = 0.9,NNE,1133180839.44036,781500983.85,1431962924.55,837
1,0.9,DS Juv = 0.9,SNE,18684751.7551421,12878952.525,24716946.85,138
1,0.9,DS Juv = 1,MAT,159155709.330408,114869084.05,206130800.2,525
1,0.9,DS Juv = 1,NNE,1334352717.81596,979833699.35,1687744216.25,812
1,0.9,DS Juv = 1,SNE,27485832.0469298,18879367.35,37629859.725,141
1,1,DS Juv = 0,MAT,58481919.257046,37189330.425,78444470.525,502
1,1,DS Juv = 0,NNE,738863519.190512,492825673.425,968940463.05,871
1,1,DS Juv = 0,SNE,3033469.93303074,803206.625,5579453.35,123
1,1,DS Juv = 0.1,MAT,60048606.0703454,40128820.6,79541858.15,494
1,1,DS Juv = 0.1,NNE,754389671.239306,505318306.475,978010456,857
1,1,DS Juv = 0.1,SNE,3486035.19705682,1699132.5,5624173.475,160
1,1,DS Juv = 0.2,MAT,65341087.9072296,42642046.575,88218081.075,529
1,1,DS Juv = 0.2,NNE,800119305.636538,562156789.725,1059620911.7,851
1,1,DS Juv = 0.2,SNE,3817325.79738562,1639183.975,6214931.475,132
1,1,DS Juv = 0.3,MAT,69320010.1329633,47076704.775,91121925.025,546
1,1,DS Juv = 0.3,NNE,800306402.45732,522868991.325,1022610593.825,809
1,1,DS Juv = 0.3,SNE,4260608.07324786,1595314.175,7831372.05,111
1,1,DS Juv = 0.4,MAT,75099287.021197,50209402.925,101898458.6,515
1,1,DS Juv = 0.4,NNE,827702304.930654,583348190.75,1103300552.35,889
1,1,DS Juv = 0.4,SNE,5758525.08066411,1530106.35,9265828.65,138
1,1,DS Juv = 0.5,MAT,84049696.4208317,55044115,113006138.2,543
1,1,DS Juv = 0.5,NNE,859697194.775432,542471849.9,1149119776.925,871
1,1,DS Juv = 0.5,SNE,6841944.70431742,2944420,11191994.2,123
1,1,DS Juv = 0.6,MAT,95127586.2449579,62371693.675,128280593.1,538
1,1,DS Juv = 0.6,NNE,887402890.62001,629519620.075,1187650108.25,798
1,1,DS Juv = 0.6,SNE,10114713.0212843,3249228.175,15982961.125,136
1,1,DS Juv = 0.7,MAT,108649829.093297,70985819.325,145541701.375,553
1,1,DS Juv = 0.7,NNE,1004887752.41112,671427160.65,1319743022.15,809
1,1,DS Juv = 0.7,SNE,12638798.3721251,5362836.825,20445990.05,151
1,1,DS Juv = 0.8,MAT,132312988.795832,90628841.375,172966081.55,563
1,1,DS Juv = 0.8,NNE,1097893991.87744,761240800.175,1472383346.225,867
1,1,DS Juv = 0.8,SNE,18437006.7999123,10054087.45,26097673.925,141
1,1,DS Juv = 0.9,MAT,159915663.161815,107026220.625,210996598.175,560
1,1,DS Juv = 0.9,NNE,1276545837.55601,882816702,1667780299.55,839
1,1,DS Juv = 0.9,SNE,25812467.8784122,17686841.875,34404414.875,139
1,1,DS Juv = 1,MAT,194750623.089786,137805535.15,255145774.025,589
1,1,DS Juv = 1,NNE,1574760339.1714,1111252664.475,2020522265.05,836
1,1,DS Juv = 1,SNE,38879491.3898907,25902693.725,49607504.9,136
