POP,Habitat,first_dam,difference,percent_difference
MAT,3920.5390612037,1380.947321051,2539.5917401527,65
NNE,33542.491764298,16840.339982661,16702.151781637,50
SNE,924.419214051,158.643859877,765.775354174,83
