upstream,downstream,downstream_j,region,pop,lwr,upr,samp
0,0,DS Juv = 0,CAN-NNE,37451345.7877134,13606940.675,72856426,388
0,0,DS Juv = 0,MAT,36141442.0253146,12242732.575,67931250,559
0,0,DS Juv = 0,MNE,118046.428571429,37609.1,183927.7,28
0,0,DS Juv = 0,SAT,35073249.1267795,10401219.45,67183542.825,424
0,0,DS Juv = 0,SNE,405043.852941176,117887.1,728041.125,34
0,0,DS Juv = 0.1,CAN-NNE,38614621.1746505,14302466.475,69886957.35,399
0,0,DS Juv = 0.1,MAT,33441374.5527424,12024437.325,63163690.2,570
0,0,DS Juv = 0.1,MNE,90450.52,39374.2,167329.8,25
0,0,DS Juv = 0.1,SAT,36962846.3085418,10406255.1,70052783.575,455
0,0,DS Juv = 0.1,SNE,437377.964285714,134668.85,865713.575,28
0,0,DS Juv = 0.2,CAN-NNE,38278599.1179938,15081352.025,70055545.425,388
0,0,DS Juv = 0.2,MAT,33796695.5438509,10715194.65,65137877.85,624
0,0,DS Juv = 0.2,MNE,113472.269230769,34507.125,199519.125,26
0,0,DS Juv = 0.2,SAT,37546319.5773986,10986228.75,71957281.525,420
0,0,DS Juv = 0.2,SNE,470996.78125,147633.05,772634.8,32
0,0,DS Juv = 0.3,CAN-NNE,41133169.2603984,13989663.725,73871976.125,399
0,0,DS Juv = 0.3,MAT,35292876.5270556,11937172.5,66724577.825,613
0,0,DS Juv = 0.3,MNE,118935.64516129,33819.75,236553.75,31
0,0,DS Juv = 0.3,SAT,34931408.4603322,11505298.9,65661407.65,402
0,0,DS Juv = 0.3,SNE,497407.4,116842,898305.75,30
0,0,DS Juv = 0.4,CAN-NNE,39485475.6723808,13086330.575,68382652.175,380
0,0,DS Juv = 0.4,MAT,35444045.2713847,12097816.075,66815595.175,646
0,0,DS Juv = 0.4,MNE,103379.625,30522.65,185260.275,32
0,0,DS Juv = 0.4,SAT,34892866.7576695,10944021.825,70421112.075,416
0,0,DS Juv = 0.4,SNE,431853.12,141138,762330.2,25
0,0,DS Juv = 0.5,CAN-NNE,39914804.4735113,14068974.3,72896713.625,389
0,0,DS Juv = 0.5,MAT,35610264.3456112,11809455.675,66189776.325,621
0,0,DS Juv = 0.5,MNE,89181.6666666667,31102.9,179551.4,27
0,0,DS Juv = 0.5,SAT,35862118.334881,12982718.15,66658780,424
0,0,DS Juv = 0.5,SNE,356048.294117647,105783.925,782927.85,34
0,0,DS Juv = 0.6,CAN-NNE,39604836.6171253,13659039.775,77846370.75,409
0,0,DS Juv = 0.6,MAT,35134281.2629169,12378934.875,66527855.225,568
0,0,DS Juv = 0.6,MNE,92763.9655172414,34948,200510.7,29
0,0,DS Juv = 0.6,SAT,34700239.821317,12290843.8,63964531.875,413
0,0,DS Juv = 0.6,SNE,438288.5625,95923,943345.6,32
0,0,DS Juv = 0.7,CAN-NNE,36803953.7963002,13703229.4,71862005.325,356
0,0,DS Juv = 0.7,MAT,36770250.9989073,12291580.925,66692726.575,568
0,0,DS Juv = 0.7,MNE,98384.1935483871,27196,241467,31
0,0,DS Juv = 0.7,SAT,33320198.3164696,10138032.2,67373343.75,455
0,0,DS Juv = 0.7,SNE,412582.967741935,111464.5,812397,31
0,0,DS Juv = 0.8,CAN-NNE,39871959.4040854,13859551.075,74794310.1,383
0,0,DS Juv = 0.8,MAT,35848085.0777506,12635545.25,65080953.175,561
0,0,DS Juv = 0.8,MNE,99917.1627906977,21039.8,194015.3,43
0,0,DS Juv = 0.8,SAT,37475565.5681402,11255603.075,68137631.025,443
0,0,DS Juv = 0.8,SNE,437322.974358974,88252.8,928828.05,39
0,0,DS Juv = 0.9,CAN-NNE,39059635.8338835,12831106.025,71019479,413
0,0,DS Juv = 0.9,MAT,38977221.2101329,12106348.85,72079627.2,577
0,0,DS Juv = 0.9,MNE,98085.6333333333,36157.525,185741.675,30
0,0,DS Juv = 0.9,SAT,33395803.0355843,11727409.325,68454544.175,423
0,0,DS Juv = 0.9,SNE,375287.941176471,91621.3,754430.175,34
0,0,DS Juv = 1,CAN-NNE,40279824.4814595,14296449.225,65940213.65,399
0,0,DS Juv = 1,MAT,34918852.2560894,11240237.375,67069994.525,602
0,0,DS Juv = 1,MNE,84404.3333333333,38870.65,168191.6,24
0,0,DS Juv = 1,SAT,34578298.8256919,12421515.375,66663156.5,435
0,0,DS Juv = 1,SNE,390131.6,89615.8,821390.6,25
0,0.1,DS Juv = 0,CAN-NNE,38961941.0890047,11690474.7,73183382.55,368
0,0.1,DS Juv = 0,MAT,34548123.7500192,11738101.25,64984006.15,572
0,0.1,DS Juv = 0,MNE,103897.75,38381.5,205014.125,36
0,0.1,DS Juv = 0,SAT,35622071.2447704,11455566,70159192.5,442
0,0.1,DS Juv = 0,SNE,399499.542857143,66913.7,781855.15,35
0,0.1,DS Juv = 0.1,CAN-NNE,35804009.8489325,13652822.525,66268886.325,373
0,0.1,DS Juv = 0.1,MAT,34936254.3268243,12262387.025,66899752.875,656
0,0.1,DS Juv = 0.1,MNE,104057.484848485,31966.4,181682.6,33
0,0.1,DS Juv = 0.1,SAT,33933414.9627623,11872898.925,64520383.45,421
0,0.1,DS Juv = 0.1,SNE,364171.371428571,64349.1,846744.75,35
0,0.1,DS Juv = 0.2,CAN-NNE,36270334.6304909,13017741.75,68455405.8,374
0,0.1,DS Juv = 0.2,MAT,34977319.8028161,12243248.2,65086450.8,645
0,0.1,DS Juv = 0.2,MNE,127584.125,61070.5,189823.625,16
0,0.1,DS Juv = 0.2,SAT,35161522.5362217,10730021.3,68870691.55,442
0,0.1,DS Juv = 0.2,SNE,393863.869565217,128872.8,664373.4,23
0,0.1,DS Juv = 0.3,CAN-NNE,38961699.9846121,13933501.875,73703193.2,422
0,0.1,DS Juv = 0.3,MAT,35452111.7672562,11818108.625,65903299.55,615
0,0.1,DS Juv = 0.3,MNE,101506.411764706,37684.2,197612.8,17
0,0.1,DS Juv = 0.3,SAT,37241071.4291665,11843541.9,69695939.675,422
0,0.1,DS Juv = 0.3,SNE,332631.166666667,95776.75,633969.725,24
0,0.1,DS Juv = 0.4,CAN-NNE,39415710.8903093,13180904.45,73669433.5,400
0,0.1,DS Juv = 0.4,MAT,37386231.8235236,12527691.45,68767316.425,598
0,0.1,DS Juv = 0.4,MNE,104857.821428571,25606.925,205032.55,28
0,0.1,DS Juv = 0.4,SAT,33602454.4405412,10795561.7,69088312.625,423
0,0.1,DS Juv = 0.4,SNE,430551.75,116625.25,936494.125,36
0,0.1,DS Juv = 0.5,CAN-NNE,36086667.7259435,11594313.35,75780596.375,426
0,0.1,DS Juv = 0.5,MAT,35387672.6498958,11785134.35,69055403.8,577
0,0.1,DS Juv = 0.5,MNE,103279.736842105,31248.675,186718.65,38
0,0.1,DS Juv = 0.5,SAT,36053786.2035497,11344624.825,73510526.075,379
0,0.1,DS Juv = 0.5,SNE,474822.3125,137238.4,773072.1,32
0,0.1,DS Juv = 0.6,CAN-NNE,40097815.9104599,13644061.575,73788303.075,385
0,0.1,DS Juv = 0.6,MAT,35780093.8392404,11993428.525,69039083.2,596
0,0.1,DS Juv = 0.6,MNE,95182,27085.85,197307.9,27
0,0.1,DS Juv = 0.6,SAT,33301366.0347169,11522750.975,63333850.025,414
0,0.1,DS Juv = 0.6,SNE,439075.795454545,130235.35,860019.525,44
0,0.1,DS Juv = 0.7,CAN-NNE,39329537.7040256,13064640.1,70266139.65,416
0,0.1,DS Juv = 0.7,MAT,35956482.0821105,11336534.275,64624150.425,629
0,0.1,DS Juv = 0.7,MNE,105760.322580645,31371.5,191626.25,31
0,0.1,DS Juv = 0.7,SAT,35062687.611601,11755087.35,65512490.875,409
0,0.1,DS Juv = 0.7,SNE,443886.5,121769.425,805733.1,38
0,0.1,DS Juv = 0.8,CAN-NNE,36755379.8016041,13398237.275,72014481.775,396
0,0.1,DS Juv = 0.8,MAT,35819335.2409376,11670508.775,66552993.775,585
0,0.1,DS Juv = 0.8,MNE,89398.8684210526,35838.825,185937.95,38
0,0.1,DS Juv = 0.8,SAT,32950667.9713342,11496093.425,64368141.65,438
0,0.1,DS Juv = 0.8,SNE,373274.684210526,125373.95,860047.9,19
0,0.1,DS Juv = 0.9,CAN-NNE,37188931.0139538,12709295.3,71600047.95,370
0,0.1,DS Juv = 0.9,MAT,35971919.3826116,12311876.65,67466627.975,599
0,0.1,DS Juv = 0.9,MNE,83405.9393939394,29575,171039.4,33
0,0.1,DS Juv = 0.9,SAT,36246020.4087812,12296988.825,66863624.575,442
0,0.1,DS Juv = 0.9,SNE,436789.15,92740.55,870812.15,40
0,0.1,DS Juv = 1,CAN-NNE,40630708.3800785,14853779.55,73110674.975,402
0,0.1,DS Juv = 1,MAT,35531145.0218499,11636552.15,69399827.8,630
0,0.1,DS Juv = 1,MNE,115185.821428571,35401.975,202192,28
0,0.1,DS Juv = 1,SAT,37437417.70163,12699643.275,68356569.2,405
0,0.1,DS Juv = 1,SNE,467656.482758621,90687.7,908848.3,29
0,0.2,DS Juv = 0,CAN-NNE,36021558.3219965,12785802.275,68216004.6,398
0,0.2,DS Juv = 0,MAT,36551498.8944357,12751898.725,67762098.5,600
0,0.2,DS Juv = 0,MNE,91167.1363636364,28464.3,166212.625,22
0,0.2,DS Juv = 0,SAT,33111887.5861401,11477437.475,62864356.525,453
0,0.2,DS Juv = 0,SNE,368168.060606061,109303,742772.2,33
0,0.2,DS Juv = 0.1,CAN-NNE,39111637.4266406,14201533.225,68764717.925,384
0,0.2,DS Juv = 0.1,MAT,35493888.0259565,11738768.8,66349440.9,590
0,0.2,DS Juv = 0.1,MNE,106135.620689655,35592.9,179706.8,29
0,0.2,DS Juv = 0.1,SAT,35687125.6389652,11598715.575,69466752.625,411
0,0.2,DS Juv = 0.1,SNE,437817.837837838,72885.3,1029900.7,37
0,0.2,DS Juv = 0.2,CAN-NNE,42106100.8568442,14187266.5,74476254.025,413
0,0.2,DS Juv = 0.2,MAT,36246877.3497178,11745365.95,66687801.075,623
0,0.2,DS Juv = 0.2,MNE,98962.2608695652,33958.6,180322.25,23
0,0.2,DS Juv = 0.2,SAT,34908167.4745499,11839990.75,66180553.45,422
0,0.2,DS Juv = 0.2,SNE,413431.961538462,108628.875,818487.125,26
0,0.2,DS Juv = 0.3,CAN-NNE,39393662.1468057,13423438.05,72641927.575,409
0,0.2,DS Juv = 0.3,MAT,35745949.5054827,11625700.225,64934352.175,578
0,0.2,DS Juv = 0.3,MNE,84811.2058823529,31756.15,187347.825,34
0,0.2,DS Juv = 0.3,SAT,36540481.3053485,12108870.1,70294015.45,464
0,0.2,DS Juv = 0.3,SNE,474946.433333333,112229.225,995385.35,30
0,0.2,DS Juv = 0.4,CAN-NNE,36563970.6874372,13561256.95,67659058.05,378
0,0.2,DS Juv = 0.4,MAT,35194151.6963857,11780684.6,64225786.45,634
0,0.2,DS Juv = 0.4,MNE,105845.166666667,34694.3,190761.05,30
0,0.2,DS Juv = 0.4,SAT,36890512.540249,12456617.75,68926830.575,413
0,0.2,DS Juv = 0.4,SNE,394815.68,128775.8,773139.8,25
0,0.2,DS Juv = 0.5,CAN-NNE,36457307.054149,12328343.375,67315626.225,406
0,0.2,DS Juv = 0.5,MAT,34763059.4591186,12956278.9,66571137.2,579
0,0.2,DS Juv = 0.5,MNE,95415.7857142857,27500.675,191010,28
0,0.2,DS Juv = 0.5,SAT,35694722.6671918,11360210.75,68976168.2,424
0,0.2,DS Juv = 0.5,SNE,427765.173913043,117619.25,914833.9,23
0,0.2,DS Juv = 0.6,CAN-NNE,37231898.2355521,13540292.3,70127259.25,401
0,0.2,DS Juv = 0.6,MAT,35271897.3648593,12292348.125,67139857.65,608
0,0.2,DS Juv = 0.6,MNE,100353.322580645,31394,207175,31
0,0.2,DS Juv = 0.6,SAT,35090444.7034536,11620106.375,69403679.425,449
0,0.2,DS Juv = 0.6,SNE,494090.361111111,114846.75,896746.875,36
0,0.2,DS Juv = 0.7,CAN-NNE,39409971.7699139,13341592.325,70985733.075,403
0,0.2,DS Juv = 0.7,MAT,35482334.1365952,12296860.425,68257654.575,592
0,0.2,DS Juv = 0.7,MNE,103723.866666667,31193.025,187929.825,30
0,0.2,DS Juv = 0.7,SAT,36678324.1521252,11936331.9,70460062.25,433
0,0.2,DS Juv = 0.7,SNE,400251.09375,118266.675,819022.325,32
0,0.2,DS Juv = 0.8,CAN-NNE,40563636.6795248,14270527.3,72954289.875,422
0,0.2,DS Juv = 0.8,MAT,36064463.2462868,12057977.075,64930508.3,633
0,0.2,DS Juv = 0.8,MNE,101875.882352941,31732.5,192098.875,34
0,0.2,DS Juv = 0.8,SAT,34764375.9689151,11712941,67532034.6,430
0,0.2,DS Juv = 0.8,SNE,397683.107142857,86445.25,879367.775,28
0,0.2,DS Juv = 0.9,CAN-NNE,39451134.3289609,13317890.925,73373437.025,391
0,0.2,DS Juv = 0.9,MAT,35608367.0553566,12076557.575,68086207.1,644
0,0.2,DS Juv = 0.9,MNE,110627.484848485,35185,199187.6,33
0,0.2,DS Juv = 0.9,SAT,35309649.4415105,12411387.1,66685418.075,423
0,0.2,DS Juv = 0.9,SNE,397430.421052632,74615.4,832132.575,38
0,0.2,DS Juv = 1,CAN-NNE,36775619.6732558,14324060.525,67622403.05,366
0,0.2,DS Juv = 1,MAT,35769420.2635701,12567357.275,67249941.35,595
0,0.2,DS Juv = 1,MNE,87438.7142857143,27860.35,205713.225,28
0,0.2,DS Juv = 1,SAT,34791101.4731539,11180902.05,74196772.45,458
0,0.2,DS Juv = 1,SNE,371142.666666667,73976.8,815732.6,33
0,0.3,DS Juv = 0,CAN-NNE,37028334.0808256,13822074.85,69516813.575,391
0,0.3,DS Juv = 0,MAT,37198691.6812637,11640642.575,69609713.8,594
0,0.3,DS Juv = 0,MNE,101643.888888889,35597.6,183415.1,27
0,0.3,DS Juv = 0,SAT,33810403.6306944,11015992,66712672.95,435
0,0.3,DS Juv = 0,SNE,384959.46875,86342.65,780576.6,32
0,0.3,DS Juv = 0.1,CAN-NNE,38235929.72097,12437444.225,72536390.025,424
0,0.3,DS Juv = 0.1,MAT,37064464.4640573,12128883.3,67600442,629
0,0.3,DS Juv = 0.1,MNE,95260.3703703704,35502.9,188641.95,27
0,0.3,DS Juv = 0.1,SAT,37858720.3893728,12024756.125,70851991.05,450
0,0.3,DS Juv = 0.1,SNE,506247,174292.375,921750.125,26
0,0.3,DS Juv = 0.2,CAN-NNE,39338730.9493447,14607238.35,72536702.875,421
0,0.3,DS Juv = 0.2,MAT,36273002.9750361,11585792.625,68131160.375,603
0,0.3,DS Juv = 0.2,MNE,102833.371428571,33582.1,176754.3,35
0,0.3,DS Juv = 0.2,SAT,34664451.3372239,11341632.75,66065616.275,403
0,0.3,DS Juv = 0.2,SNE,376073.676470588,87635.425,727588.599999999,34
0,0.3,DS Juv = 0.3,CAN-NNE,38856634.6697935,14759925.35,70684185.775,386
0,0.3,DS Juv = 0.3,MAT,34143166.4396183,11842989,66279026.55,615
0,0.3,DS Juv = 0.3,MNE,86355.8125,30780.025,176310.725,32
0,0.3,DS Juv = 0.3,SAT,34609533.8561542,11132931.225,66931185.875,407
0,0.3,DS Juv = 0.3,SNE,427659.222222222,130842.85,853787.7,27
0,0.3,DS Juv = 0.4,CAN-NNE,39956240.6125519,13146702.3,72314509.5,406
0,0.3,DS Juv = 0.4,MAT,37108738.3685043,12327173.1,67163943.375,618
0,0.3,DS Juv = 0.4,MNE,96340.2258064516,33627,176039.75,31
0,0.3,DS Juv = 0.4,SAT,34413737.0101426,10561016.75,66520664.375,458
0,0.3,DS Juv = 0.4,SNE,442216.307692308,129277.95,849159.85,39
0,0.3,DS Juv = 0.5,CAN-NNE,40811155.2041692,13256935.05,71594455.675,380
0,0.3,DS Juv = 0.5,MAT,36929235.1917064,12360309.625,66056447.45,615
0,0.3,DS Juv = 0.5,MNE,90200.25,33866.625,179897.5,36
0,0.3,DS Juv = 0.5,SAT,35993162.5888978,12140425.5,68906380.65,416
0,0.3,DS Juv = 0.5,SNE,454933.870967742,112162.75,890090.5,31
0,0.3,DS Juv = 0.6,CAN-NNE,39323532.413233,13251038.125,70024186.875,423
0,0.3,DS Juv = 0.6,MAT,35423339.4784931,11838823.675,66108176.175,622
0,0.3,DS Juv = 0.6,MNE,105424.653846154,33376.875,193770.875,26
0,0.3,DS Juv = 0.6,SAT,35548551.5279199,11226542.925,66070554.725,434
0,0.3,DS Juv = 0.6,SNE,393698.162162162,83342.4,844195,37
0,0.3,DS Juv = 0.7,CAN-NNE,38068344.089691,13490940.5,74896573.025,400
0,0.3,DS Juv = 0.7,MAT,33051471.8683374,11356027.625,63605569.775,615
0,0.3,DS Juv = 0.7,MNE,104139.866666667,31420.475,194059.725,30
0,0.3,DS Juv = 0.7,SAT,35211289.4432672,11379797.025,69090782.125,422
0,0.3,DS Juv = 0.7,SNE,420092.486486487,94764.1,883855.9,37
0,0.3,DS Juv = 0.8,CAN-NNE,40890091.9475668,12302229.875,73026913.25,385
0,0.3,DS Juv = 0.8,MAT,33961439.6849324,12601861.3,66373648.225,607
0,0.3,DS Juv = 0.8,MNE,95029.9523809524,38724.95,179211.625,42
0,0.3,DS Juv = 0.8,SAT,37268083.7090286,12275148.8,69378989.9,458
0,0.3,DS Juv = 0.8,SNE,362914.617647059,81039.025,815361.675,34
0,0.3,DS Juv = 0.9,CAN-NNE,37626936.1031594,13979905.8,70871485.325,372
0,0.3,DS Juv = 0.9,MAT,36728562.2693542,13104937.275,66109880.625,662
0,0.3,DS Juv = 0.9,MNE,94543.9333333333,20702.125,193269.975,30
0,0.3,DS Juv = 0.9,SAT,34659734.6834231,11115745.025,67521364.125,460
0,0.3,DS Juv = 0.9,SNE,399409.029411765,90324.1,836056.65,34
0,0.3,DS Juv = 1,CAN-NNE,41343949.161192,13993666.525,77548977.55,367
0,0.3,DS Juv = 1,MAT,35024018.7011566,12017103.175,65258375.825,613
0,0.3,DS Juv = 1,MNE,98444.5862068966,36543.8,190915.3,29
0,0.3,DS Juv = 1,SAT,36679657.8285814,11140721.95,71881210.75,448
0,0.3,DS Juv = 1,SNE,430121.130434783,98897.5,800824.8,23
0,0.4,DS Juv = 0,CAN-NNE,37416853.4660619,13407145.8,68423924.625,390
0,0.4,DS Juv = 0,MAT,36205134.8791038,11952177.9,67005516.85,620
0,0.4,DS Juv = 0,MNE,88402.5185185185,31094.6,197685.95,27
0,0.4,DS Juv = 0,SAT,34319076.4786134,11255794.725,66148450.15,448
0,0.4,DS Juv = 0,SNE,473578.25,89647,915411.875,36
0,0.4,DS Juv = 0.1,CAN-NNE,39249039.3861487,14178222.725,74958488,388
0,0.4,DS Juv = 0.1,MAT,34629964.3016266,12346613.95,63976550.55,627
0,0.4,DS Juv = 0.1,MNE,99435.3703703704,26828.75,192393.55,27
0,0.4,DS Juv = 0.1,SAT,34329126.515686,10578148.7,65602531.875,405
0,0.4,DS Juv = 0.1,SNE,404265.323529412,113184.65,826587.975,34
0,0.4,DS Juv = 0.2,CAN-NNE,38244331.5339842,14197806.2,76235737.75,398
0,0.4,DS Juv = 0.2,MAT,36091871.9151191,12139818.025,66331556.775,674
0,0.4,DS Juv = 0.2,MNE,100075.387096774,25171.25,198973,31
0,0.4,DS Juv = 0.2,SAT,37928232.8444661,12126260.25,70849080.05,449
0,0.4,DS Juv = 0.2,SNE,366963.170731707,60165,772168,41
0,0.4,DS Juv = 0.3,CAN-NNE,36824159.7455733,13501876.875,70063357.45,395
0,0.4,DS Juv = 0.3,MAT,36988305.5464739,12407952.425,68610591.075,626
0,0.4,DS Juv = 0.3,MNE,120411.636363636,36836,202255.8,33
0,0.4,DS Juv = 0.3,SAT,36590762.6957203,12306497.225,67187769.575,444
0,0.4,DS Juv = 0.3,SNE,429658.464285714,108618,779628.4,28
0,0.4,DS Juv = 0.4,CAN-NNE,36518702.9983281,13202130.725,67607176.825,406
0,0.4,DS Juv = 0.4,MAT,34962082.9230317,12130521.45,66814195.675,613
0,0.4,DS Juv = 0.4,MNE,97668.7,30408.275,188096.75,30
0,0.4,DS Juv = 0.4,SAT,36082070.6120412,11256365.9,67457320.875,439
0,0.4,DS Juv = 0.4,SNE,400863.970588235,123461.175,894879.05,34
0,0.4,DS Juv = 0.5,CAN-NNE,37325736.0506012,12961261.075,70144291.525,397
0,0.4,DS Juv = 0.5,MAT,36190152.4956881,12258641.975,66698281.875,632
0,0.4,DS Juv = 0.5,MNE,94235.15,22921.4,190253.2,20
0,0.4,DS Juv = 0.5,SAT,35435674.6659316,11167415.25,68624492.975,435
0,0.4,DS Juv = 0.5,SNE,400961.612903226,92849.75,952131.5,31
0,0.4,DS Juv = 0.6,CAN-NNE,41577053.5497526,14267238.325,76077520.9,397
0,0.4,DS Juv = 0.6,MAT,35859095.1086863,12140831.85,65346988.9,621
0,0.4,DS Juv = 0.6,MNE,103052.454545455,40210.625,168590.675,22
0,0.4,DS Juv = 0.6,SAT,34847365.9260851,11232774.15,63897616.4,432
0,0.4,DS Juv = 0.6,SNE,482644.047619048,128203.925,1113424.975,42
0,0.4,DS Juv = 0.7,CAN-NNE,38587749.4506043,13455278.575,73394279.85,411
0,0.4,DS Juv = 0.7,MAT,35048938.5146331,12162254.55,64563519.6,570
0,0.4,DS Juv = 0.7,MNE,90944.875,26224.65,175099.3,32
0,0.4,DS Juv = 0.7,SAT,34843514.2227325,11084907.2,66278124.45,439
0,0.4,DS Juv = 0.7,SNE,366106.96,139361.8,723094.6,25
0,0.4,DS Juv = 0.8,CAN-NNE,37186870.0947352,13435670.625,70244910.075,392
0,0.4,DS Juv = 0.8,MAT,34704078.394548,11157662.225,64365089.775,627
0,0.4,DS Juv = 0.8,MNE,109552.375,38611.2,216606.425,32
0,0.4,DS Juv = 0.8,SAT,35671712.0874721,11352832.8,68753493.025,412
0,0.4,DS Juv = 0.8,SNE,424502.75,93617.75,762478.2,32
0,0.4,DS Juv = 0.9,CAN-NNE,38148004.7174115,12844847.775,69341763.1,393
0,0.4,DS Juv = 0.9,MAT,35969009.4041529,12275049.975,67172182.275,670
0,0.4,DS Juv = 0.9,MNE,95965.40625,33853.45,186230.95,32
0,0.4,DS Juv = 0.9,SAT,36123440.7359591,11735940.225,67927937.125,420
0,0.4,DS Juv = 0.9,SNE,431229.571428571,77564.225,834354.775,28
0,0.4,DS Juv = 1,CAN-NNE,41997963.4519843,13127747.325,71767271.175,409
0,0.4,DS Juv = 1,MAT,35094385.5643385,12343862.725,65590072.9,624
0,0.4,DS Juv = 1,MNE,114443.75862069,35772,180085.1,29
0,0.4,DS Juv = 1,SAT,34725442.3479466,11462279.3,67774922.175,426
0,0.4,DS Juv = 1,SNE,425138.133333333,92055.275,812016.175,30
0,0.5,DS Juv = 0,CAN-NNE,39532425.127717,12962139.75,72216240.6,425
0,0.5,DS Juv = 0,MAT,34346900.603888,11972378.55,65931883.325,610
0,0.5,DS Juv = 0,MNE,114442.518518519,35992.75,218111.15,27
0,0.5,DS Juv = 0,SAT,36252550.9571272,11639458.075,66323842.575,405
0,0.5,DS Juv = 0,SNE,397402.379310345,110632.9,821965.7,29
0,0.5,DS Juv = 0.1,CAN-NNE,37494555.8201642,13881166.75,68269751.375,443
0,0.5,DS Juv = 0.1,MAT,34866601.419136,12130411.15,65640051.45,626
0,0.5,DS Juv = 0.1,MNE,100846.692307692,33234.375,179017.125,26
0,0.5,DS Juv = 0.1,SAT,36082644.1953594,12753705.7,67560854.725,453
0,0.5,DS Juv = 0.1,SNE,332379.071428571,103847.625,795576.025,28
0,0.5,DS Juv = 0.2,CAN-NNE,38938008.5890509,13120101.575,72676722.2,369
0,0.5,DS Juv = 0.2,MAT,35278347.2922797,11945348.975,64983783.275,615
0,0.5,DS Juv = 0.2,MNE,86325.32,32855,174468.6,25
0,0.5,DS Juv = 0.2,SAT,34020837.706245,10795999.075,64430126.2,421
0,0.5,DS Juv = 0.2,SNE,351475.793103448,105269.8,789232,29
0,0.5,DS Juv = 0.3,CAN-NNE,37554490.3844495,13013498.75,69387441.35,394
0,0.5,DS Juv = 0.3,MAT,35138687.2237052,12246702.5,68081220.275,616
0,0.5,DS Juv = 0.3,MNE,105092.714285714,32383.5,189871,21
0,0.5,DS Juv = 0.3,SAT,36730998.2667406,11986489.225,67655284.5,440
0,0.5,DS Juv = 0.3,SNE,373263.325,94839.775,866297.025,40
0,0.5,DS Juv = 0.4,CAN-NNE,42781386.4849114,14764696.8,78330577.175,392
0,0.5,DS Juv = 0.4,MAT,37083074.9564757,11830886.725,67669811.375,579
0,0.5,DS Juv = 0.4,MNE,105854.233333333,30629.9,211966.525,30
0,0.5,DS Juv = 0.4,SAT,35592224.2565867,12155809.175,70719577.875,448
0,0.5,DS Juv = 0.4,SNE,490993.692307692,145976.5,949860.65,39
0,0.5,DS Juv = 0.5,CAN-NNE,39069234.0688433,13961706.2,76073907.875,382
0,0.5,DS Juv = 0.5,MAT,35264944.712755,11436884.275,67351600.7,656
0,0.5,DS Juv = 0.5,MNE,94850.6666666667,27282.65,196010.15,27
0,0.5,DS Juv = 0.5,SAT,37041667.5341758,11902066.275,68221246.875,411
0,0.5,DS Juv = 0.5,SNE,443754.222222222,93834.8,765183.1,27
0,0.5,DS Juv = 0.6,CAN-NNE,36896679.4342425,13932709.15,71568384.625,394
0,0.5,DS Juv = 0.6,MAT,35825581.4627057,12312750.125,64985923.025,564
0,0.5,DS Juv = 0.6,MNE,87907.8,33064.85,163051.625,30
0,0.5,DS Juv = 0.6,SAT,34296424.9538755,11842083.025,68046023.3,431
0,0.5,DS Juv = 0.6,SNE,442815.964285714,134786.325,914197.8,28
0,0.5,DS Juv = 0.7,CAN-NNE,38031514.3196512,13362919.725,69751035,414
0,0.5,DS Juv = 0.7,MAT,37147007.2096515,12400329.75,69058684.375,611
0,0.5,DS Juv = 0.7,MNE,88701.3333333333,30043.5,199176.5,21
0,0.5,DS Juv = 0.7,SAT,33491013.3586399,11174866.125,66442496.15,448
0,0.5,DS Juv = 0.7,SNE,344050.078947368,99164.825,737978.35,38
0,0.5,DS Juv = 0.8,CAN-NNE,36452919.8899204,12505528.35,65384538.975,355
0,0.5,DS Juv = 0.8,MAT,34736367.5630205,12339161.625,65914642.625,545
0,0.5,DS Juv = 0.8,MNE,96663.2857142857,35120.625,214261.125,28
0,0.5,DS Juv = 0.8,SAT,35449555.6017316,11559198.175,64127675.9,408
0,0.5,DS Juv = 0.8,SNE,437169.125,141654.975,726439.125,24
0,0.5,DS Juv = 0.9,CAN-NNE,39962445.956047,14799854.6,68874423.025,362
0,0.5,DS Juv = 0.9,MAT,36061384.9264051,11834345.225,68032279.675,620
0,0.5,DS Juv = 0.9,MNE,102390.5625,27797.1,169775.125,32
0,0.5,DS Juv = 0.9,SAT,36070272.4591633,11908658.85,68037317.825,436
0,0.5,DS Juv = 0.9,SNE,438809.682926829,127708,895570,41
0,0.5,DS Juv = 1,CAN-NNE,35924604.1989673,11746777.3,71162017.3,373
0,0.5,DS Juv = 1,MAT,36568299.4766554,12205526.525,67022992.65,629
0,0.5,DS Juv = 1,MNE,103422.088235294,32276.275,198556.9,34
0,0.5,DS Juv = 1,SAT,35656421.7858157,11329716.275,69589177.2,434
0,0.5,DS Juv = 1,SNE,444543,97978.7,880821.725,28
0,0.6,DS Juv = 0,CAN-NNE,39391748.8816783,13290824.2,72783029.325,381
0,0.6,DS Juv = 0,MAT,35778108.0389012,11982247.4,67235806.675,662
0,0.6,DS Juv = 0,MNE,107174.4,23941.9,210698.75,35
0,0.6,DS Juv = 0,SAT,35216815.600832,11979098.175,71101076.375,443
0,0.6,DS Juv = 0,SNE,367524.2,111033.325,649783.075,30
0,0.6,DS Juv = 0.1,CAN-NNE,35700513.1131396,12369502.5,72653719.225,411
0,0.6,DS Juv = 0.1,MAT,35581182.1266843,11854972.7,67086882.475,580
0,0.6,DS Juv = 0.1,MNE,99324.4137931034,35826.1,202750.1,29
0,0.6,DS Juv = 0.1,SAT,37402602.0825962,12988221.025,69080105.95,421
0,0.6,DS Juv = 0.1,SNE,442282.952380952,164174.5,705649.5,21
0,0.6,DS Juv = 0.2,CAN-NNE,39911560.7742672,13968126.775,71944760.025,386
0,0.6,DS Juv = 0.2,MAT,35327587.0263518,12555891.525,65052464.225,601
0,0.6,DS Juv = 0.2,MNE,103165.5,34073.95,200143.775,34
0,0.6,DS Juv = 0.2,SAT,36675230.9557542,12603320.9,66933463.65,416
0,0.6,DS Juv = 0.2,SNE,359615.695652174,130393.25,705462.95,23
0,0.6,DS Juv = 0.3,CAN-NNE,38029290.1852966,13408333.3,69889477.15,396
0,0.6,DS Juv = 0.3,MAT,34739327.2259579,12262813.975,66405012.5,630
0,0.6,DS Juv = 0.3,MNE,108487.4,25211.8,207879.6,25
0,0.6,DS Juv = 0.3,SAT,34545263.2891758,12265814.825,64784985.775,404
0,0.6,DS Juv = 0.3,SNE,376378,106449.2,907413.2,25
0,0.6,DS Juv = 0.4,CAN-NNE,37585556.7146533,12837233.225,70246106.55,406
0,0.6,DS Juv = 0.4,MAT,36596963.4064011,11964669.7,68214914.75,649
0,0.6,DS Juv = 0.4,MNE,103068.481481481,33583.65,191034,27
0,0.6,DS Juv = 0.4,SAT,33418371.0478938,11817631.2,66508473.575,481
0,0.6,DS Juv = 0.4,SNE,485828.523809524,144841,917778.5,21
0,0.6,DS Juv = 0.5,CAN-NNE,42790505.7171498,14051632.15,72917962.9,392
0,0.6,DS Juv = 0.5,MAT,35489069.6349268,11839325.95,68031556.3,633
0,0.6,DS Juv = 0.5,MNE,90570.3666666667,26698.7,172949.1,30
0,0.6,DS Juv = 0.5,SAT,35936983.0530399,11992946.95,68925630.05,391
0,0.6,DS Juv = 0.5,SNE,412587.43902439,84898,825533,41
0,0.6,DS Juv = 0.6,CAN-NNE,39819186.0655608,13824859.65,77599757.4,384
0,0.6,DS Juv = 0.6,MAT,33881470.7100433,11425576.475,66323525.675,616
0,0.6,DS Juv = 0.6,MNE,86325.5,27824.45,173850.85,18
0,0.6,DS Juv = 0.6,SAT,35763343.7376568,12425103.475,69146050.025,441
0,0.6,DS Juv = 0.6,SNE,406241.193548387,121555,811736.25,31
0,0.6,DS Juv = 0.7,CAN-NNE,37664992.1135539,12910351.075,71542347.55,398
0,0.6,DS Juv = 0.7,MAT,34395239.5148626,12154989.8,64223034.35,577
0,0.6,DS Juv = 0.7,MNE,99848.8780487805,34883,177291,41
0,0.6,DS Juv = 0.7,SAT,34622484.6141653,11998267.975,66289149.475,442
0,0.6,DS Juv = 0.7,SNE,448500.5,134391.575,852412,20
0,0.6,DS Juv = 0.8,CAN-NNE,40859212.0690701,13470473.85,72173128.075,381
0,0.6,DS Juv = 0.8,MAT,34953280.0209776,11561405.3,64981433.5,590
0,0.6,DS Juv = 0.8,MNE,103620.025,35288.25,189787.075,40
0,0.6,DS Juv = 0.8,SAT,34261852.2696865,11461485.075,69444062.975,415
0,0.6,DS Juv = 0.8,SNE,478086.52,72561.8,981402.2,25
0,0.6,DS Juv = 0.9,CAN-NNE,39823418.8779167,14275431.625,71136452.825,406
0,0.6,DS Juv = 0.9,MAT,34265002.4279161,11947455.925,65526256.725,612
0,0.6,DS Juv = 0.9,MNE,98751.064516129,27997.75,200114.25,31
0,0.6,DS Juv = 0.9,SAT,35428740.5713358,12812683.275,66627537,401
0,0.6,DS Juv = 0.9,SNE,335802.823529412,48441.65,814503.225,34
0,0.6,DS Juv = 1,CAN-NNE,38847543.8763115,13737254.5,70202997.675,440
0,0.6,DS Juv = 1,MAT,36757951.7345648,12257230.8,67571627.05,591
0,0.6,DS Juv = 1,MNE,79026.7666666667,23809.075,172215.7,30
0,0.6,DS Juv = 1,SAT,35437794.0214941,11500335.425,63859670.475,392
0,0.6,DS Juv = 1,SNE,361818.290322581,107927.5,795565.75,31
0,0.7,DS Juv = 0,CAN-NNE,38063340.9003717,13943875,74269211.35,416
0,0.7,DS Juv = 0,MAT,35356823.1309839,11772382.375,66679369.65,619
0,0.7,DS Juv = 0,MNE,109817.685714286,29726.1,201409.4,35
0,0.7,DS Juv = 0,SAT,36940793.3369468,12119738.35,69283684.175,426
0,0.7,DS Juv = 0,SNE,502298.379310345,114991.3,902455.6,29
0,0.7,DS Juv = 0.1,CAN-NNE,43172484.9229635,14941675.475,73511334.975,413
0,0.7,DS Juv = 0.1,MAT,36917053.0973496,12694531.825,71038464.65,579
0,0.7,DS Juv = 0.1,MNE,100856.542857143,36370.05,189440.05,35
0,0.7,DS Juv = 0.1,SAT,33034366.9246685,11616547.1,63487809.25,409
0,0.7,DS Juv = 0.1,SNE,429887.5,159844,853627.5,26
0,0.7,DS Juv = 0.2,CAN-NNE,37894277.4923387,13594283.475,72791718.525,397
0,0.7,DS Juv = 0.2,MAT,35560827.3959303,12363585.775,66099046.7,640
0,0.7,DS Juv = 0.2,MNE,104974.733333333,35843.775,197786.45,30
0,0.7,DS Juv = 0.2,SAT,34972999.1242219,11313321.325,66736873.725,423
0,0.7,DS Juv = 0.2,SNE,435707.303030303,112752,847202,33
0,0.7,DS Juv = 0.3,CAN-NNE,37742527.6024977,12813585.25,72364091.7,356
0,0.7,DS Juv = 0.3,MAT,35316028.0691837,11161147.075,66286908.875,592
0,0.7,DS Juv = 0.3,MNE,87393.52,27070.4,190076,25
0,0.7,DS Juv = 0.3,SAT,34138412.608311,12736780.35,65737536.675,419
0,0.7,DS Juv = 0.3,SNE,370791.807692308,95817.25,747694.625,26
0,0.7,DS Juv = 0.4,CAN-NNE,36198306.9063852,13730140.3,67476366.075,374
0,0.7,DS Juv = 0.4,MAT,34101476.4319017,11408240.95,63168832.4,623
0,0.7,DS Juv = 0.4,MNE,88597.6666666667,24483.3,175284.625,30
0,0.7,DS Juv = 0.4,SAT,36058689.1675618,11310004.7,69789508.1,459
0,0.7,DS Juv = 0.4,SNE,442920.8,133501.4,780731,25
0,0.7,DS Juv = 0.5,CAN-NNE,38494436.8702008,12877014.425,69942726.975,443
0,0.7,DS Juv = 0.5,MAT,35497810.9124816,11772819.6,68035963.2,628
0,0.7,DS Juv = 0.5,MNE,106728.026315789,27328.475,204753.75,38
0,0.7,DS Juv = 0.5,SAT,35286620.012242,10846262.325,65556763.225,435
0,0.7,DS Juv = 0.5,SNE,396135.46875,50564.4,776442.2,32
0,0.7,DS Juv = 0.6,CAN-NNE,39615886.2553267,13803357.725,73663079.25,387
0,0.7,DS Juv = 0.6,MAT,35824611.2211752,12033263.625,65170973.05,594
0,0.7,DS Juv = 0.6,MNE,96495.34375,32218.4,180931.975,32
0,0.7,DS Juv = 0.6,SAT,36655572.8932604,10919417.65,66531678.875,432
0,0.7,DS Juv = 0.6,SNE,421350.133333333,125007.125,796478.525,30
0,0.7,DS Juv = 0.7,CAN-NNE,37231164.7389744,13965426.25,70448775.5,449
0,0.7,DS Juv = 0.7,MAT,35476580.6823468,12226215.7,64414958.15,583
0,0.7,DS Juv = 0.7,MNE,98040.7,25297.35,178940.075,30
0,0.7,DS Juv = 0.7,SAT,37168250.8663756,13171542.35,71554053.625,441
0,0.7,DS Juv = 0.7,SNE,349076.083333333,67800.875,721802.625,36
0,0.7,DS Juv = 0.8,CAN-NNE,35898543.8013486,12244204.675,73442790.8,418
0,0.7,DS Juv = 0.8,MAT,35358646.0330972,12241103.6,67175650.425,614
0,0.7,DS Juv = 0.8,MNE,102693.259259259,30794.05,175640.25,27
0,0.7,DS Juv = 0.8,SAT,36353811.4934311,11834634.9,70538567,454
0,0.7,DS Juv = 0.8,SNE,436599.793103448,139189.8,912658.4,29
0,0.7,DS Juv = 0.9,CAN-NNE,37544177.3499598,12848860.35,68883330.1,402
0,0.7,DS Juv = 0.9,MAT,34083234.2404407,12176086.7,65987799.9,607
0,0.7,DS Juv = 0.9,MNE,96179,31143.75,200116.5,36
0,0.7,DS Juv = 0.9,SAT,36232109.0515796,10675828,73826504.65,475
0,0.7,DS Juv = 0.9,SNE,414223.314285714,96519.35,925649.95,35
0,0.7,DS Juv = 1,CAN-NNE,42405451.0207942,13494976.975,77398855.175,410
0,0.7,DS Juv = 1,MAT,35123140.2019367,11859441.7,66677638.25,607
0,0.7,DS Juv = 1,MNE,118946.566666667,38740.8,202870.775,30
0,0.7,DS Juv = 1,SAT,34633005.0218736,10573562.625,67712443.3,490
0,0.7,DS Juv = 1,SNE,423052.216216216,108191.8,908686.6,37
0,0.8,DS Juv = 0,CAN-NNE,38744576.6523363,13686687.875,73507984.825,413
0,0.8,DS Juv = 0,MAT,35138225.3339337,11782194.65,65348979.55,620
0,0.8,DS Juv = 0,MNE,104065.487179487,35886.05,185758.9,39
0,0.8,DS Juv = 0,SAT,33051642.058339,10954819.875,66554645.3,452
0,0.8,DS Juv = 0,SNE,398878.076923077,69656.625,858268.75,26
0,0.8,DS Juv = 0.1,CAN-NNE,36059570.6259475,12518602.35,68988924.7,378
0,0.8,DS Juv = 0.1,MAT,34713896.3323829,11654010.975,64868687.975,596
0,0.8,DS Juv = 0.1,MNE,115262.033333333,30159.2,206083.675,30
0,0.8,DS Juv = 0.1,SAT,35542762.6290596,12685284.75,67391653.725,432
0,0.8,DS Juv = 0.1,SNE,496952.791666667,73247.25,927796.375,24
0,0.8,DS Juv = 0.2,CAN-NNE,39912736.6531137,12606741.55,73187567,374
0,0.8,DS Juv = 0.2,MAT,37577294.4230659,12375814.25,72496376.925,604
0,0.8,DS Juv = 0.2,MNE,95160.2978723404,29214.45,179482.8,47
0,0.8,DS Juv = 0.2,SAT,36758822.8852031,11934505,68333486.35,453
0,0.8,DS Juv = 0.2,SNE,373101.444444444,91573.9,795459.8,27
0,0.8,DS Juv = 0.3,CAN-NNE,39450099.1426575,14275129.6,70594586.25,402
0,0.8,DS Juv = 0.3,MAT,36033505.8977161,11193509.625,68913898.925,614
0,0.8,DS Juv = 0.3,MNE,100077.041666667,34568,207498.05,24
0,0.8,DS Juv = 0.3,SAT,35233379.8521021,11633156.625,67113477.075,456
0,0.8,DS Juv = 0.3,SNE,372143.315789474,79952.725,843171.3,38
0,0.8,DS Juv = 0.4,CAN-NNE,39722132.2057893,14898592.975,70460052.05,406
0,0.8,DS Juv = 0.4,MAT,33975887.4489819,12295825.6,66750476.275,590
0,0.8,DS Juv = 0.4,MNE,106103.705882353,33151.5,215563.175,34
0,0.8,DS Juv = 0.4,SAT,34920799.4354508,12270956.55,64133779.25,406
0,0.8,DS Juv = 0.4,SNE,435530.043478261,136469.65,873906.15,23
0,0.8,DS Juv = 0.5,CAN-NNE,38999347.8064482,13249379.475,69324390.4,405
0,0.8,DS Juv = 0.5,MAT,33961385.0065008,11370241.775,66585404.1,628
0,0.8,DS Juv = 0.5,MNE,92884.1785714286,27221.625,176895.7,28
0,0.8,DS Juv = 0.5,SAT,36315709.4156352,11642284.45,68159502.325,407
0,0.8,DS Juv = 0.5,SNE,434699.260869565,160079.75,781550.9,23
0,0.8,DS Juv = 0.6,CAN-NNE,37241893.3565992,13521563.125,69132038.5,393
0,0.8,DS Juv = 0.6,MAT,34641613.5759612,12014609.325,65406014.875,646
0,0.8,DS Juv = 0.6,MNE,74724,34062.725,130825.275,14
0,0.8,DS Juv = 0.6,SAT,34570416.5549723,11290887.25,66588563.2,421
0,0.8,DS Juv = 0.6,SNE,400124.333333333,120338.6,722556.4,33
0,0.8,DS Juv = 0.7,CAN-NNE,39633668.465864,13658758.725,68278860.675,398
0,0.8,DS Juv = 0.7,MAT,34734766.4301514,11830401.975,65767474.8,603
0,0.8,DS Juv = 0.7,MNE,104252.404255319,29367.7,191043.95,47
0,0.8,DS Juv = 0.7,SAT,35021008.3704597,10392064.25,69279963.325,459
0,0.8,DS Juv = 0.7,SNE,385096.590909091,87996.175,901776.324999999,22
0,0.8,DS Juv = 0.8,CAN-NNE,39162352.2377977,13357950.1,71724711.875,418
0,0.8,DS Juv = 0.8,MAT,34974180.0367549,12149878.325,67994827.65,676
0,0.8,DS Juv = 0.8,MNE,95566.75,35942.975,185813,20
0,0.8,DS Juv = 0.8,SAT,35991893.0402393,11545377.85,67929179.4,446
0,0.8,DS Juv = 0.8,SNE,403751.03030303,107867.8,741385.8,33
0,0.8,DS Juv = 0.9,CAN-NNE,42466220.2886412,15089813.15,76313329.8,411
0,0.8,DS Juv = 0.9,MAT,35299181.5142276,11831445.55,66083876.75,603
0,0.8,DS Juv = 0.9,MNE,90767,27224.6,192704.2,17
0,0.8,DS Juv = 0.9,SAT,35098632.7666512,11318484.775,69203212.95,396
0,0.8,DS Juv = 0.9,SNE,395547.694444444,123876.875,775181.875,36
0,0.8,DS Juv = 1,CAN-NNE,37437338.2537098,13409530.2,74460887.925,419
0,0.8,DS Juv = 1,MAT,36440390.8256468,12376938.65,63756970.475,610
0,0.8,DS Juv = 1,MNE,101585.481481481,36861.6,212052.2,27
0,0.8,DS Juv = 1,SAT,35882757.0322648,12270601.05,70702274.625,428
0,0.8,DS Juv = 1,SNE,410752.578947368,102666.975,775472.325,38
0,0.9,DS Juv = 0,CAN-NNE,38528773.0454195,12791771.575,71740695.875,400
0,0.9,DS Juv = 0,MAT,35885664.4904002,11846095.75,67338683.5,624
0,0.9,DS Juv = 0,MNE,96540.4333333333,30752.075,185128.225,30
0,0.9,DS Juv = 0,SAT,33648009.5959416,10748600.75,66417912.6,461
0,0.9,DS Juv = 0,SNE,404222.342857143,115801.5,791308.4,35
0,0.9,DS Juv = 0.1,CAN-NNE,37342260.3388429,12274485.4,73141366.725,412
0,0.9,DS Juv = 0.1,MAT,34474608.7972105,11624164.525,65997824.975,643
0,0.9,DS Juv = 0.1,MNE,112745.416666667,36372.325,215615.25,24
0,0.9,DS Juv = 0.1,SAT,35910150.1257421,11927456.65,65701713.925,446
0,0.9,DS Juv = 0.1,SNE,435790.038461538,85787.875,911276.625,26
0,0.9,DS Juv = 0.2,CAN-NNE,37468023.2034055,13493325.525,71759370.15,369
0,0.9,DS Juv = 0.2,MAT,34525812.661019,11355072.675,64323173.575,585
0,0.9,DS Juv = 0.2,MNE,108996.217391304,32531.2,187781.25,23
0,0.9,DS Juv = 0.2,SAT,34106924.0020378,11474974.8,67392542.725,437
0,0.9,DS Juv = 0.2,SNE,357736.258064516,97561.5,754793.75,31
0,0.9,DS Juv = 0.3,CAN-NNE,40101397.7780385,12025601.425,76066687.675,381
0,0.9,DS Juv = 0.3,MAT,35002156.7458275,11513362.8,66637723,628
0,0.9,DS Juv = 0.3,MNE,103403.375,34888.75,185401.625,32
0,0.9,DS Juv = 0.3,SAT,35598785.0464709,11086066.875,71195711.525,456
0,0.9,DS Juv = 0.3,SNE,476518.735294118,88291.425,847298.475,34
0,0.9,DS Juv = 0.4,CAN-NNE,35815376.5957887,12402596.75,70896652.525,386
0,0.9,DS Juv = 0.4,MAT,34069999.84101,11578088.625,64227466.725,602
0,0.9,DS Juv = 0.4,MNE,94638.375,31275.2,176598.525,32
0,0.9,DS Juv = 0.4,SAT,36950350.9405224,12160127.95,65457394.975,450
0,0.9,DS Juv = 0.4,SNE,393773,128456.375,760168.875,36
0,0.9,DS Juv = 0.5,CAN-NNE,38537753.222264,13679092.9,68457149.675,407
0,0.9,DS Juv = 0.5,MAT,35626773.4277092,12068889.675,69585424.225,635
0,0.9,DS Juv = 0.5,MNE,110214.523809524,41406.5,189675,21
0,0.9,DS Juv = 0.5,SAT,35313076.42631,11680242.175,65542462.8,398
0,0.9,DS Juv = 0.5,SNE,406146.72972973,105550.3,756100.1,37
0,0.9,DS Juv = 0.6,CAN-NNE,39067714.9126098,14000698.75,73223922.3,394
0,0.9,DS Juv = 0.6,MAT,34046103.1471293,11931848.875,65385271.475,646
0,0.9,DS Juv = 0.6,MNE,97651.3333333333,40634.5,193420.25,36
0,0.9,DS Juv = 0.6,SAT,32932485.0525812,11254030.675,64415934.6,424
0,0.9,DS Juv = 0.6,SNE,354649.68,101675.2,826682.4,25
0,0.9,DS Juv = 0.7,CAN-NNE,38826870.5155758,14785969.45,70181938.35,370
0,0.9,DS Juv = 0.7,MAT,35037008.4574248,11766106.2,66717381.275,632
0,0.9,DS Juv = 0.7,MNE,103624.230769231,38122.375,186334.375,26
0,0.9,DS Juv = 0.7,SAT,37394196.9247193,11605406.525,69911772.6,421
0,0.9,DS Juv = 0.7,SNE,410178.777777778,100977.4,879513.125,18
0,0.9,DS Juv = 0.8,CAN-NNE,33599750.9712239,12485616.675,70073166.1,422
0,0.9,DS Juv = 0.8,MAT,34133307.5625302,12467805.725,65356230.425,626
0,0.9,DS Juv = 0.8,MNE,115252.125,32898.625,198873,32
0,0.9,DS Juv = 0.8,SAT,35272434.4850515,10972524.275,67451171.675,431
0,0.9,DS Juv = 0.8,SNE,458060.047619048,141369.775,775771.075,42
0,0.9,DS Juv = 0.9,CAN-NNE,35929577.0071314,12289699,69640984.75,398
0,0.9,DS Juv = 0.9,MAT,35086878.1550653,12073035.175,65940978.05,597
0,0.9,DS Juv = 0.9,MNE,98385.775,34592.575,186888.55,40
0,0.9,DS Juv = 0.9,SAT,37069401.4151034,12427531.375,66670436.775,423
0,0.9,DS Juv = 0.9,SNE,502343.25,134767.25,859581.875,36
0,0.9,DS Juv = 1,CAN-NNE,38858914.4568647,14298484.025,72529269.45,396
0,0.9,DS Juv = 1,MAT,33913794.1861691,12136696.275,66331431.55,612
0,0.9,DS Juv = 1,MNE,85953.5,26721.95,164611.175,28
0,0.9,DS Juv = 1,SAT,35813048.5367764,11015733.125,69107097.9,406
0,0.9,DS Juv = 1,SNE,428763.636363636,104272.2,758287.8,33
0,1,DS Juv = 0,CAN-NNE,37836644.7202813,13774778.175,73855856.175,401
0,1,DS Juv = 0,MAT,33559893.7114205,11621708.85,64719247.675,610
0,1,DS Juv = 0,MNE,111869.217391304,37172.2,197404.9,23
0,1,DS Juv = 0,SAT,35827058.5576302,11216361.8,65772619.85,422
0,1,DS Juv = 0,SNE,458317.5625,139622.275,940291,32
0,1,DS Juv = 0.1,CAN-NNE,37099968.6791769,12711042.325,72188844.15,378
0,1,DS Juv = 0.1,MAT,34371416.8579696,11307699.525,64747634.5,595
0,1,DS Juv = 0.1,MNE,91735.15,31828.15,180663.75,20
0,1,DS Juv = 0.1,SAT,33355545.9830599,11741383.425,66950283.2,428
0,1,DS Juv = 0.1,SNE,481303.115384615,128496.625,830923.625,26
0,1,DS Juv = 0.2,CAN-NNE,39420872.0222931,14016948.025,69503716.125,402
0,1,DS Juv = 0.2,MAT,34632900.7718242,11764294.775,66825176.45,636
0,1,DS Juv = 0.2,MNE,106488.972972973,34985.8,197571,37
0,1,DS Juv = 0.2,SAT,34905399.2237036,10791438.125,64904250.35,411
0,1,DS Juv = 0.2,SNE,426385.088235294,101151.8,908500.575,34
0,1,DS Juv = 0.3,CAN-NNE,38200921.2233171,13879987.675,72549211.4,393
0,1,DS Juv = 0.3,MAT,35915602.2863964,11253532.075,66992182.725,588
0,1,DS Juv = 0.3,MNE,96958.5,34900.55,213932.375,28
0,1,DS Juv = 0.3,SAT,35153427.1905148,10420866.025,66594897.025,442
0,1,DS Juv = 0.3,SNE,391615.956521739,117972.3,726048.7,23
0,1,DS Juv = 0.4,CAN-NNE,36745930.2050635,13213941.975,70038685.375,403
0,1,DS Juv = 0.4,MAT,33904603.8481301,12080757.475,65701240.425,588
0,1,DS Juv = 0.4,MNE,85799.0333333333,32501.65,165415.425,30
0,1,DS Juv = 0.4,SAT,36373109.6149239,10919970.725,67688503.425,428
0,1,DS Juv = 0.4,SNE,390627.636363636,113120.2,860605.2,33
0,1,DS Juv = 0.5,CAN-NNE,38911379.318945,13413704.8,68496184.05,416
0,1,DS Juv = 0.5,MAT,35939895.4746992,12105672.775,66730404.475,603
0,1,DS Juv = 0.5,MNE,96709.75,28187.9,194153.55,28
0,1,DS Juv = 0.5,SAT,37829888.7290389,11213938.125,71853442.2,379
0,1,DS Juv = 0.5,SNE,403151.235294118,121764.4,849877.1,34
0,1,DS Juv = 0.6,CAN-NNE,36149333.1679849,12877525.7,70995509.95,357
0,1,DS Juv = 0.6,MAT,36745084.4684045,12108123.925,68178334.125,626
0,1,DS Juv = 0.6,MNE,94525.2173913044,32760.25,192063.625,46
0,1,DS Juv = 0.6,SAT,36340061.824196,10925775.775,69110689.35,411
0,1,DS Juv = 0.6,SNE,372675.75,76100.2,707381.775,24
0,1,DS Juv = 0.7,CAN-NNE,38764890.1723773,13421225.125,67970262.5,428
0,1,DS Juv = 0.7,MAT,34929748.4356594,12226388.225,64891859.775,623
0,1,DS Juv = 0.7,MNE,98056.3846153846,36868.125,156821.375,26
0,1,DS Juv = 0.7,SAT,37372880.3675645,12587385.9,67752847.85,408
0,1,DS Juv = 0.7,SNE,354416.709677419,123715.25,709938.75,31
0,1,DS Juv = 0.8,CAN-NNE,39783175.1775223,12770240.075,75402038.05,382
0,1,DS Juv = 0.8,MAT,37022113.8786712,12204907.4,66409639.45,553
0,1,DS Juv = 0.8,MNE,100318.411764706,35415.625,187055.375,34
0,1,DS Juv = 0.8,SAT,32956596.077247,11131173.125,64171164.075,437
0,1,DS Juv = 0.8,SNE,386053.388888889,75945.875,785566.875,36
0,1,DS Juv = 0.9,CAN-NNE,37845390.3321987,13185835.25,68571763.075,402
0,1,DS Juv = 0.9,MAT,33565976.3423794,11352967.85,62171612.95,595
0,1,DS Juv = 0.9,MNE,98930.4230769231,22302.75,208284.625,26
0,1,DS Juv = 0.9,SAT,35825918.2665236,12122660.175,71843336.6,451
0,1,DS Juv = 0.9,SNE,384522.529411765,99723.85,1132537.275,34
0,1,DS Juv = 1,CAN-NNE,38268864.3532651,12253703.525,69737808.075,385
0,1,DS Juv = 1,MAT,36232389.5940856,11937768.45,68962316.15,654
0,1,DS Juv = 1,MNE,100240.931034483,30271.4,202166.2,29
0,1,DS Juv = 1,SAT,34757266.3942465,11819397.9,66828696.45,407
0,1,DS Juv = 1,SNE,387310.52173913,136700.25,816126.05,23
0.1,0,DS Juv = 0,CAN-NNE,38203625.3339472,13464119.15,73519984.225,432
0.1,0,DS Juv = 0,MAT,33860949.3009432,11754358.625,64770665.575,639
0.1,0,DS Juv = 0,MNE,72105.8888888889,20106.2,168306.55,27
0.1,0,DS Juv = 0,SAT,34355500.4599275,10801235.775,62544306.25,378
0.1,0,DS Juv = 0,SNE,391262.933333333,107141.225,720928.825,30
0.1,0,DS Juv = 0.1,CAN-NNE,37273180.0858146,15795101.675,67018247.425,381
0.1,0,DS Juv = 0.1,MAT,34685139.1876153,11168936.925,64484313.125,679
0.1,0,DS Juv = 0.1,MNE,85551.1470588235,26499.75,166180.1,34
0.1,0,DS Juv = 0.1,SAT,36092415.1197823,11087128.775,67591265.125,408
0.1,0,DS Juv = 0.1,SNE,434945.08,120797.6,781984.6,25
0.1,0,DS Juv = 0.2,CAN-NNE,36476672.713178,11951640.075,71200079.15,394
0.1,0,DS Juv = 0.2,MAT,34476618.013564,11458744.725,63809912.25,624
0.1,0,DS Juv = 0.2,MNE,78219.4074074074,17968.45,157853.8,27
0.1,0,DS Juv = 0.2,SAT,33663232.1340726,11405356.4,66414323.275,420
0.1,0,DS Juv = 0.2,SNE,443890.423076923,93636.25,877233.25,26
0.1,0,DS Juv = 0.3,CAN-NNE,37717241.0370068,13467115.05,72735936.5,398
0.1,0,DS Juv = 0.3,MAT,34922620.4407238,12368382.3,65820872.525,610
0.1,0,DS Juv = 0.3,MNE,66462.652173913,15153.85,141932.6,23
0.1,0,DS Juv = 0.3,SAT,33818821.0007418,11438437.775,66283376.275,444
0.1,0,DS Juv = 0.3,SNE,358337.642857143,113668.675,779221.1,28
0.1,0,DS Juv = 0.4,CAN-NNE,40339890.4493215,14571077.85,75981227.525,384
0.1,0,DS Juv = 0.4,MAT,35244227.1972954,11134226.05,66019227.325,631
0.1,0,DS Juv = 0.4,MNE,71872.1071428571,26940.45,157361.275,28
0.1,0,DS Juv = 0.4,SAT,35922280.2155346,11151100.075,68840910.025,376
0.1,0,DS Juv = 0.4,SNE,377777.925925926,106570.15,880037.1,27
0.1,0,DS Juv = 0.5,CAN-NNE,39518769.1523972,14168434.2,71237327.15,409
0.1,0,DS Juv = 0.5,MAT,35623106.4338106,12081815.225,64945829.6,593
0.1,0,DS Juv = 0.5,MNE,74005.48,16105.2,143363.2,25
0.1,0,DS Juv = 0.5,SAT,34246497.8635519,11667298.05,64286062.95,389
0.1,0,DS Juv = 0.5,SNE,431264.911764706,109522.125,827883.175,34
0.1,0,DS Juv = 0.6,CAN-NNE,40661511.1557418,14688929.225,75702355.475,375
0.1,0,DS Juv = 0.6,MAT,32643418.2325861,12058866.5,62434009.925,621
0.1,0,DS Juv = 0.6,MNE,108967.666666667,25910.525,177056.05,24
0.1,0,DS Juv = 0.6,SAT,34331295.4972972,11836453.825,64933952.15,433
0.1,0,DS Juv = 0.6,SNE,374921.189189189,92217,794580.9,37
0.1,0,DS Juv = 0.7,CAN-NNE,37140855.35826,13618265.7,71077967.175,363
0.1,0,DS Juv = 0.7,MAT,35384776.2145038,11592037.7,67358242.075,675
0.1,0,DS Juv = 0.7,MNE,94411.125,23037.625,225109.925,24
0.1,0,DS Juv = 0.7,SAT,34908703.1268054,11192429.025,67368129.45,433
0.1,0,DS Juv = 0.7,SNE,437248.346153846,86902.625,837038,26
0.1,0,DS Juv = 0.8,CAN-NNE,39947251.1280625,14094757.65,74946270.8,385
0.1,0,DS Juv = 0.8,MAT,35237204.478206,11332393.475,68087621.625,594
0.1,0,DS Juv = 0.8,MNE,104817.75862069,35520.5,186844.9,29
0.1,0,DS Juv = 0.8,SAT,34923307.5517557,11064093.225,71216721.4,417
0.1,0,DS Juv = 0.8,SNE,445965.744186047,78698.3,817668.75,43
0.1,0,DS Juv = 0.9,CAN-NNE,40400158.7779416,13431672.825,72869617.9,401
0.1,0,DS Juv = 0.9,MAT,35496962.8912694,11749072.05,66094414.35,604
0.1,0,DS Juv = 0.9,MNE,104031.793103448,28792.3,236172.2,29
0.1,0,DS Juv = 0.9,SAT,35193969.4414712,10172258.45,72392472.5,423
0.1,0,DS Juv = 0.9,SNE,481263.583333333,68044.7,991113.775,24
0.1,0,DS Juv = 1,CAN-NNE,39283373.3458512,13913767.075,76434265.075,374
0.1,0,DS Juv = 1,MAT,34993234.3943191,12441657.325,67189916.05,585
0.1,0,DS Juv = 1,MNE,120815.32,31925.4,199996,25
0.1,0,DS Juv = 1,SAT,32617353.0533118,10903626.4,64708103.6,446
0.1,0,DS Juv = 1,SNE,390447.085714286,93597.8,801153.8,35
0.1,0.1,DS Juv = 0,CAN-NNE,38867219.5154289,14029577.025,75023630.625,419
0.1,0.1,DS Juv = 0,MAT,36102795.7533568,11069083,66535283.4,630
0.1,0.1,DS Juv = 0,MNE,84149.6052631579,21095.1,191694.075,38
0.1,0.1,DS Juv = 0,SAT,35484283.6377704,10827698.15,71264810.875,409
0.1,0.1,DS Juv = 0,SNE,373674.848484849,73725.6,809861.6,33
0.1,0.1,DS Juv = 0.1,CAN-NNE,38591763.8542627,13791174.625,73977213.2,384
0.1,0.1,DS Juv = 0.1,MAT,34173964.27051,10897470.4,64887182.4,648
0.1,0.1,DS Juv = 0.1,MNE,86372.5,28149.25,180325.5,36
0.1,0.1,DS Juv = 0.1,SAT,34609296.2110683,11081663.375,65134842.975,411
0.1,0.1,DS Juv = 0.1,SNE,456698.264705882,103742.95,809870.275,34
0.1,0.1,DS Juv = 0.2,CAN-NNE,38848043.4689322,11895356.775,72174083.35,421
0.1,0.1,DS Juv = 0.2,MAT,34288793.5376759,11569247.225,62697692.925,631
0.1,0.1,DS Juv = 0.2,MNE,79595,15149.125,168932.875,36
0.1,0.1,DS Juv = 0.2,SAT,35496357.3274923,11819308.9,68269741.275,427
0.1,0.1,DS Juv = 0.2,SNE,377334.259259259,79619.55,874102.45,27
0.1,0.1,DS Juv = 0.3,CAN-NNE,39143424.7428871,14675371.125,72149671.15,382
0.1,0.1,DS Juv = 0.3,MAT,34653450.2902014,11584942.25,66248576.725,617
0.1,0.1,DS Juv = 0.3,MNE,76116.3947368421,15075,158513.025,38
0.1,0.1,DS Juv = 0.3,SAT,33203158.0387313,10704979.1,67176938.05,404
0.1,0.1,DS Juv = 0.3,SNE,295207.028571429,80148.55,689447.2,35
0.1,0.1,DS Juv = 0.4,CAN-NNE,38034183.3558459,14144735.325,71330885.25,414
0.1,0.1,DS Juv = 0.4,MAT,33749362.744903,10542295.45,65760517.3,602
0.1,0.1,DS Juv = 0.4,MNE,89708.5806451613,29841.5,181104.25,31
0.1,0.1,DS Juv = 0.4,SAT,34208356.8351537,10346058.7,65147940.475,420
0.1,0.1,DS Juv = 0.4,SNE,411850.666666667,110681.4,917610.8,33
0.1,0.1,DS Juv = 0.5,CAN-NNE,39741611.8804534,13710393.475,74632204.075,424
0.1,0.1,DS Juv = 0.5,MAT,33351997.7509607,11241234.825,63452893.9,576
0.1,0.1,DS Juv = 0.5,MNE,75748.275862069,23838.4,158313.4,29
0.1,0.1,DS Juv = 0.5,SAT,35420705.2471133,11378897.5,68349533.325,443
0.1,0.1,DS Juv = 0.5,SNE,365355.333333333,103991.625,840838.25,36
0.1,0.1,DS Juv = 0.6,CAN-NNE,38288094.5727916,13244475.025,75805261.1,409
0.1,0.1,DS Juv = 0.6,MAT,36258154.0138436,11434846.975,67198968.9,604
0.1,0.1,DS Juv = 0.6,MNE,103336.081081081,27363.6,175175.6,37
0.1,0.1,DS Juv = 0.6,SAT,35389749.7140118,10200996.075,70013769.375,405
0.1,0.1,DS Juv = 0.6,SNE,400593,78047.4,1012621.375,34
0.1,0.1,DS Juv = 0.7,CAN-NNE,37496584.2961272,13674108.9,72245700.65,405
0.1,0.1,DS Juv = 0.7,MAT,35049334.2526401,11725241.225,64943218.575,598
0.1,0.1,DS Juv = 0.7,MNE,94056.0322580645,26988,196404.75,31
0.1,0.1,DS Juv = 0.7,SAT,34214915.7967486,11359289.05,67125937.9,424
0.1,0.1,DS Juv = 0.7,SNE,343379.655172414,111024.1,778918.3,29
0.1,0.1,DS Juv = 0.8,CAN-NNE,38562306.1966173,14707712.1,71318665.45,371
0.1,0.1,DS Juv = 0.8,MAT,34583615.1934229,11361834.425,63559137.4,560
0.1,0.1,DS Juv = 0.8,MNE,91235.2142857143,25703.725,164015.7,28
0.1,0.1,DS Juv = 0.8,SAT,35635359.5517442,12808676.375,69116906.65,437
0.1,0.1,DS Juv = 0.8,SNE,434618.418604651,119045.6,927468.25,43
0.1,0.1,DS Juv = 0.9,CAN-NNE,39939274.8609915,13427461.825,75704186.8,454
0.1,0.1,DS Juv = 0.9,MAT,34843115.4152348,12246446.65,65417220.175,596
0.1,0.1,DS Juv = 0.9,MNE,103452.730769231,30044,191310,26
0.1,0.1,DS Juv = 0.9,SAT,36781074.9502031,11426131.85,69507881.025,408
0.1,0.1,DS Juv = 0.9,SNE,439794.064516129,96013.75,987931,31
0.1,0.1,DS Juv = 1,CAN-NNE,39156251.3444997,14262286.85,74471680.3,372
0.1,0.1,DS Juv = 1,MAT,36916887.0759915,11905968.55,68954849.25,615
0.1,0.1,DS Juv = 1,MNE,114002.225,35984.8,202425.725,40
0.1,0.1,DS Juv = 1,SAT,37475579.3727198,11971426.6,73562146.85,407
0.1,0.1,DS Juv = 1,SNE,431073.685714286,102271.85,828182.9,35
0.1,0.2,DS Juv = 0,CAN-NNE,38549666.3060657,12726162.45,75676557.725,407
0.1,0.2,DS Juv = 0,MAT,34092151.0091394,11798366.3,64561517.55,607
0.1,0.2,DS Juv = 0,MNE,74893.7142857143,20480.475,147155.6,28
0.1,0.2,DS Juv = 0,SAT,35879336.7059277,11430541.375,66119530.1,439
0.1,0.2,DS Juv = 0,SNE,404380.235294118,78089.725,828890.449999999,34
0.1,0.2,DS Juv = 0.1,CAN-NNE,39515864.9561115,13659804.55,71185064.1,419
0.1,0.2,DS Juv = 0.1,MAT,33571204.3947703,10444745.025,63482054.8,609
0.1,0.2,DS Juv = 0.1,MNE,85957.9615384615,19225,167256.375,26
0.1,0.2,DS Juv = 0.1,SAT,36069566.2720397,11428613.275,67962416.4,440
0.1,0.2,DS Juv = 0.1,SNE,390540.4,108733.675,848081.225,30
0.1,0.2,DS Juv = 0.2,CAN-NNE,40628663.6943799,14260902.025,71001315.15,404
0.1,0.2,DS Juv = 0.2,MAT,34063221.2933036,11239400.15,64811063.675,611
0.1,0.2,DS Juv = 0.2,MNE,83818.6896551724,22164.6,185692.3,29
0.1,0.2,DS Juv = 0.2,SAT,36927158.9569876,11965756.775,69201901.825,425
0.1,0.2,DS Juv = 0.2,SNE,348257.135135135,79350.8,797799.2,37
0.1,0.2,DS Juv = 0.3,CAN-NNE,39051646.9228599,13204964.675,68567118.875,429
0.1,0.2,DS Juv = 0.3,MAT,35145431.3651746,11951101.1,66401990.8,623
0.1,0.2,DS Juv = 0.3,MNE,108604.333333333,42074,177908.85,18
0.1,0.2,DS Juv = 0.3,SAT,35356975.1893594,11262301,68982931.65,465
0.1,0.2,DS Juv = 0.3,SNE,440232.285714286,113743.15,846778.6,28
0.1,0.2,DS Juv = 0.4,CAN-NNE,35211232.0662219,12696543.375,71380238.55,373
0.1,0.2,DS Juv = 0.4,MAT,34268473.1741123,11242455.725,65982025,594
0.1,0.2,DS Juv = 0.4,MNE,95931.7647058823,29228.85,185233.6,34
0.1,0.2,DS Juv = 0.4,SAT,34300867.813989,11720554.525,66486915.45,454
0.1,0.2,DS Juv = 0.4,SNE,463416,101834.5,748431.2,29
0.1,0.2,DS Juv = 0.5,CAN-NNE,36094551.6253472,14444857.65,71127818.1,404
0.1,0.2,DS Juv = 0.5,MAT,33636918.0257497,11403623.3,64766067.2,607
0.1,0.2,DS Juv = 0.5,MNE,101467.75862069,33903.3,183433.2,29
0.1,0.2,DS Juv = 0.5,SAT,36550153.9643302,11281902.525,69994728.6,399
0.1,0.2,DS Juv = 0.5,SNE,369514.416666667,121268.625,931755.5,36
0.1,0.2,DS Juv = 0.6,CAN-NNE,41180390.7741214,14743107.325,74590068.425,355
0.1,0.2,DS Juv = 0.6,MAT,35858744.9747497,12069700.825,65825891.75,571
0.1,0.2,DS Juv = 0.6,MNE,87940.037037037,23389.75,185249.8,27
0.1,0.2,DS Juv = 0.6,SAT,33974084.8311674,10849574.85,66769350.825,441
0.1,0.2,DS Juv = 0.6,SNE,432260.205882353,90095.1,784675.075,34
0.1,0.2,DS Juv = 0.7,CAN-NNE,38108061.4735722,12853727.825,73926264.375,413
0.1,0.2,DS Juv = 0.7,MAT,35666039.4461127,11713051.75,65774844.125,646
0.1,0.2,DS Juv = 0.7,MNE,99995.1081081081,26056.9,198400.9,37
0.1,0.2,DS Juv = 0.7,SAT,35412903.8945526,11454602.425,66977974.9,471
0.1,0.2,DS Juv = 0.7,SNE,381247.833333333,88388.175,881025.15,24
0.1,0.2,DS Juv = 0.8,CAN-NNE,40135953.9984044,12937966.425,70067068.8,407
0.1,0.2,DS Juv = 0.8,MAT,35417064.7810471,12341386.2,68032671.175,585
0.1,0.2,DS Juv = 0.8,MNE,104871.292682927,22049,183974,41
0.1,0.2,DS Juv = 0.8,SAT,35999931.6995624,10731671.075,68281280.95,405
0.1,0.2,DS Juv = 0.8,SNE,353331.818181818,74118.6,794695.875,22
0.1,0.2,DS Juv = 0.9,CAN-NNE,39086505.0861014,13270247,74679250.4,387
0.1,0.2,DS Juv = 0.9,MAT,36380631.7002392,11882711.95,66984757.625,623
0.1,0.2,DS Juv = 0.9,MNE,114619.433333333,43535.35,190425.2,30
0.1,0.2,DS Juv = 0.9,SAT,36723722.8732664,12322778.6,68611627.725,390
0.1,0.2,DS Juv = 0.9,SNE,437325.064516129,132915,884394,31
0.1,0.2,DS Juv = 1,CAN-NNE,37782175.7316632,13518707.175,72554942.625,406
0.1,0.2,DS Juv = 1,MAT,33733540.4036441,11105042.625,65340733.125,640
0.1,0.2,DS Juv = 1,MNE,105370.625,37866.75,225640.225,40
0.1,0.2,DS Juv = 1,SAT,37497309.2556631,12196840.375,70594183.775,464
0.1,0.2,DS Juv = 1,SNE,400320.052631579,125227.2,725600.45,19
0.1,0.3,DS Juv = 0,CAN-NNE,37720806.2647944,13559644.9,70396744.675,407
0.1,0.3,DS Juv = 0,MAT,35479190.5426513,11772271.175,64347598.475,605
0.1,0.3,DS Juv = 0,MNE,89349.0487804878,25660,158312,41
0.1,0.3,DS Juv = 0,SAT,33570436.9313991,11352818.575,62556928.25,403
0.1,0.3,DS Juv = 0,SNE,284624.363636364,6777.875,719872.575,22
0.1,0.3,DS Juv = 0.1,CAN-NNE,37306718.4829989,12446995.6,68936005.6,396
0.1,0.3,DS Juv = 0.1,MAT,35507956.1240131,11784776.8,67183975.325,591
0.1,0.3,DS Juv = 0.1,MNE,93863.1212121212,22584.4,177007,33
0.1,0.3,DS Juv = 0.1,SAT,34918923.4070574,10252996.1,66328347.35,436
0.1,0.3,DS Juv = 0.1,SNE,363887.19047619,89804,671035.5,21
0.1,0.3,DS Juv = 0.2,CAN-NNE,35505466.2471473,12416402.325,71005036.75,375
0.1,0.3,DS Juv = 0.2,MAT,33313688.8569773,11425487.15,64417989.125,601
0.1,0.3,DS Juv = 0.2,MNE,87669.6428571429,23146.15,156079.575,42
0.1,0.3,DS Juv = 0.2,SAT,35099277.537542,10971156.275,67455181.7,428
0.1,0.3,DS Juv = 0.2,SNE,510643.027777778,53305,1023825,36
0.1,0.3,DS Juv = 0.3,CAN-NNE,37309609.505201,12866151.725,71951672.675,410
0.1,0.3,DS Juv = 0.3,MAT,34434133.857639,11262375.4,68018404.6,610
0.1,0.3,DS Juv = 0.3,MNE,89473.3243243243,22501.3,145179.6,37
0.1,0.3,DS Juv = 0.3,SAT,35704678.3566542,11694232.1,69909855.075,439
0.1,0.3,DS Juv = 0.3,SNE,355395.481481481,106409.75,719175.65,27
0.1,0.3,DS Juv = 0.4,CAN-NNE,39458656.2361447,13065083.375,72880487.775,382
0.1,0.3,DS Juv = 0.4,MAT,34211822.7430345,11259420.9,65041816.65,595
0.1,0.3,DS Juv = 0.4,MNE,92605.325,30815.95,203325.775,40
0.1,0.3,DS Juv = 0.4,SAT,36066044.4554646,11235311.725,69688475.175,420
0.1,0.3,DS Juv = 0.4,SNE,373720.185185185,105293.2,645866.85,27
0.1,0.3,DS Juv = 0.5,CAN-NNE,39920482.8903397,12144424,75210819.35,393
0.1,0.3,DS Juv = 0.5,MAT,35517407.98937,12819988.775,66220527.125,640
0.1,0.3,DS Juv = 0.5,MNE,103660.068965517,30222.3,180661.9,29
0.1,0.3,DS Juv = 0.5,SAT,35517575.4779017,12346970.4,67878341.425,483
0.1,0.3,DS Juv = 0.5,SNE,353823.555555556,128468,742949.5,36
0.1,0.3,DS Juv = 0.6,CAN-NNE,38470452.784176,14378666.725,65849674.9,352
0.1,0.3,DS Juv = 0.6,MAT,34499667.4651108,11076413.4,68508552.75,651
0.1,0.3,DS Juv = 0.6,MNE,106007.233333333,35158.225,190431.9,30
0.1,0.3,DS Juv = 0.6,SAT,35548726.6283238,11462245.475,66886933.375,393
0.1,0.3,DS Juv = 0.6,SNE,408030.666666667,105305.5,792000.5,36
0.1,0.3,DS Juv = 0.7,CAN-NNE,34361637.6077238,13154866.85,68574696.625,396
0.1,0.3,DS Juv = 0.7,MAT,34375808.2494523,12105514.95,65760408.275,621
0.1,0.3,DS Juv = 0.7,MNE,106358.710526316,25789.3,185431.875,38
0.1,0.3,DS Juv = 0.7,SAT,38667409.8820112,11882742.175,71109194.625,458
0.1,0.3,DS Juv = 0.7,SNE,403100.636363636,73587.4,855694.8,33
0.1,0.3,DS Juv = 0.8,CAN-NNE,40361971.3681743,12920353.15,71887864.3,405
0.1,0.3,DS Juv = 0.8,MAT,35862706.1031878,11641795.225,67016048.425,616
0.1,0.3,DS Juv = 0.8,MNE,111251.146341463,32209,220732,41
0.1,0.3,DS Juv = 0.8,SAT,35764856.9271415,11391812.325,66277003.525,415
0.1,0.3,DS Juv = 0.8,SNE,374493.538461538,120283.125,672682.875,26
0.1,0.3,DS Juv = 0.9,CAN-NNE,37636988.8522187,13990954.475,76168419.9,378
0.1,0.3,DS Juv = 0.9,MAT,35094853.9696568,11753232.325,66978843.3,640
0.1,0.3,DS Juv = 0.9,MNE,116553.333333333,40146.875,222916.75,36
0.1,0.3,DS Juv = 0.9,SAT,34544069.6952405,11761551.025,69205240.475,447
0.1,0.3,DS Juv = 0.9,SNE,389339.047619048,109210.075,739310.35,42
0.1,0.3,DS Juv = 1,CAN-NNE,35414705.8845063,12392385.5,68737660.2,403
0.1,0.3,DS Juv = 1,MAT,35388155.9513592,11566530.15,66525403.325,612
0.1,0.3,DS Juv = 1,MNE,116410.304347826,36962.2,195982.9,23
0.1,0.3,DS Juv = 1,SAT,33928048.6605598,11756739.975,65336730.025,461
0.1,0.3,DS Juv = 1,SNE,501272.176470588,111034.275,820204.375,34
0.1,0.4,DS Juv = 0,CAN-NNE,36888310.4840702,12390692.575,66610117.45,368
0.1,0.4,DS Juv = 0,MAT,34681680.1511573,11380589,62956890.825,604
0.1,0.4,DS Juv = 0,MNE,87508.6774193548,27448.25,158082.25,31
0.1,0.4,DS Juv = 0,SAT,34934554.6707887,11590317,68661299.125,433
0.1,0.4,DS Juv = 0,SNE,404541.291666667,93378.05,836288.9,24
0.1,0.4,DS Juv = 0.1,CAN-NNE,39150054.6861802,13531119.35,72389738.425,362
0.1,0.4,DS Juv = 0.1,MAT,33524150.2507772,11535635.675,61553674.025,605
0.1,0.4,DS Juv = 0.1,MNE,81682.6774193548,26021.25,186223.25,31
0.1,0.4,DS Juv = 0.1,SAT,36079309.9459868,10826099.45,69560234.2,432
0.1,0.4,DS Juv = 0.1,SNE,423932,78832.5,791706.1,40
0.1,0.4,DS Juv = 0.2,CAN-NNE,42186845.973855,16350366.825,69710336.475,383
0.1,0.4,DS Juv = 0.2,MAT,33893520.7961565,11927008.05,65565665.3,628
0.1,0.4,DS Juv = 0.2,MNE,74865.1666666667,17408.65,166561.575,24
0.1,0.4,DS Juv = 0.2,SAT,34878060.88921,10430803.05,62853452.375,418
0.1,0.4,DS Juv = 0.2,SNE,447535.142857143,81836.3,912225.4,35
0.1,0.4,DS Juv = 0.3,CAN-NNE,40486397.2530388,14798875.5,72120966.275,393
0.1,0.4,DS Juv = 0.3,MAT,34019012.65312,11661719.6,64382791.45,609
0.1,0.4,DS Juv = 0.3,MNE,90993.2083333333,28945.2,170518.75,24
0.1,0.4,DS Juv = 0.3,SAT,35011815.6182961,11048762.15,68103978.175,459
0.1,0.4,DS Juv = 0.3,SNE,436827.708333333,34555.425,860510.2,24
0.1,0.4,DS Juv = 0.4,CAN-NNE,38900150.4171198,12126400.775,74052443.75,400
0.1,0.4,DS Juv = 0.4,MAT,35761568.947907,12040548.775,67371213.15,615
0.1,0.4,DS Juv = 0.4,MNE,83108,25706.2,168292.2,37
0.1,0.4,DS Juv = 0.4,SAT,34953636.65038,11681795.575,64377013.45,445
0.1,0.4,DS Juv = 0.4,SNE,366877.421052632,135269.95,665401.35,19
0.1,0.4,DS Juv = 0.5,CAN-NNE,38545871.8276486,13171115.6,68913930.85,380
0.1,0.4,DS Juv = 0.5,MAT,36611705.7538673,12054641.85,68210544,583
0.1,0.4,DS Juv = 0.5,MNE,91580.4411764706,32678.475,175551.2,34
0.1,0.4,DS Juv = 0.5,SAT,35680055.2626084,12000148.8,67134264.85,412
0.1,0.4,DS Juv = 0.5,SNE,373492.333333333,88888.375,788132.25,36
0.1,0.4,DS Juv = 0.6,CAN-NNE,36387242.10294,12655391.15,70848598.625,412
0.1,0.4,DS Juv = 0.6,MAT,34949827.2275215,11877664.975,65341131.5,610
0.1,0.4,DS Juv = 0.6,MNE,104334.72,29625.6,201754.4,25
0.1,0.4,DS Juv = 0.6,SAT,36641934.504611,12184350.4,67597809.725,409
0.1,0.4,DS Juv = 0.6,SNE,430584.27027027,102951,848838,37
0.1,0.4,DS Juv = 0.7,CAN-NNE,37226901.4963498,14842998.4,70397105.5,358
0.1,0.4,DS Juv = 0.7,MAT,35794360.3974131,12493812.475,67241277.875,605
0.1,0.4,DS Juv = 0.7,MNE,104965.137931034,36623.5,194135.7,29
0.1,0.4,DS Juv = 0.7,SAT,34235249.6198256,10659795.7,64982050.925,436
0.1,0.4,DS Juv = 0.7,SNE,298423.115384615,116175.875,636578.875,26
0.1,0.4,DS Juv = 0.8,CAN-NNE,36299224.3208853,11840325.85,71580099.525,361
0.1,0.4,DS Juv = 0.8,MAT,35952693.5247611,12053556.85,67832039.575,615
0.1,0.4,DS Juv = 0.8,MNE,80292.4838709677,25638,209493,31
0.1,0.4,DS Juv = 0.8,SAT,35391962.5591228,10765672.125,68387511.65,457
0.1,0.4,DS Juv = 0.8,SNE,415464.114285714,102592.9,832772.65,35
0.1,0.4,DS Juv = 0.9,CAN-NNE,39385653.4306635,13468474.225,71840817.975,403
0.1,0.4,DS Juv = 0.9,MAT,34326717.4211352,11656326.825,65335839.675,625
0.1,0.4,DS Juv = 0.9,MNE,109815.266666667,33882.025,210786.425,30
0.1,0.4,DS Juv = 0.9,SAT,37578688.0155621,11263575.25,71684431.225,416
0.1,0.4,DS Juv = 0.9,SNE,420192.074074074,92765.3,847652.45,27
0.1,0.4,DS Juv = 1,CAN-NNE,39056908.2660842,13235248.525,77405397.45,444
0.1,0.4,DS Juv = 1,MAT,36204271.0041703,12031561.8,69082644.175,633
0.1,0.4,DS Juv = 1,MNE,111042.135135135,32611,209100.5,37
0.1,0.4,DS Juv = 1,SAT,35221186.6545114,11990159.9,68954838.7,443
0.1,0.4,DS Juv = 1,SNE,404432.92,112321.4,907613.6,25
0.1,0.5,DS Juv = 0,CAN-NNE,42134959.987118,15887335.95,78287486.125,402
0.1,0.5,DS Juv = 0,MAT,34032794.3855667,10831114.4,63694564,624
0.1,0.5,DS Juv = 0,MNE,91750.027027027,28877,166087.5,37
0.1,0.5,DS Juv = 0,SAT,35086095.6856494,10379587.9,68514564.125,459
0.1,0.5,DS Juv = 0,SNE,453146.821428571,145444.425,766303.875,28
0.1,0.5,DS Juv = 0.1,CAN-NNE,37844549.366567,13846966,74202119.425,415
0.1,0.5,DS Juv = 0.1,MAT,34989856.552101,11175152.15,68503407.725,613
0.1,0.5,DS Juv = 0.1,MNE,101377.65,31070.5,176205.7,40
0.1,0.5,DS Juv = 0.1,SAT,34169710.2866412,10422045.05,70018957.7,424
0.1,0.5,DS Juv = 0.1,SNE,496832.85,118871.675,825352.55,20
0.1,0.5,DS Juv = 0.2,CAN-NNE,38654548.312028,14056379.8,72566511.725,416
0.1,0.5,DS Juv = 0.2,MAT,35050677.5356201,11386642.475,66916911.225,601
0.1,0.5,DS Juv = 0.2,MNE,80192.7777777778,25591.6,150087.75,27
0.1,0.5,DS Juv = 0.2,SAT,34076625.3071149,10642833.35,69398763.125,407
0.1,0.5,DS Juv = 0.2,SNE,424803.633333333,106723.325,836693.15,30
0.1,0.5,DS Juv = 0.3,CAN-NNE,39556368.4348443,14435922.1,69034818.6,401
0.1,0.5,DS Juv = 0.3,MAT,35545408.1474997,11471759.2,65130571.75,610
0.1,0.5,DS Juv = 0.3,MNE,103447.233333333,29771.725,185826.125,30
0.1,0.5,DS Juv = 0.3,SAT,34421305.1584937,11662262.675,68283787.55,445
0.1,0.5,DS Juv = 0.3,SNE,400750.161290323,130473,764933.75,31
0.1,0.5,DS Juv = 0.4,CAN-NNE,38721071.0590042,13260559.075,71278891.625,396
0.1,0.5,DS Juv = 0.4,MAT,36510023.6877912,12225273.075,68988054.125,606
0.1,0.5,DS Juv = 0.4,MNE,104166.588235294,23003.275,229254.875,34
0.1,0.5,DS Juv = 0.4,SAT,35041863.7041213,11819322,67684807.1,420
0.1,0.5,DS Juv = 0.4,SNE,389661.121212121,94120.6,847145.8,33
0.1,0.5,DS Juv = 0.5,CAN-NNE,37486552.0950419,13271149.625,71162937.9,403
0.1,0.5,DS Juv = 0.5,MAT,36163325.2982985,12466897.5,66247833.025,599
0.1,0.5,DS Juv = 0.5,MNE,91571.75,35284.55,188784.2,24
0.1,0.5,DS Juv = 0.5,SAT,37110205.0762297,11763364.35,71416878.625,409
0.1,0.5,DS Juv = 0.5,SNE,485549.708333333,128058.45,894656.175,24
0.1,0.5,DS Juv = 0.6,CAN-NNE,38336628.7900199,13511735.425,70588790.975,364
0.1,0.5,DS Juv = 0.6,MAT,36187644.4075439,13380725.225,65120804.4,602
0.1,0.5,DS Juv = 0.6,MNE,98894.36,30092.8,231235,25
0.1,0.5,DS Juv = 0.6,SAT,34568607.2443548,11393935.125,67275995.5,467
0.1,0.5,DS Juv = 0.6,SNE,424577.03125,101439.525,793472.125,32
0.1,0.5,DS Juv = 0.7,CAN-NNE,38221475.2544969,13236541.65,71929400,412
0.1,0.5,DS Juv = 0.7,MAT,35178938.7655399,12534002.6,66532628.9,612
0.1,0.5,DS Juv = 0.7,MNE,116757,32842.9,236589.7,23
0.1,0.5,DS Juv = 0.7,SAT,35108666.8842869,11853742.85,66425485.975,443
0.1,0.5,DS Juv = 0.7,SNE,439128.28,81526.6,814540.2,25
0.1,0.5,DS Juv = 0.8,CAN-NNE,35386725.7989359,12199918.925,72549356.4,424
0.1,0.5,DS Juv = 0.8,MAT,36619502.467561,11304894.1,66600936.025,628
0.1,0.5,DS Juv = 0.8,MNE,120855.333333333,32103.2,242122.2,33
0.1,0.5,DS Juv = 0.8,SAT,33183766.5260279,11018820.325,65437506.675,434
0.1,0.5,DS Juv = 0.8,SNE,439606.419354839,100268.75,1006209.75,31
0.1,0.5,DS Juv = 0.9,CAN-NNE,38372556.7132897,13570470.525,71919412.125,383
0.1,0.5,DS Juv = 0.9,MAT,35816692.3723797,12983912.4,66418168.925,631
0.1,0.5,DS Juv = 0.9,MNE,106770,36879.875,230909.175,30
0.1,0.5,DS Juv = 0.9,SAT,38453156.0399469,14658657.05,66181275.975,417
0.1,0.5,DS Juv = 0.9,SNE,557948.827586207,86629.5,1067024.9,29
0.1,0.5,DS Juv = 1,CAN-NNE,37218071.5944539,12351738.425,69642758.35,395
0.1,0.5,DS Juv = 1,MAT,35595336.7469071,11828021.075,67790060.075,593
0.1,0.5,DS Juv = 1,MNE,111494.2,29080.4,246674.4,25
0.1,0.5,DS Juv = 1,SAT,36776501.7983567,12193948.025,69703317.375,433
0.1,0.5,DS Juv = 1,SNE,454437.575757576,118965,901702.6,33
0.1,0.6,DS Juv = 0,CAN-NNE,40429651.5661784,13736135.05,72976368.55,381
0.1,0.6,DS Juv = 0,MAT,35195427.8926636,12406026.925,64260752.975,630
0.1,0.6,DS Juv = 0,MNE,77045.2857142857,24179.175,146712.3,28
0.1,0.6,DS Juv = 0,SAT,35577888.236509,11926143.5,64413532.825,407
0.1,0.6,DS Juv = 0,SNE,393078.685714286,86142.3,866746.55,35
0.1,0.6,DS Juv = 0.1,CAN-NNE,40200050.706429,12458977.975,72483801.375,405
0.1,0.6,DS Juv = 0.1,MAT,34912850.7942246,11927664.075,67690374.375,554
0.1,0.6,DS Juv = 0.1,MNE,97900.1428571429,30985.5,184835.5,21
0.1,0.6,DS Juv = 0.1,SAT,35253049.4005654,11361110.2,66332047.05,437
0.1,0.6,DS Juv = 0.1,SNE,398009.903225806,80353.25,845951.25,31
0.1,0.6,DS Juv = 0.2,CAN-NNE,38283970.5826363,12543397.9,73449665.55,412
0.1,0.6,DS Juv = 0.2,MAT,36218954.3394927,11095706.725,67031812.725,575
0.1,0.6,DS Juv = 0.2,MNE,75140.03125,23085.775,154526.225,32
0.1,0.6,DS Juv = 0.2,SAT,34759789.7624232,11218086.9,64204974.425,412
0.1,0.6,DS Juv = 0.2,SNE,395862.129032258,94137.5,766361.25,31
0.1,0.6,DS Juv = 0.3,CAN-NNE,36302099.3641575,12376741.325,69643379.75,375
0.1,0.6,DS Juv = 0.3,MAT,34636912.7413634,11018618.725,65787763.8,644
0.1,0.6,DS Juv = 0.3,MNE,98107.9736842105,30120.55,176923.575,38
0.1,0.6,DS Juv = 0.3,SAT,36535985.247268,12370166.575,67687722.3,408
0.1,0.6,DS Juv = 0.3,SNE,426766.722222222,95024.125,796679.75,36
0.1,0.6,DS Juv = 0.4,CAN-NNE,40239749.4237997,11945523.175,73960649.7,418
0.1,0.6,DS Juv = 0.4,MAT,36930336.2313626,11607980.725,69501066.325,578
0.1,0.6,DS Juv = 0.4,MNE,91368.5,28381.35,185091.775,20
0.1,0.6,DS Juv = 0.4,SAT,34698374.9881385,10686073.3,68828076.5,430
0.1,0.6,DS Juv = 0.4,SNE,386083.107142857,36259,755947.3,28
0.1,0.6,DS Juv = 0.5,CAN-NNE,37361250.053392,11632785.9,67992305,434
0.1,0.6,DS Juv = 0.5,MAT,35170226.0490654,11767705,66462114.325,624
0.1,0.6,DS Juv = 0.5,MNE,103386.346153846,38410.625,175703.875,26
0.1,0.6,DS Juv = 0.5,SAT,38563577.652022,12315130.8,70637528.15,403
0.1,0.6,DS Juv = 0.5,SNE,399670.606060606,128217.2,745069.400000001,33
0.1,0.6,DS Juv = 0.6,CAN-NNE,40139493.8258185,12287805.325,76512548.6,402
0.1,0.6,DS Juv = 0.6,MAT,35655226.8223225,12217688.225,66994685.875,659
0.1,0.6,DS Juv = 0.6,MNE,117375.2,29541.375,217009.45,40
0.1,0.6,DS Juv = 0.6,SAT,32796200.3685106,10999374.025,65031482.025,437
0.1,0.6,DS Juv = 0.6,SNE,374893.933333333,103216.475,881653.65,30
0.1,0.6,DS Juv = 0.7,CAN-NNE,41975162.0640444,14872584.575,76990590.95,378
0.1,0.6,DS Juv = 0.7,MAT,36289262.5837118,11715019.125,67642253.375,613
0.1,0.6,DS Juv = 0.7,MNE,88970.1428571429,33965.975,175827.725,28
0.1,0.6,DS Juv = 0.7,SAT,34501246.173943,11248454.65,65661907.9,441
0.1,0.6,DS Juv = 0.7,SNE,342017.36,64518.6,711873.4,25
0.1,0.6,DS Juv = 0.8,CAN-NNE,36509074.9788956,13527980.2,71106709.675,391
0.1,0.6,DS Juv = 0.8,MAT,35728931.2923326,12357227.375,66646526,546
0.1,0.6,DS Juv = 0.8,MNE,111757.464285714,36906.925,204807.65,28
0.1,0.6,DS Juv = 0.8,SAT,37184807.9086688,10314929.275,69017714.8,475
0.1,0.6,DS Juv = 0.8,SNE,445831.217391304,105810.5,908105.875,46
0.1,0.6,DS Juv = 0.9,CAN-NNE,36407977.0361035,13149010.35,74883383,402
0.1,0.6,DS Juv = 0.9,MAT,36007728.5436178,12437612,66275411.325,559
0.1,0.6,DS Juv = 0.9,MNE,113864.068965517,34528.7,235560.6,29
0.1,0.6,DS Juv = 0.9,SAT,34703271.8541049,10834904.75,71227862.625,433
0.1,0.6,DS Juv = 0.9,SNE,403022.529411765,69274.5,906609.8,34
0.1,0.6,DS Juv = 1,CAN-NNE,35832260.7207239,13794833.575,69767093.425,402
0.1,0.6,DS Juv = 1,MAT,34194496.6956165,11517429.525,67247190.775,605
0.1,0.6,DS Juv = 1,MNE,112591.173913043,32167,210318.5,23
0.1,0.6,DS Juv = 1,SAT,33801370.792274,12342003.875,67222859.825,407
0.1,0.6,DS Juv = 1,SNE,439913.722222222,91523.375,806599.375,36
0.1,0.7,DS Juv = 0,CAN-NNE,37204232.9531173,13496000.8,68870309.45,388
0.1,0.7,DS Juv = 0,MAT,33826786.743803,11418923.5,65978047.55,610
0.1,0.7,DS Juv = 0,MNE,79671.32,15652.4,197066.2,25
0.1,0.7,DS Juv = 0,SAT,35250696.3828192,10954800.8,68371029.125,427
0.1,0.7,DS Juv = 0,SNE,390229.590909091,77930.45,775396.6,44
0.1,0.7,DS Juv = 0.1,CAN-NNE,40022046.2661973,13353819.375,72224859.45,354
0.1,0.7,DS Juv = 0.1,MAT,33627144.0113886,11506257.7,65015173.925,672
0.1,0.7,DS Juv = 0.1,MNE,96665.9393939394,22165.4,197071,33
0.1,0.7,DS Juv = 0.1,SAT,35888921.0174667,10518602.2,68803864.725,422
0.1,0.7,DS Juv = 0.1,SNE,459267.709677419,128908.25,835813.25,31
0.1,0.7,DS Juv = 0.2,CAN-NNE,38024690.7230566,13263686.175,70969742.75,437
0.1,0.7,DS Juv = 0.2,MAT,34630607.2231157,11965163.5,66861699.275,615
0.1,0.7,DS Juv = 0.2,MNE,108242.242424242,30593,196094.6,33
0.1,0.7,DS Juv = 0.2,SAT,38111673.7596254,10822634.05,70599902.125,478
0.1,0.7,DS Juv = 0.2,SNE,369231.181818182,92154.85,795750.925,44
0.1,0.7,DS Juv = 0.3,CAN-NNE,40353140.6651813,13599074.875,73115100.5,464
0.1,0.7,DS Juv = 0.3,MAT,33752457.8044952,11475570.85,62902677.65,628
0.1,0.7,DS Juv = 0.3,MNE,102108.951219512,28530,187925,41
0.1,0.7,DS Juv = 0.3,SAT,34589195.3737816,10832381.65,68006468.3,432
0.1,0.7,DS Juv = 0.3,SNE,369288.864864865,92443.5,842641,37
0.1,0.7,DS Juv = 0.4,CAN-NNE,38189384.6246689,13989422.425,68797156.85,401
0.1,0.7,DS Juv = 0.4,MAT,35353584.146515,11348627.1,67508643.575,637
0.1,0.7,DS Juv = 0.4,MNE,95738.9268292683,33462,187212,41
0.1,0.7,DS Juv = 0.4,SAT,34441446.3313478,11792874.625,68476507.775,470
0.1,0.7,DS Juv = 0.4,SNE,420988.051282051,133711.75,851313.7,39
0.1,0.7,DS Juv = 0.5,CAN-NNE,35980927.2143107,12598910.9,69338410.25,403
0.1,0.7,DS Juv = 0.5,MAT,36803213.7343361,13209041.05,64316418.925,627
0.1,0.7,DS Juv = 0.5,MNE,107181.875,24585.425,198827.8,32
0.1,0.7,DS Juv = 0.5,SAT,37015677.4141768,12173649.875,69922777.975,449
0.1,0.7,DS Juv = 0.5,SNE,402016.588235294,84953.275,839715.75,34
0.1,0.7,DS Juv = 0.6,CAN-NNE,37431409.1027102,13429478.6,66595639.9,408
0.1,0.7,DS Juv = 0.6,MAT,37121945.4848548,11760373.625,70918717.975,596
0.1,0.7,DS Juv = 0.6,MNE,113240,42589.3,206000.15,35
0.1,0.7,DS Juv = 0.6,SAT,38614046.2912512,13439128.075,69536694.675,463
0.1,0.7,DS Juv = 0.6,SNE,412710.387096774,94278,921035.25,31
0.1,0.7,DS Juv = 0.7,CAN-NNE,37853491.2605205,13782956.5,72323510.325,395
0.1,0.7,DS Juv = 0.7,MAT,34317509.2342579,11382186.525,67732226.425,619
0.1,0.7,DS Juv = 0.7,MNE,102180.321428571,27380.775,208463.125,28
0.1,0.7,DS Juv = 0.7,SAT,34387692.6463065,11711196.425,65992250.375,424
0.1,0.7,DS Juv = 0.7,SNE,462620.09375,88932.85,920822.649999999,32
0.1,0.7,DS Juv = 0.8,CAN-NNE,40929747.2927687,14288008.125,72661572.825,388
0.1,0.7,DS Juv = 0.8,MAT,36225647.4006909,12000651.675,69915273.5,618
0.1,0.7,DS Juv = 0.8,MNE,121023.976190476,34213.85,235217.7,42
0.1,0.7,DS Juv = 0.8,SAT,36551256.621968,11695062.225,70135255.325,432
0.1,0.7,DS Juv = 0.8,SNE,417296.096774194,116530.5,853791.5,31
0.1,0.7,DS Juv = 0.9,CAN-NNE,38022275.1260527,13250316.7,73096523.35,382
0.1,0.7,DS Juv = 0.9,MAT,35740684.3414943,12077264.2,66274436.275,606
0.1,0.7,DS Juv = 0.9,MNE,111176,36362.2,211326.8,33
0.1,0.7,DS Juv = 0.9,SAT,37651924.8892428,12323824.125,66688285.175,462
0.1,0.7,DS Juv = 0.9,SNE,482063.606060606,104297.4,926490.2,33
0.1,0.7,DS Juv = 1,CAN-NNE,41395401.8963594,13869667.95,79132526.65,418
0.1,0.7,DS Juv = 1,MAT,36816291.1763284,12674746.025,66299541.625,573
0.1,0.7,DS Juv = 1,MNE,133833.205882353,40300.25,235563.45,34
0.1,0.7,DS Juv = 1,SAT,36258862.12722,11953408.925,71212501.8,410
0.1,0.7,DS Juv = 1,SNE,415927.965517241,121651,802248.3,29
0.1,0.8,DS Juv = 0,CAN-NNE,39554500.173152,14764410.2,72400391.25,391
0.1,0.8,DS Juv = 0,MAT,35595698.5141499,12511911.375,65284505.475,650
0.1,0.8,DS Juv = 0,MNE,70240.4137931034,24324.6,173337.2,29
0.1,0.8,DS Juv = 0,SAT,34050898.5354726,11572329.075,66912832.025,425
0.1,0.8,DS Juv = 0,SNE,398315.447368421,87753.075,809927.774999998,38
0.1,0.8,DS Juv = 0.1,CAN-NNE,40280566.9898981,14528739.325,71509644.275,360
0.1,0.8,DS Juv = 0.1,MAT,35281896.2333187,12074007.25,65262005.925,641
0.1,0.8,DS Juv = 0.1,MNE,92492.5,28314.95,204794.475,28
0.1,0.8,DS Juv = 0.1,SAT,36638654.8671082,11597554.2,69306039.9,425
0.1,0.8,DS Juv = 0.1,SNE,355267.838709677,112125.25,920811.75,31
0.1,0.8,DS Juv = 0.2,CAN-NNE,40260699.9392664,14403529.45,73466294.2,387
0.1,0.8,DS Juv = 0.2,MAT,34571034.1478508,11439019.4,63335457.25,613
0.1,0.8,DS Juv = 0.2,MNE,99954.9666666667,22450.35,204001.75,30
0.1,0.8,DS Juv = 0.2,SAT,33471483.9635037,10837193.45,66168037.9,413
0.1,0.8,DS Juv = 0.2,SNE,342148.564102564,112643.7,691732.1,39
0.1,0.8,DS Juv = 0.3,CAN-NNE,41801630.8811982,15709882.025,74801242.4,427
0.1,0.8,DS Juv = 0.3,MAT,35025476.0172984,11304955.475,68086378.525,589
0.1,0.8,DS Juv = 0.3,MNE,99696.0357142857,35021.65,180797.475,28
0.1,0.8,DS Juv = 0.3,SAT,38005827.5754788,12491388.025,69169575.025,442
0.1,0.8,DS Juv = 0.3,SNE,434036.741935484,137884.5,898435,31
0.1,0.8,DS Juv = 0.4,CAN-NNE,40909194.4735651,12142491.45,73511068.425,411
0.1,0.8,DS Juv = 0.4,MAT,34999554.912959,12164773.25,66607238.725,628
0.1,0.8,DS Juv = 0.4,MNE,104340.071428571,33321.55,204875.725,28
0.1,0.8,DS Juv = 0.4,SAT,33500158.7288271,12176311.8,63788118.975,428
0.1,0.8,DS Juv = 0.4,SNE,440963.724137931,79911.5,875600.2,29
0.1,0.8,DS Juv = 0.5,CAN-NNE,37880544.9807709,13643433.85,71761514.325,402
0.1,0.8,DS Juv = 0.5,MAT,34497488.0237466,11950322.3,65001443.975,609
0.1,0.8,DS Juv = 0.5,MNE,120218.205882353,37565.225,221458.1,34
0.1,0.8,DS Juv = 0.5,SAT,33629226.7965639,11651506.625,65098009.125,412
0.1,0.8,DS Juv = 0.5,SNE,438816.875,126680.15,729532.05,32
0.1,0.8,DS Juv = 0.6,CAN-NNE,36340699.6923828,12225238.175,69421994.825,400
0.1,0.8,DS Juv = 0.6,MAT,35974689.3784052,11979621.4,66579376.5,671
0.1,0.8,DS Juv = 0.6,MNE,115766.15,41043.075,194238.825,20
0.1,0.8,DS Juv = 0.6,SAT,36759360.7663684,11848964.55,70956634.125,442
0.1,0.8,DS Juv = 0.6,SNE,459403.558823529,102694.025,890523.475,34
0.1,0.8,DS Juv = 0.7,CAN-NNE,40853149.1802972,14731194,75390014.275,384
0.1,0.8,DS Juv = 0.7,MAT,35759410.7830468,11587866.775,68224511.975,600
0.1,0.8,DS Juv = 0.7,MNE,120028.230769231,39298.625,211317.375,26
0.1,0.8,DS Juv = 0.7,SAT,37514721.9765444,11976450.1,70243770.25,453
0.1,0.8,DS Juv = 0.7,SNE,481766.466666667,132017.7,881380,30
0.1,0.8,DS Juv = 0.8,CAN-NNE,40926013.9084113,13621685.225,74617391.375,435
0.1,0.8,DS Juv = 0.8,MAT,35034625.4402802,12020190.15,69178332.325,610
0.1,0.8,DS Juv = 0.8,MNE,126707.551724138,33231,234292.1,29
0.1,0.8,DS Juv = 0.8,SAT,34405656.1374673,11051926.9,68090445.925,420
0.1,0.8,DS Juv = 0.8,SNE,471284.464285714,149451.4,818577.3,28
0.1,0.8,DS Juv = 0.9,CAN-NNE,39773330.6776478,14798900.525,70661396.6,400
0.1,0.8,DS Juv = 0.9,MAT,34002293.6267979,11690027.725,64630430.5,584
0.1,0.8,DS Juv = 0.9,MNE,118606.428571429,31549,211013.5,21
0.1,0.8,DS Juv = 0.9,SAT,37872253.1310237,10932774.625,69836998.175,381
0.1,0.8,DS Juv = 0.9,SNE,457389.625,115849.025,991184.35,40
0.1,0.8,DS Juv = 1,CAN-NNE,37252421.1466993,12986881.075,71252400.825,390
0.1,0.8,DS Juv = 1,MAT,35762426.288882,11833728.1,66879830.35,606
0.1,0.8,DS Juv = 1,MNE,108482.444444444,42829.9,227619.45,18
0.1,0.8,DS Juv = 1,SAT,35309271.0323417,11776685.6,70464557.15,484
0.1,0.8,DS Juv = 1,SNE,361799.407407407,128399.45,783297.4,27
0.1,0.9,DS Juv = 0,CAN-NNE,36988997.4549726,12132984.5,69552210.425,411
0.1,0.9,DS Juv = 0,MAT,36621139.6748672,11986631.35,67330503.175,596
0.1,0.9,DS Juv = 0,MNE,104817.653846154,28542.5,179497,26
0.1,0.9,DS Juv = 0,SAT,38646475.1256932,12003906.425,69280184.125,420
0.1,0.9,DS Juv = 0,SNE,312665.962962963,50897.15,583412.8,27
0.1,0.9,DS Juv = 0.1,CAN-NNE,38263399.3258504,13914676.85,72793940.95,415
0.1,0.9,DS Juv = 0.1,MAT,33829662.014363,11568543.05,65722140,630
0.1,0.9,DS Juv = 0.1,MNE,127137.272727273,26334.95,222567.05,22
0.1,0.9,DS Juv = 0.1,SAT,36210437.8184792,11178291.025,68906876.325,405
0.1,0.9,DS Juv = 0.1,SNE,437097.181818182,142304.725,786072.325,22
0.1,0.9,DS Juv = 0.2,CAN-NNE,39520600.6613156,12886071.475,75940931.375,404
0.1,0.9,DS Juv = 0.2,MAT,36321863.9847697,12742107.925,65761141.35,594
0.1,0.9,DS Juv = 0.2,MNE,99787.8333333333,29645.5,209516.125,36
0.1,0.9,DS Juv = 0.2,SAT,38283178.3524343,11894310.075,71367688.55,404
0.1,0.9,DS Juv = 0.2,SNE,368263.958333333,90899.2,781972.35,24
0.1,0.9,DS Juv = 0.3,CAN-NNE,39899272.6929151,13335359.45,70709378.575,407
0.1,0.9,DS Juv = 0.3,MAT,36370649.2202506,12252254.525,67746403.9,623
0.1,0.9,DS Juv = 0.3,MNE,110789.571428571,24238.7,183118.85,35
0.1,0.9,DS Juv = 0.3,SAT,34592005.9898858,12259800.65,67080077.925,450
0.1,0.9,DS Juv = 0.3,SNE,396228.088235294,110077.825,918460.675,34
0.1,0.9,DS Juv = 0.4,CAN-NNE,39548440.9450081,13933086.075,71453779,389
0.1,0.9,DS Juv = 0.4,MAT,36451561.911421,11367123.975,69313780.95,573
0.1,0.9,DS Juv = 0.4,MNE,129248.125,27805.75,206524.175,32
0.1,0.9,DS Juv = 0.4,SAT,35652118.9579055,11898444,74913634.25,411
0.1,0.9,DS Juv = 0.4,SNE,449487.272727273,122754.4,757217.9,22
0.1,0.9,DS Juv = 0.5,CAN-NNE,38037082.1638009,12521942.425,72042624.275,386
0.1,0.9,DS Juv = 0.5,MAT,36308497.0241703,11051487.8,69739736.025,597
0.1,0.9,DS Juv = 0.5,MNE,116752.973684211,29688.5,217454.925,38
0.1,0.9,DS Juv = 0.5,SAT,32144645.2008441,11913458,64459890.95,421
0.1,0.9,DS Juv = 0.5,SNE,376199.028571429,109045.2,817179.4,35
0.1,0.9,DS Juv = 0.6,CAN-NNE,37673009.0176418,14043268.35,69208560.65,387
0.1,0.9,DS Juv = 0.6,MAT,35497276.7601396,11726963.25,68576691.175,607
0.1,0.9,DS Juv = 0.6,MNE,115591.111111111,39598.6,201999.15,27
0.1,0.9,DS Juv = 0.6,SAT,37079060.1022967,12326822.65,74121038.825,423
0.1,0.9,DS Juv = 0.6,SNE,355560.4,130340.8,607946.2,25
0.1,0.9,DS Juv = 0.7,CAN-NNE,39986638.3570372,13329971.575,73301198.2,409
0.1,0.9,DS Juv = 0.7,MAT,35445731.4802535,12246547.25,65583135.675,592
0.1,0.9,DS Juv = 0.7,MNE,103018.142857143,26810.75,219915.825,28
0.1,0.9,DS Juv = 0.7,SAT,36834021.8309828,12646114.35,70430385.575,447
0.1,0.9,DS Juv = 0.7,SNE,412896.071428571,96980.85,759113.375,28
0.1,0.9,DS Juv = 0.8,CAN-NNE,35975147.2858327,13184047.175,73960962.175,377
0.1,0.9,DS Juv = 0.8,MAT,36134708.6374977,11887602.05,67164888.55,643
0.1,0.9,DS Juv = 0.8,MNE,112351.153846154,34894.375,235592.125,26
0.1,0.9,DS Juv = 0.8,SAT,38144227.324668,11740070.125,73044141.375,441
0.1,0.9,DS Juv = 0.8,SNE,394615.178571429,120305.45,772150.55,28
0.1,0.9,DS Juv = 0.9,CAN-NNE,36559676.1992747,13838605,72782420.2,369
0.1,0.9,DS Juv = 0.9,MAT,35924059.9068257,12531659.375,68180835.825,610
0.1,0.9,DS Juv = 0.9,MNE,119692.516129032,43960.5,249463,31
0.1,0.9,DS Juv = 0.9,SAT,35587899.4553148,11846379.225,69499075.85,412
0.1,0.9,DS Juv = 0.9,SNE,363074.4,98453.475,866773.175,30
0.1,0.9,DS Juv = 1,CAN-NNE,40721432.8000929,13078123.425,73805028.5,427
0.1,0.9,DS Juv = 1,MAT,36122317.9147523,11597811.15,68399040.6,609
0.1,0.9,DS Juv = 1,MNE,138243.340909091,43371.575,237429.225,44
0.1,0.9,DS Juv = 1,SAT,36653959.0593168,12411257.325,72226868.875,476
0.1,0.9,DS Juv = 1,SNE,463063.545454545,62708.4,886084,33
0.1,1,DS Juv = 0,CAN-NNE,38058975.7121333,13067841.175,71116015.35,367
0.1,1,DS Juv = 0,MAT,35192048.519339,11849594.475,66964745.75,610
0.1,1,DS Juv = 0,MNE,102352.071428571,34480.45,184640.35,28
0.1,1,DS Juv = 0,SAT,35331460.0941632,10373531.425,66868197.975,419
0.1,1,DS Juv = 0,SNE,474401.586206897,105143.5,891234.3,29
0.1,1,DS Juv = 0.1,CAN-NNE,36109031.5815004,12163767.175,71955680.225,391
0.1,1,DS Juv = 0.1,MAT,35161646.1078975,11839515.05,65210675.1,596
0.1,1,DS Juv = 0.1,MNE,93495.3823529412,27879.5,192535.5,34
0.1,1,DS Juv = 0.1,SAT,33566950.6680881,12018498.325,67685937.575,412
0.1,1,DS Juv = 0.1,SNE,437845.419354839,94314.5,883843.75,31
0.1,1,DS Juv = 0.2,CAN-NNE,40492265.4224685,12231666.25,77856747.85,388
0.1,1,DS Juv = 0.2,MAT,37238310.998032,12040888.075,66456133.75,596
0.1,1,DS Juv = 0.2,MNE,105951.129032258,30332.25,172486.5,31
0.1,1,DS Juv = 0.2,SAT,35495859.1669043,10365131.275,66437732.85,433
0.1,1,DS Juv = 0.2,SNE,429575.419354839,116879.75,808839.5,31
0.1,1,DS Juv = 0.3,CAN-NNE,39340503.1609893,13569131.95,69607466.325,397
0.1,1,DS Juv = 0.3,MAT,35110315.289389,11741811.95,66379379.95,600
0.1,1,DS Juv = 0.3,MNE,90972.40625,29800.925,186562.125,32
0.1,1,DS Juv = 0.3,SAT,36551295.1363455,11509039.7,66906073.35,470
0.1,1,DS Juv = 0.3,SNE,409536.72,127594.8,884796.8,25
0.1,1,DS Juv = 0.4,CAN-NNE,39646469.2281828,14893165.525,70545820.35,362
0.1,1,DS Juv = 0.4,MAT,35854023.4520532,12660405.35,66794363.85,614
0.1,1,DS Juv = 0.4,MNE,95029.4285714286,30403.875,203741.45,28
0.1,1,DS Juv = 0.4,SAT,36271332.2473339,11429463.925,69327545.425,462
0.1,1,DS Juv = 0.4,SNE,401835,113183.8,734428.8,33
0.1,1,DS Juv = 0.5,CAN-NNE,37412452.2115556,12778751.25,71810087.925,369
0.1,1,DS Juv = 0.5,MAT,36661276.0626538,12295668.925,67377828.025,597
0.1,1,DS Juv = 0.5,MNE,125899.236842105,32169.975,257829.3,38
0.1,1,DS Juv = 0.5,SAT,35834996.4235741,11401897.15,68533353.25,403
0.1,1,DS Juv = 0.5,SNE,429689.142857143,117575.35,817598.95,35
0.1,1,DS Juv = 0.6,CAN-NNE,35790958.3286377,12485495.9,66312681.4,412
0.1,1,DS Juv = 0.6,MAT,35242083.5499611,11631035.825,68474575.575,620
0.1,1,DS Juv = 0.6,MNE,130425.458333333,50594.05,253738.35,24
0.1,1,DS Juv = 0.6,SAT,34710378.9628958,10414944.1,68132623.825,460
0.1,1,DS Juv = 0.6,SNE,466108.555555556,146259,1146130.375,36
0.1,1,DS Juv = 0.7,CAN-NNE,37861780.5612016,14027439.7,70976273.95,386
0.1,1,DS Juv = 0.7,MAT,37314531.4524734,12121720.325,68470978.025,611
0.1,1,DS Juv = 0.7,MNE,97639.4333333333,32986.6,190813.45,30
0.1,1,DS Juv = 0.7,SAT,37136523.4001966,12416285.775,70590033,412
0.1,1,DS Juv = 0.7,SNE,426565.625,119721.6,835427.025,32
0.1,1,DS Juv = 0.8,CAN-NNE,38728765.991801,13697457.725,71037912.55,404
0.1,1,DS Juv = 0.8,MAT,37514905.7323802,12142589.275,69189676.8,586
0.1,1,DS Juv = 0.8,MNE,135938.727272727,30001.375,229892.025,22
0.1,1,DS Juv = 0.8,SAT,36238467.4126039,11838161.675,67520440.8,439
0.1,1,DS Juv = 0.8,SNE,468637.565217391,118148.6,1003056.05,23
0.1,1,DS Juv = 0.9,CAN-NNE,40248819.8086302,14325404.525,73178222.525,374
0.1,1,DS Juv = 0.9,MAT,37121115.569082,12656710.375,72883234.85,607
0.1,1,DS Juv = 0.9,MNE,116619.4375,38959.125,286978.625,32
0.1,1,DS Juv = 0.9,SAT,39085573.2684795,11813237.3,70687317.825,441
0.1,1,DS Juv = 0.9,SNE,495154.866666667,124402.6,858154.45,30
0.1,1,DS Juv = 1,CAN-NNE,37852201.9037966,12956489.55,67139667.2,352
0.1,1,DS Juv = 1,MAT,37140359.5816503,12383106.75,69885658,602
0.1,1,DS Juv = 1,MNE,114791.5,41032.5,217901.75,26
0.1,1,DS Juv = 1,SAT,38378210.5851673,11613112,71140494.85,406
0.1,1,DS Juv = 1,SNE,436504.153846154,106692.75,833525.125,26
0.2,0,DS Juv = 0,CAN-NNE,38867208.918845,12475130.15,68444739.375,392
0.2,0,DS Juv = 0,MAT,34572983.1290861,9942395.875,64561814.175,617
0.2,0,DS Juv = 0,MNE,62911.84,9142.2,115515.8,25
0.2,0,DS Juv = 0,SAT,34700995.2845094,10411172.15,66449064.075,411
0.2,0,DS Juv = 0,SNE,419116.85,106532.425,777545.1,40
0.2,0,DS Juv = 0.1,CAN-NNE,38437193.3721367,11839611.025,66658936.85,402
0.2,0,DS Juv = 0.1,MAT,32709899.2903499,10153195,61585316.1,583
0.2,0,DS Juv = 0.1,MNE,56164.8636363636,7968.65,140718.65,22
0.2,0,DS Juv = 0.1,SAT,34133396.2730419,11470171.25,64484991.575,445
0.2,0,DS Juv = 0.1,SNE,303540.71875,77741.875,673062.975,32
0.2,0,DS Juv = 0.2,CAN-NNE,38224951.5420629,13552020.375,71511910.125,426
0.2,0,DS Juv = 0.2,MAT,31624539.6749009,10921374.875,59934355.625,601
0.2,0,DS Juv = 0.2,MNE,57885.1379310345,8860.2,142882.8,29
0.2,0,DS Juv = 0.2,SAT,34104282.8092327,11323565.2,63087870.05,449
0.2,0,DS Juv = 0.2,SNE,342889.838709677,101041,653015.25,31
0.2,0,DS Juv = 0.3,CAN-NNE,37035974.2143713,12418308.675,70304568.775,419
0.2,0,DS Juv = 0.3,MAT,32284787.5316777,10835912.975,65691563.475,580
0.2,0,DS Juv = 0.3,MNE,65798.5121951219,11189,150608,41
0.2,0,DS Juv = 0.3,SAT,33118946.1443449,10416229.125,65513139.225,478
0.2,0,DS Juv = 0.3,SNE,356146.303030303,71473.8,902078,33
0.2,0,DS Juv = 0.4,CAN-NNE,38065491.7230865,14033129.725,70315266.2,401
0.2,0,DS Juv = 0.4,MAT,34630119.1671163,12403585.725,64109961.125,612
0.2,0,DS Juv = 0.4,MNE,74946.71875,19425.375,162656.25,32
0.2,0,DS Juv = 0.4,SAT,34274859.2518303,11148711.825,67135502.6,426
0.2,0,DS Juv = 0.4,SNE,324029.757575758,70177.2,721275,33
0.2,0,DS Juv = 0.5,CAN-NNE,39365329.3353558,14225985.7,70236220.65,373
0.2,0,DS Juv = 0.5,MAT,33578976.6006925,11625328.825,62797670.5,632
0.2,0,DS Juv = 0.5,MNE,84735.8974358974,14806.2,172169.05,39
0.2,0,DS Juv = 0.5,SAT,35418798.3851767,12838895.45,67623410.975,447
0.2,0,DS Juv = 0.5,SNE,327967.5,75765.725,776509.45,34
0.2,0,DS Juv = 0.6,CAN-NNE,38630549.1483017,13794561.475,69753754.975,416
0.2,0,DS Juv = 0.6,MAT,32743206.6785244,10757758.45,64082239.725,585
0.2,0,DS Juv = 0.6,MNE,84920.8620689655,15352.8,152566.9,29
0.2,0,DS Juv = 0.6,SAT,33979297.5086119,10945530.9,66898322.4,432
0.2,0,DS Juv = 0.6,SNE,416882.423076923,97858.875,926251.25,26
0.2,0,DS Juv = 0.7,CAN-NNE,40471767.7743543,12429094,70433108.4,364
0.2,0,DS Juv = 0.7,MAT,34706261.40451,11283300.725,64374582.8,575
0.2,0,DS Juv = 0.7,MNE,101236.583333333,33883.5,167091.6,24
0.2,0,DS Juv = 0.7,SAT,35362990.4318032,10908062.35,71949397.275,436
0.2,0,DS Juv = 0.7,SNE,368731.931034483,67919.3,838652.1,29
0.2,0,DS Juv = 0.8,CAN-NNE,40440577.7234595,12787749.15,75612164.675,421
0.2,0,DS Juv = 0.8,MAT,33902916.712832,11319951.75,65996544.65,636
0.2,0,DS Juv = 0.8,MNE,108952.857142857,21625.125,181070.2,28
0.2,0,DS Juv = 0.8,SAT,34850940.4438082,12714365.5,64311850.375,436
0.2,0,DS Juv = 0.8,SNE,406151.2,98632.35,834442.475,30
0.2,0,DS Juv = 0.9,CAN-NNE,37203432.2738647,12413124.675,69702204,402
0.2,0,DS Juv = 0.9,MAT,35588178.8665885,11223822.5,66046535.025,590
0.2,0,DS Juv = 0.9,MNE,107665.588235294,30685.075,205346.225,34
0.2,0,DS Juv = 0.9,SAT,36171966.5132688,11645554.875,69249856.85,448
0.2,0,DS Juv = 0.9,SNE,460037.962962963,121337.4,1060927.1,27
0.2,0,DS Juv = 1,CAN-NNE,37608218.2545121,13269616.975,65518457.35,427
0.2,0,DS Juv = 1,MAT,35212630.2927393,11532248.7,67734015.85,663
0.2,0,DS Juv = 1,MNE,86166,34980.875,154836.125,16
0.2,0,DS Juv = 1,SAT,33387958.7667734,11058900.8,65678919.7,442
0.2,0,DS Juv = 1,SNE,362877.433333333,106804.325,653694.35,30
0.2,0.1,DS Juv = 0,CAN-NNE,38045921.5295672,13880284.575,72205357.025,400
0.2,0.1,DS Juv = 0,MAT,34629218.3438531,11093037.35,59961745.425,589
0.2,0.1,DS Juv = 0,MNE,62928.0526315789,17184.05,113279.85,19
0.2,0.1,DS Juv = 0,SAT,32600928.5843125,10719723.25,64989993.3,401
0.2,0.1,DS Juv = 0,SNE,361861.064516129,93632.5,738210.75,31
0.2,0.1,DS Juv = 0.1,CAN-NNE,36868677.0229917,13362095.05,71007273.725,428
0.2,0.1,DS Juv = 0.1,MAT,32726448.6122375,9901370.925,63901419.625,601
0.2,0.1,DS Juv = 0.1,MNE,56603.9666666667,8517,118993.95,30
0.2,0.1,DS Juv = 0.1,SAT,31971462.7791209,11079252.05,63278990.425,403
0.2,0.1,DS Juv = 0.1,SNE,347119.095238095,55425.1,717452.825,42
0.2,0.1,DS Juv = 0.2,CAN-NNE,35574886.2701361,13838631.7,68289456.75,377
0.2,0.1,DS Juv = 0.2,MAT,33687675.069358,11698227.825,61058031.7,608
0.2,0.1,DS Juv = 0.2,MNE,55065.8333333333,12178.25,123468.5,36
0.2,0.1,DS Juv = 0.2,SAT,35588306.5036564,10904658.175,68539638.175,426
0.2,0.1,DS Juv = 0.2,SNE,414168.236842105,87202.75,850443.175,38
0.2,0.1,DS Juv = 0.3,CAN-NNE,38702927.1511683,13172576.875,69553318.9,419
0.2,0.1,DS Juv = 0.3,MAT,33180042.3834532,10918152.075,63932698.8,623
0.2,0.1,DS Juv = 0.3,MNE,70142.0714285714,11208.225,136285.725,28
0.2,0.1,DS Juv = 0.3,SAT,34001844.380424,11082940.525,66305625.1,447
0.2,0.1,DS Juv = 0.3,SNE,426113.608695652,83486.6,805141.65,23
0.2,0.1,DS Juv = 0.4,CAN-NNE,39619415.8095453,11978395.575,69504324.2,398
0.2,0.1,DS Juv = 0.4,MAT,32992443.853857,11060703.075,61690765.5,624
0.2,0.1,DS Juv = 0.4,MNE,67095.32,15851,132642.6,25
0.2,0.1,DS Juv = 0.4,SAT,33798177.2178624,11041495.825,66799132.1,440
0.2,0.1,DS Juv = 0.4,SNE,391109.222222222,119693.45,777116.65,27
0.2,0.1,DS Juv = 0.5,CAN-NNE,42181095.8915523,14205935.025,76750106.425,458
0.2,0.1,DS Juv = 0.5,MAT,33518377.2616792,10958804.5,64914456.45,645
0.2,0.1,DS Juv = 0.5,MNE,93447.8666666667,23687.925,162422.7,30
0.2,0.1,DS Juv = 0.5,SAT,35914560.2399081,11006371.4,70135012.825,412
0.2,0.1,DS Juv = 0.5,SNE,321922.95,91148.175,650145.525,20
0.2,0.1,DS Juv = 0.6,CAN-NNE,37931553.8781199,13110754.025,71109622.65,402
0.2,0.1,DS Juv = 0.6,MAT,34469042.163168,11843360.025,65660141.85,597
0.2,0.1,DS Juv = 0.6,MNE,71232.8333333333,22396.275,191416.65,30
0.2,0.1,DS Juv = 0.6,SAT,34620197.7815735,11514024.575,67314042.15,418
0.2,0.1,DS Juv = 0.6,SNE,376674.853658537,105187,762755,41
0.2,0.1,DS Juv = 0.7,CAN-NNE,39173014.0847622,13496124,69284021.975,404
0.2,0.1,DS Juv = 0.7,MAT,35272906.545972,11202824.425,64848171.25,561
0.2,0.1,DS Juv = 0.7,MNE,95660.0689655172,22888.7,194766,29
0.2,0.1,DS Juv = 0.7,SAT,35788113.3798532,11147704.6,65320030.875,434
0.2,0.1,DS Juv = 0.7,SNE,450840.125,95151.6,901668.275,24
0.2,0.1,DS Juv = 0.8,CAN-NNE,38997961.7909898,12681848.875,72767389.725,390
0.2,0.1,DS Juv = 0.8,MAT,35719275.247716,11929151.225,68368975.95,671
0.2,0.1,DS Juv = 0.8,MNE,106911.8,29483.925,203040.275,30
0.2,0.1,DS Juv = 0.8,SAT,35338071.9713747,11446095.775,66120819.2,395
0.2,0.1,DS Juv = 0.8,SNE,459420.454545455,87930.6,861352,33
0.2,0.1,DS Juv = 0.9,CAN-NNE,39878788.298307,12993140.95,73154821,388
0.2,0.1,DS Juv = 0.9,MAT,35795838.6927151,12219453.9,63478248.025,574
0.2,0.1,DS Juv = 0.9,MNE,101605.676470588,24719.35,190395.2,34
0.2,0.1,DS Juv = 0.9,SAT,35885450.1523894,12557437.25,66955260.65,457
0.2,0.1,DS Juv = 0.9,SNE,416375.625,116873.225,842810.55,24
0.2,0.1,DS Juv = 1,CAN-NNE,38197756.8490835,13758015.075,74137456.95,419
0.2,0.1,DS Juv = 1,MAT,35250484.5387508,11583147.4,65019641.825,639
0.2,0.1,DS Juv = 1,MNE,128518.275862069,37631.9,233522.9,29
0.2,0.1,DS Juv = 1,SAT,35713573.1191891,11226142.35,67323380.75,410
0.2,0.1,DS Juv = 1,SNE,414423.777777778,76756.125,856001.75,36
0.2,0.2,DS Juv = 0,CAN-NNE,38494569.5458711,13401007.075,68451448.675,422
0.2,0.2,DS Juv = 0,MAT,32160599.9260332,11767096.975,60491846.15,586
0.2,0.2,DS Juv = 0,MNE,62662.90625,11402.55,133689.35,32
0.2,0.2,DS Juv = 0,SAT,34633032.6267408,9619850.35,62551317.925,431
0.2,0.2,DS Juv = 0,SNE,342211,50025.95,768744.4,23
0.2,0.2,DS Juv = 0.1,CAN-NNE,38516703.3088494,12508156.85,67050292.625,405
0.2,0.2,DS Juv = 0.1,MAT,32233934.6742079,11133815.1,62985194.05,614
0.2,0.2,DS Juv = 0.1,MNE,78820.8965517241,14371.3,135609.9,29
0.2,0.2,DS Juv = 0.1,SAT,34562688.7303078,10107085.85,66276672.7,466
0.2,0.2,DS Juv = 0.1,SNE,468775.444444444,99078.6,905538.3,27
0.2,0.2,DS Juv = 0.2,CAN-NNE,37852413.566348,14040159.225,73965248.75,422
0.2,0.2,DS Juv = 0.2,MAT,33703061.2769867,11301786.65,62515008.675,628
0.2,0.2,DS Juv = 0.2,MNE,87637.6944444444,19287,154748.625,36
0.2,0.2,DS Juv = 0.2,SAT,36449976.7513345,11334717.625,68947474.475,415
0.2,0.2,DS Juv = 0.2,SNE,378115.739130435,60645.05,830035,23
0.2,0.2,DS Juv = 0.3,CAN-NNE,37448318.8263906,13480562.125,69477106.025,383
0.2,0.2,DS Juv = 0.3,MAT,34091485.3738672,11439558.875,63227501.05,622
0.2,0.2,DS Juv = 0.3,MNE,77841.3125,14696.45,152878.55,32
0.2,0.2,DS Juv = 0.3,SAT,34507726.69552,11122330.325,65183701.275,454
0.2,0.2,DS Juv = 0.3,SNE,387738,109786.3,753336.8,32
0.2,0.2,DS Juv = 0.4,CAN-NNE,37325400.6065439,14149066.9,67870270.05,376
0.2,0.2,DS Juv = 0.4,MAT,34970629.6612443,11533528.075,65075420,647
0.2,0.2,DS Juv = 0.4,MNE,87526.1290322581,18711,196172.5,31
0.2,0.2,DS Juv = 0.4,SAT,34259891.7147347,11149437.55,66880881.95,440
0.2,0.2,DS Juv = 0.4,SNE,397396.139534884,116870.45,703914.15,43
0.2,0.2,DS Juv = 0.5,CAN-NNE,39663534.2226241,13553374.55,76291003.7,391
0.2,0.2,DS Juv = 0.5,MAT,33924225.1484701,10413690.875,63243669.35,623
0.2,0.2,DS Juv = 0.5,MNE,81002.5,19969.725,196077.725,34
0.2,0.2,DS Juv = 0.5,SAT,34076682.1152253,10949539.325,66146934.775,423
0.2,0.2,DS Juv = 0.5,SNE,376959.176470588,57971.35,770759.2,34
0.2,0.2,DS Juv = 0.6,CAN-NNE,38577590.2112722,11728560.3,72060887.1,438
0.2,0.2,DS Juv = 0.6,MAT,34814728.138365,10971810.475,66020651.175,605
0.2,0.2,DS Juv = 0.6,MNE,97150.4285714286,27952,171097,21
0.2,0.2,DS Juv = 0.6,SAT,38513211.2719507,11207802.625,72973708.7,432
0.2,0.2,DS Juv = 0.6,SNE,412071.405405405,98072.5,770473.4,37
0.2,0.2,DS Juv = 0.7,CAN-NNE,38258733.8900054,13325222.95,71497127.65,382
0.2,0.2,DS Juv = 0.7,MAT,34850940.8618597,10943143.2,63866544.15,611
0.2,0.2,DS Juv = 0.7,MNE,87482.3125,27390.775,219839.7,32
0.2,0.2,DS Juv = 0.7,SAT,34940539.4072301,10503175.575,68648119.95,424
0.2,0.2,DS Juv = 0.7,SNE,405823.090909091,40277.8,829510.6,33
0.2,0.2,DS Juv = 0.8,CAN-NNE,40354566.3396202,14836943.05,71680930.225,373
0.2,0.2,DS Juv = 0.8,MAT,33359688.4057728,11455503.875,62949538.975,654
0.2,0.2,DS Juv = 0.8,MNE,80463.53125,29289.95,202644.85,32
0.2,0.2,DS Juv = 0.8,SAT,35246083.1095785,11551993.75,69165000.75,393
0.2,0.2,DS Juv = 0.8,SNE,439057.363636364,134406.4,784520.2,33
0.2,0.2,DS Juv = 0.9,CAN-NNE,38636213.9718434,14417380.325,72592589,386
0.2,0.2,DS Juv = 0.9,MAT,32080863.9634489,11184451.675,62916129.45,638
0.2,0.2,DS Juv = 0.9,MNE,121651.054054054,42096.8,264081.1,37
0.2,0.2,DS Juv = 0.9,SAT,37497706.8906589,11969718.9,70708105.325,428
0.2,0.2,DS Juv = 0.9,SNE,507797.594594595,130034.6,1064566.8,37
0.2,0.2,DS Juv = 1,CAN-NNE,36134739.6879984,12522091.475,69819956.45,391
0.2,0.2,DS Juv = 1,MAT,34339801.7462467,11457971.975,67071600.45,672
0.2,0.2,DS Juv = 1,MNE,121130.35,35860.175,235383.75,40
0.2,0.2,DS Juv = 1,SAT,37680392.310045,12943484.075,68578902.55,416
0.2,0.2,DS Juv = 1,SNE,401737.555555556,104698.65,817430.8,27
0.2,0.3,DS Juv = 0,CAN-NNE,40982232.6065815,13676142.075,71134018.025,402
0.2,0.3,DS Juv = 0,MAT,35285486.3636396,11224327.85,65559560.45,615
0.2,0.3,DS Juv = 0,MNE,64423.0625,13186.575,147703.725,32
0.2,0.3,DS Juv = 0,SAT,36149380.4018685,11136090.925,67038685.85,422
0.2,0.3,DS Juv = 0,SNE,425933.485714286,89050.6,844735.05,35
0.2,0.3,DS Juv = 0.1,CAN-NNE,36910886.4861828,13491764.225,75674890.9,425
0.2,0.3,DS Juv = 0.1,MAT,31859288.671248,11314590.875,59835711.7,586
0.2,0.3,DS Juv = 0.1,MNE,57247.7941176471,12276.725,154584.15,34
0.2,0.3,DS Juv = 0.1,SAT,32759952.7377499,9743390.65,64506556.325,446
0.2,0.3,DS Juv = 0.1,SNE,348323.928571429,78975.825,711990.5,28
0.2,0.3,DS Juv = 0.2,CAN-NNE,36858707.9826824,13001472.675,68398247.825,408
0.2,0.3,DS Juv = 0.2,MAT,32963986.5591413,10535305.275,63945354.35,588
0.2,0.3,DS Juv = 0.2,MNE,69717.2413793103,19932.1,141988.9,29
0.2,0.3,DS Juv = 0.2,SAT,32543959.7904618,9922597.25,63818285.775,463
0.2,0.3,DS Juv = 0.2,SNE,407884.742857143,92685.15,765602.75,35
0.2,0.3,DS Juv = 0.3,CAN-NNE,39288108.4364774,12843330.3,69793632.05,387
0.2,0.3,DS Juv = 0.3,MAT,35331625.6686347,11055264.55,66442908.1,606
0.2,0.3,DS Juv = 0.3,MNE,81129.1142857143,19270.5,170472.05,35
0.2,0.3,DS Juv = 0.3,SAT,34365530.4229214,10902503.775,67512037.65,461
0.2,0.3,DS Juv = 0.3,SNE,363702.424242424,91907.8,731848,33
0.2,0.3,DS Juv = 0.4,CAN-NNE,37457755.2918985,12429877.75,69264804.025,359
0.2,0.3,DS Juv = 0.4,MAT,33600946.3698331,11109618.85,62105925.1,607
0.2,0.3,DS Juv = 0.4,MNE,82730.8888888889,17315.9,154506.9,27
0.2,0.3,DS Juv = 0.4,SAT,33736782.6746395,10750142.875,64399516.45,418
0.2,0.3,DS Juv = 0.4,SNE,467656.444444444,147486.25,888840,36
0.2,0.3,DS Juv = 0.5,CAN-NNE,37966680.6732318,13238315.7,73864584.3,430
0.2,0.3,DS Juv = 0.5,MAT,33231714.0662842,11409942.175,60444564.8,610
0.2,0.3,DS Juv = 0.5,MNE,88869.4242424242,21530,174639,33
0.2,0.3,DS Juv = 0.5,SAT,36064503.1138393,11721087,67522920.275,423
0.2,0.3,DS Juv = 0.5,SNE,363031.727272727,74579.6,776312,33
0.2,0.3,DS Juv = 0.6,CAN-NNE,38420560.519648,13453996.625,68181604.875,404
0.2,0.3,DS Juv = 0.6,MAT,35890871.614149,11774818.075,65810493.575,618
0.2,0.3,DS Juv = 0.6,MNE,92800.2,22190.6,177747.2,25
0.2,0.3,DS Juv = 0.6,SAT,33460454.4633534,10889436.7,67804245.15,431
0.2,0.3,DS Juv = 0.6,SNE,425340.212121212,121487.4,859779.600000001,33
0.2,0.3,DS Juv = 0.7,CAN-NNE,38578415.2627946,13329222.9,68211934.9,407
0.2,0.3,DS Juv = 0.7,MAT,35263803.6797254,11701120.975,63881752.65,605
0.2,0.3,DS Juv = 0.7,MNE,110020.210526316,26327.9,238742.4,38
0.2,0.3,DS Juv = 0.7,SAT,33959001.2543938,11100980.275,62399370.975,428
0.2,0.3,DS Juv = 0.7,SNE,264834.307692308,107801.125,723937.25,26
0.2,0.3,DS Juv = 0.8,CAN-NNE,39465920.8362021,13296862.775,76377776.425,390
0.2,0.3,DS Juv = 0.8,MAT,33844476.7622857,11795834.6,66453729.9,657
0.2,0.3,DS Juv = 0.8,MNE,118953.448275862,37680.5,248568,29
0.2,0.3,DS Juv = 0.8,SAT,36162721.9394882,11460081.1,70253985.3,442
0.2,0.3,DS Juv = 0.8,SNE,388026.066666667,143873.4,1003568.95,30
0.2,0.3,DS Juv = 0.9,CAN-NNE,37196026.6966535,11917632.9,70570517.225,376
0.2,0.3,DS Juv = 0.9,MAT,35848866.999386,11617907.775,66171607.125,596
0.2,0.3,DS Juv = 0.9,MNE,97619.9259259259,26176.25,214722.3,27
0.2,0.3,DS Juv = 0.9,SAT,33709362.5301091,11137815.6,66625426.35,439
0.2,0.3,DS Juv = 0.9,SNE,457903.357142857,83978.775,1007150.525,28
0.2,0.3,DS Juv = 1,CAN-NNE,39606210.4815446,13394817.775,71872170.35,401
0.2,0.3,DS Juv = 1,MAT,35132164.0978002,11796475.925,64933799.375,660
0.2,0.3,DS Juv = 1,MNE,121414.21875,30820.8,304784.55,32
0.2,0.3,DS Juv = 1,SAT,37951267.9315691,12543578.8,72270104.75,411
0.2,0.3,DS Juv = 1,SNE,400631.363636364,66445.4,831106.4,33
0.2,0.4,DS Juv = 0,CAN-NNE,37394336.1507521,13380286.825,71843214.275,411
0.2,0.4,DS Juv = 0,MAT,34047637.0095123,11040164.025,61768271.45,617
0.2,0.4,DS Juv = 0,MNE,82088.3428571429,15340.95,148123.95,35
0.2,0.4,DS Juv = 0,SAT,33287155.2702723,10915930.625,68999887.525,418
0.2,0.4,DS Juv = 0,SNE,381211.75,75544.875,780455,36
0.2,0.4,DS Juv = 0.1,CAN-NNE,36552965.9130411,11536101.15,71774675.375,395
0.2,0.4,DS Juv = 0.1,MAT,34224506.5085438,11307794.6,63730393.275,597
0.2,0.4,DS Juv = 0.1,MNE,71297.84,23081.6,163446.8,25
0.2,0.4,DS Juv = 0.1,SAT,33912710.9592504,10551935.375,65854282.45,424
0.2,0.4,DS Juv = 0.1,SNE,326626.542857143,64021.25,664385.1,35
0.2,0.4,DS Juv = 0.2,CAN-NNE,37721182.6403816,12626823.075,68786570.825,378
0.2,0.4,DS Juv = 0.2,MAT,33493084.1472501,11532505.875,62235320.95,615
0.2,0.4,DS Juv = 0.2,MNE,78059.4242424242,16965.8,183912.8,33
0.2,0.4,DS Juv = 0.2,SAT,35053994.2484521,11459183.7,68148289.15,452
0.2,0.4,DS Juv = 0.2,SNE,368068.642857143,64295.6,740731.225,28
0.2,0.4,DS Juv = 0.3,CAN-NNE,39088993.2221727,14314951.5,73812532.55,428
0.2,0.4,DS Juv = 0.3,MAT,34639738.1126111,11469765.55,64112603.175,621
0.2,0.4,DS Juv = 0.3,MNE,76670.8918918919,19590.9,156823.6,37
0.2,0.4,DS Juv = 0.3,SAT,34610462.1618401,11351606.05,63769399.475,398
0.2,0.4,DS Juv = 0.3,SNE,423229.296296296,102534,884965.15,27
0.2,0.4,DS Juv = 0.4,CAN-NNE,36919182.6540604,13252662,69400834.7,373
0.2,0.4,DS Juv = 0.4,MAT,34835751.8967487,10567535.9,64375418.725,586
0.2,0.4,DS Juv = 0.4,MNE,86787.2432432432,23377.3,179497.1,37
0.2,0.4,DS Juv = 0.4,SAT,35701139.1102278,11659331.55,68600427.75,426
0.2,0.4,DS Juv = 0.4,SNE,347151.8125,83095.825,660868.95,32
0.2,0.4,DS Juv = 0.5,CAN-NNE,40394492.1003959,14148257.85,73128097.425,432
0.2,0.4,DS Juv = 0.5,MAT,33775538.3155158,10542499.9,65609678.875,635
0.2,0.4,DS Juv = 0.5,MNE,95093.5333333333,22535.6,188328.9,30
0.2,0.4,DS Juv = 0.5,SAT,36022907.6642787,12588928.425,66033837.225,436
0.2,0.4,DS Juv = 0.5,SNE,348372.741935484,124306.75,770872.25,31
0.2,0.4,DS Juv = 0.6,CAN-NNE,37213227.2229298,13480269.2,74000617.4,404
0.2,0.4,DS Juv = 0.6,MAT,34976201.6825904,11402349.25,64448377.9,581
0.2,0.4,DS Juv = 0.6,MNE,92402.4285714286,24981.55,196314.75,28
0.2,0.4,DS Juv = 0.6,SAT,34317979.6405567,11561509.05,66668947.8,421
0.2,0.4,DS Juv = 0.6,SNE,377329.939393939,90120.4,856064.2,33
0.2,0.4,DS Juv = 0.7,CAN-NNE,35859088.703732,12787188.475,68892062.575,417
0.2,0.4,DS Juv = 0.7,MAT,35547544.1094016,10703388.375,65831371.575,609
0.2,0.4,DS Juv = 0.7,MNE,101644.756756757,30895.8,202998.5,37
0.2,0.4,DS Juv = 0.7,SAT,35686091.1273342,11529342.65,72531970.475,469
0.2,0.4,DS Juv = 0.7,SNE,459221.833333333,108963.75,823866.375,36
0.2,0.4,DS Juv = 0.8,CAN-NNE,39098020.7229074,13416558.575,71807901.875,391
0.2,0.4,DS Juv = 0.8,MAT,34627018.5663127,11609460.375,64787547.425,609
0.2,0.4,DS Juv = 0.8,MNE,129766.081081081,29156.5,237288.4,37
0.2,0.4,DS Juv = 0.8,SAT,37757900.5662849,12056984.05,70437085.7,460
0.2,0.4,DS Juv = 0.8,SNE,507371.903225806,104464,833670,31
0.2,0.4,DS Juv = 0.9,CAN-NNE,33794892.3478414,13533124.325,63098690,389
0.2,0.4,DS Juv = 0.9,MAT,37450441.7515804,12486634.65,68861228.4,641
0.2,0.4,DS Juv = 0.9,MNE,117030.379310345,31378.8,231832.9,29
0.2,0.4,DS Juv = 0.9,SAT,35216327.8605054,12053496.775,68593359.1,464
0.2,0.4,DS Juv = 0.9,SNE,455128.371428571,128574.45,802713.75,35
0.2,0.4,DS Juv = 1,CAN-NNE,39958773.1975838,12392201.175,72535799.875,411
0.2,0.4,DS Juv = 1,MAT,36716858.2282422,12507296.775,69114557.2,602
0.2,0.4,DS Juv = 1,MNE,145413.56,47211.2,269678.6,25
0.2,0.4,DS Juv = 1,SAT,38251683.151772,11526367.275,71527870.175,395
0.2,0.4,DS Juv = 1,SNE,441548.027777778,106034.375,1148708.25,36
0.2,0.5,DS Juv = 0,CAN-NNE,39768394.2802486,14087449.25,73611254.325,411
0.2,0.5,DS Juv = 0,MAT,34839474.1381407,11076717.45,64154032.975,604
0.2,0.5,DS Juv = 0,MNE,79982.3333333333,11653.575,170779.45,24
0.2,0.5,DS Juv = 0,SAT,33570291.6872915,10858066.1,67199687.525,426
0.2,0.5,DS Juv = 0,SNE,376078.56,36500.8,826840,25
0.2,0.5,DS Juv = 0.1,CAN-NNE,37225157.2708786,14097612.325,71700517.15,413
0.2,0.5,DS Juv = 0.1,MAT,34229739.1205725,11057987.4,65120611.6,629
0.2,0.5,DS Juv = 0.1,MNE,86434.935483871,20907.25,173303,31
0.2,0.5,DS Juv = 0.1,SAT,34222580.1442984,10529603.325,67109196.425,432
0.2,0.5,DS Juv = 0.1,SNE,390535.194444444,51018.625,790209,36
0.2,0.5,DS Juv = 0.2,CAN-NNE,34158973.8207366,13929223.275,64714766.575,391
0.2,0.5,DS Juv = 0.2,MAT,35488580.3062444,11860604.325,64085077.4,633
0.2,0.5,DS Juv = 0.2,MNE,89799.28125,29111.875,183835.825,32
0.2,0.5,DS Juv = 0.2,SAT,32659518.5224668,10020228.6,64165188.525,445
0.2,0.5,DS Juv = 0.2,SNE,378598.032258065,80133.5,783879,31
0.2,0.5,DS Juv = 0.3,CAN-NNE,37663029.5136306,13402005.5,69172862.8,400
0.2,0.5,DS Juv = 0.3,MAT,33695032.2060179,10904113.975,64325783.975,620
0.2,0.5,DS Juv = 0.3,MNE,84474.1851851852,20086.45,182866.45,27
0.2,0.5,DS Juv = 0.3,SAT,35783734.8046309,10550022.425,68757911.475,479
0.2,0.5,DS Juv = 0.3,SNE,348037.62962963,72920.25,839297.6,27
0.2,0.5,DS Juv = 0.4,CAN-NNE,39257176.9103765,14071296.275,72062299.7,425
0.2,0.5,DS Juv = 0.4,MAT,35765600.9786443,11820742.425,63800419.775,656
0.2,0.5,DS Juv = 0.4,MNE,88241.7027027027,21789.3,211288.6,37
0.2,0.5,DS Juv = 0.4,SAT,35293702.1071312,10982627.425,64861686.275,404
0.2,0.5,DS Juv = 0.4,SNE,379438.771428571,103140.25,832482.85,35
0.2,0.5,DS Juv = 0.5,CAN-NNE,36968072.0599005,13286959.75,66490583.1,383
0.2,0.5,DS Juv = 0.5,MAT,34997773.4896989,12153888.1,64565244.975,619
0.2,0.5,DS Juv = 0.5,MNE,106892.625,29452.2,180096.6,32
0.2,0.5,DS Juv = 0.5,SAT,36349949.7718821,11446503.2,70413525.275,443
0.2,0.5,DS Juv = 0.5,SNE,415558.333333333,70027.8,829946.15,27
0.2,0.5,DS Juv = 0.6,CAN-NNE,40475985.0664586,12800254.875,71106496,409
0.2,0.5,DS Juv = 0.6,MAT,34804298.6314337,10984131.725,66974057.5,666
0.2,0.5,DS Juv = 0.6,MNE,101427.470588235,24385.55,192445.225,34
0.2,0.5,DS Juv = 0.6,SAT,36204052.8378043,9317403.575,70878656.55,452
0.2,0.5,DS Juv = 0.6,SNE,377043.191489362,58482.9,880250.1,47
0.2,0.5,DS Juv = 0.7,CAN-NNE,39603569.3048996,13656471.425,72425532.625,419
0.2,0.5,DS Juv = 0.7,MAT,35726825.2392828,12265183.625,66492282.45,594
0.2,0.5,DS Juv = 0.7,MNE,104372.357142857,27376.925,214770.55,28
0.2,0.5,DS Juv = 0.7,SAT,34759258.6443233,10726945.15,71080190.925,435
0.2,0.5,DS Juv = 0.7,SNE,387205.451612903,111889,845459,31
0.2,0.5,DS Juv = 0.8,CAN-NNE,41177223.1225424,13897204.775,73871063.35,370
0.2,0.5,DS Juv = 0.8,MAT,35657715.4607015,11119056.725,66548484.725,640
0.2,0.5,DS Juv = 0.8,MNE,104707.4375,31765.925,230314.2,32
0.2,0.5,DS Juv = 0.8,SAT,35004809.210588,11017399,69253998.125,429
0.2,0.5,DS Juv = 0.8,SNE,458931.576923077,100952.25,849115.875,26
0.2,0.5,DS Juv = 0.9,CAN-NNE,39332781.1076598,12489475.8,69663772.25,425
0.2,0.5,DS Juv = 0.9,MAT,35100410.0500584,12167978.975,68016971.4,671
0.2,0.5,DS Juv = 0.9,MNE,118439.975609756,35140,220971,41
0.2,0.5,DS Juv = 0.9,SAT,34636110.1782614,11591994.2,68361734,456
0.2,0.5,DS Juv = 0.9,SNE,403480.694444444,89015.5,844707.75,36
0.2,0.5,DS Juv = 1,CAN-NNE,40360113.5192194,12667712.725,77695245.975,383
0.2,0.5,DS Juv = 1,MAT,36799944.455085,12718882.325,67790097.75,610
0.2,0.5,DS Juv = 1,MNE,107820.68,36749.2,233335,25
0.2,0.5,DS Juv = 1,SAT,36800711.4354019,11373078.4,69933427.425,401
0.2,0.5,DS Juv = 1,SNE,396094.441176471,67107.75,904208.25,34
0.2,0.6,DS Juv = 0,CAN-NNE,37743313.7751576,13453463.725,75076099.55,444
0.2,0.6,DS Juv = 0,MAT,34832597.7435805,10981740.55,63270502.7,629
0.2,0.6,DS Juv = 0,MNE,81337.0769230769,14911.25,169721.75,26
0.2,0.6,DS Juv = 0,SAT,35653479.8417848,11290792.525,66121872.325,455
0.2,0.6,DS Juv = 0,SNE,427317.04,83898.4,711311.2,25
0.2,0.6,DS Juv = 0.1,CAN-NNE,39106132.4988713,11835910.575,70574274.825,380
0.2,0.6,DS Juv = 0.1,MAT,34517370.1519254,11653506.85,65488242,650
0.2,0.6,DS Juv = 0.1,MNE,64746.037037037,8248.3,168305.7,27
0.2,0.6,DS Juv = 0.1,SAT,35573284.2187218,9951766.5,67336085.825,439
0.2,0.6,DS Juv = 0.1,SNE,363393.696969697,99315.4,799996.8,33
0.2,0.6,DS Juv = 0.2,CAN-NNE,40506144.0001603,14753776.225,70215181.575,394
0.2,0.6,DS Juv = 0.2,MAT,34376649.5491738,10405216.325,63619854.475,588
0.2,0.6,DS Juv = 0.2,MNE,79305.6666666667,25011.4,153030.8,33
0.2,0.6,DS Juv = 0.2,SAT,34494361.3463734,10918130.5,65374482.15,442
0.2,0.6,DS Juv = 0.2,SNE,378280.346153846,64007.75,873768.5,26
0.2,0.6,DS Juv = 0.3,CAN-NNE,38714881.6012998,14152313.8,71002119.3,436
0.2,0.6,DS Juv = 0.3,MAT,34900095.0175627,11624599.125,67212862.4,609
0.2,0.6,DS Juv = 0.3,MNE,74957.641025641,15109.1,159536.4,39
0.2,0.6,DS Juv = 0.3,SAT,33737118.3162358,10448866.9,63034531.475,429
0.2,0.6,DS Juv = 0.3,SNE,442953.833333333,92850.075,851950.75,30
0.2,0.6,DS Juv = 0.4,CAN-NNE,39466815.8158449,13834605.7,71483466.9,399
0.2,0.6,DS Juv = 0.4,MAT,34623427.6907116,11576743.1,64073167.35,577
0.2,0.6,DS Juv = 0.4,MNE,103171.214285714,18602.725,211081.775,28
0.2,0.6,DS Juv = 0.4,SAT,37276182.7923906,12680414.775,69856864.275,425
0.2,0.6,DS Juv = 0.4,SNE,407519.56,113513.4,789730,25
0.2,0.6,DS Juv = 0.5,CAN-NNE,36707994.8405829,12992128.475,65393269.525,398
0.2,0.6,DS Juv = 0.5,MAT,35566554.7110886,11843057,63758738.825,603
0.2,0.6,DS Juv = 0.5,MNE,106578.4,30279.95,194945.875,30
0.2,0.6,DS Juv = 0.5,SAT,35330292.914851,10167252.6,68508187.975,414
0.2,0.6,DS Juv = 0.5,SNE,321869.275,56177.95,724960.225,40
0.2,0.6,DS Juv = 0.6,CAN-NNE,38466639.6683451,14004580.225,74017803.1,405
0.2,0.6,DS Juv = 0.6,MAT,35836296.1136389,12486503.925,65935922.975,584
0.2,0.6,DS Juv = 0.6,MNE,110294.282051282,32144.6,227910.1,39
0.2,0.6,DS Juv = 0.6,SAT,35250331.7496145,11417687.85,69320932.2,427
0.2,0.6,DS Juv = 0.6,SNE,380660.45,124429.675,660029.375,20
0.2,0.6,DS Juv = 0.7,CAN-NNE,39232031.1779842,14600069.1,74163249.85,392
0.2,0.6,DS Juv = 0.7,MAT,35198681.7373392,11956783.85,66470500.4,640
0.2,0.6,DS Juv = 0.7,MNE,102955.2,32615.25,201321.55,35
0.2,0.6,DS Juv = 0.7,SAT,36043382.2177488,11565721.675,67110160.075,370
0.2,0.6,DS Juv = 0.7,SNE,412980.642857143,68137.275,1038375.425,28
0.2,0.6,DS Juv = 0.8,CAN-NNE,36134283.2498707,12452695.475,71153421.1,404
0.2,0.6,DS Juv = 0.8,MAT,33952933.6525378,12247827.725,66216552.225,566
0.2,0.6,DS Juv = 0.8,MNE,105936.931034483,35081.1,226500.7,29
0.2,0.6,DS Juv = 0.8,SAT,39417270.3166484,10951985.85,72907031.95,451
0.2,0.6,DS Juv = 0.8,SNE,442268.608695652,130853.65,951556.35,23
0.2,0.6,DS Juv = 0.9,CAN-NNE,35782138.9353054,14802695.475,64266842.675,409
0.2,0.6,DS Juv = 0.9,MAT,37004747.6266482,12656557.15,69785726.45,632
0.2,0.6,DS Juv = 0.9,MNE,141726.357142857,38603.85,271177.225,28
0.2,0.6,DS Juv = 0.9,SAT,38250214.4594818,13321020.3,70622070.675,439
0.2,0.6,DS Juv = 0.9,SNE,442374.322580645,133261,876476.25,31
0.2,0.6,DS Juv = 1,CAN-NNE,36580783.3804716,13140189.35,69405130.35,379
0.2,0.6,DS Juv = 1,MAT,36403645.205817,12588457.925,67963630.975,649
0.2,0.6,DS Juv = 1,MNE,134963.115384615,35492.5,298808.125,26
0.2,0.6,DS Juv = 1,SAT,36054559.9299381,11235467.675,71358145.375,433
0.2,0.6,DS Juv = 1,SNE,454380.09375,106052.775,998185.35,32
0.2,0.7,DS Juv = 0,CAN-NNE,40214129.6995969,13818276.875,72337678.3,389
0.2,0.7,DS Juv = 0,MAT,34951208.4764773,10700358.375,66316221.55,620
0.2,0.7,DS Juv = 0,MNE,79359.25,25101.075,151267.925,40
0.2,0.7,DS Juv = 0,SAT,33652021.062414,10847923.975,65864514.325,443
0.2,0.7,DS Juv = 0,SNE,396157.857142857,102955.55,811423.125,14
0.2,0.7,DS Juv = 0.1,CAN-NNE,39412738.933834,12624535.2,71289858.5,379
0.2,0.7,DS Juv = 0.1,MAT,33872294.4813171,10893101.325,67242813.275,582
0.2,0.7,DS Juv = 0.1,MNE,84700.8421052632,24082.2,157004.775,38
0.2,0.7,DS Juv = 0.1,SAT,35665270.2464633,11075608.3,67107595.55,381
0.2,0.7,DS Juv = 0.1,SNE,410528.615384615,92236.75,860174.625,26
0.2,0.7,DS Juv = 0.2,CAN-NNE,37824365.9071768,12629420.85,72067116.475,411
0.2,0.7,DS Juv = 0.2,MAT,34572972.9167919,10944690.375,66247001.15,632
0.2,0.7,DS Juv = 0.2,MNE,91619.0967741935,28452,156332.75,31
0.2,0.7,DS Juv = 0.2,SAT,35893174.2594285,12139198.55,64138012.55,407
0.2,0.7,DS Juv = 0.2,SNE,410576.965517241,114772.5,883484.4,29
0.2,0.7,DS Juv = 0.3,CAN-NNE,39657919.5157612,14611875.975,74019430.075,379
0.2,0.7,DS Juv = 0.3,MAT,35744299.1242889,12274496.45,66893103.225,594
0.2,0.7,DS Juv = 0.3,MNE,80990.5238095238,20599.5,166631,21
0.2,0.7,DS Juv = 0.3,SAT,35971466.0170368,11304387.675,67869643.95,438
0.2,0.7,DS Juv = 0.3,SNE,341868.806451613,78108.75,773423.5,31
0.2,0.7,DS Juv = 0.4,CAN-NNE,39178954.7352472,13172147.175,77822749.25,371
0.2,0.7,DS Juv = 0.4,MAT,34168911.6745567,11576147.575,63487968.875,626
0.2,0.7,DS Juv = 0.4,MNE,100134.71875,24407.2,206851.375,32
0.2,0.7,DS Juv = 0.4,SAT,34394534.0061413,11160245.625,67229575.775,455
0.2,0.7,DS Juv = 0.4,SNE,424886.538461538,148900.25,975424.625,26
0.2,0.7,DS Juv = 0.5,CAN-NNE,40842033.6300816,13824483.825,74006039.45,413
0.2,0.7,DS Juv = 0.5,MAT,34580152.6044289,11204608.075,66461380,613
0.2,0.7,DS Juv = 0.5,MNE,95368.9230769231,28642.375,217627.75,26
0.2,0.7,DS Juv = 0.5,SAT,39242318.5019342,11918985,71526107.7,471
0.2,0.7,DS Juv = 0.5,SNE,445633.852941176,98611.475,776703.475,34
0.2,0.7,DS Juv = 0.6,CAN-NNE,39008875.3867768,13755692.325,73682307.4,416
0.2,0.7,DS Juv = 0.6,MAT,36853286.1744492,11582970.975,69228436.7,637
0.2,0.7,DS Juv = 0.6,MNE,108718.054054054,31293.1,234982.6,37
0.2,0.7,DS Juv = 0.6,SAT,33765614.8183622,11667996.375,71104806.875,459
0.2,0.7,DS Juv = 0.6,SNE,339589.25,107686.45,685779.475,28
0.2,0.7,DS Juv = 0.7,CAN-NNE,39255343.5859268,13574913.725,73215889.875,411
0.2,0.7,DS Juv = 0.7,MAT,36136774.9590178,12141900.55,66879375.425,578
0.2,0.7,DS Juv = 0.7,MNE,125894.571428571,35749.55,238484.925,28
0.2,0.7,DS Juv = 0.7,SAT,36973756.1104229,12068923.95,70930209.2,442
0.2,0.7,DS Juv = 0.7,SNE,457035.884615385,144573.625,897613.875,26
0.2,0.7,DS Juv = 0.8,CAN-NNE,37986422.3068864,14190988.55,69419072.225,385
0.2,0.7,DS Juv = 0.8,MAT,35058608.2081817,11716104.15,69066143.85,619
0.2,0.7,DS Juv = 0.8,MNE,109150.041666667,46332.425,231537.775,24
0.2,0.7,DS Juv = 0.8,SAT,35837665.9568561,11369713.875,67803205.3,428
0.2,0.7,DS Juv = 0.8,SNE,402038.035714286,92831.45,831985.9,28
0.2,0.7,DS Juv = 0.9,CAN-NNE,36460725.6418148,12813021.95,70866741.5,384
0.2,0.7,DS Juv = 0.9,MAT,36612304.0405569,11993187.7,70553586.875,660
0.2,0.7,DS Juv = 0.9,MNE,127991.058823529,38225.6,249680.15,34
0.2,0.7,DS Juv = 0.9,SAT,35287173.4946047,11370582.1,65651155.6,431
0.2,0.7,DS Juv = 0.9,SNE,386681.153846154,74633.25,865778.25,26
0.2,0.7,DS Juv = 1,CAN-NNE,37948742.3244499,13275046.65,74965627.3,378
0.2,0.7,DS Juv = 1,MAT,36383221.332207,12907025.75,69955122.625,620
0.2,0.7,DS Juv = 1,MNE,150031.454545455,36403,292835.6,33
0.2,0.7,DS Juv = 1,SAT,37541362.7704016,11731150.6,75812040.5,398
0.2,0.7,DS Juv = 1,SNE,509282.870967742,109785,1059196,31
0.2,0.8,DS Juv = 0,CAN-NNE,36559808.2332492,12554738.375,70008918.7,457
0.2,0.8,DS Juv = 0,MAT,34458638.0999957,10796588.375,65331082.975,570
0.2,0.8,DS Juv = 0,MNE,75842.6666666667,23761.175,160041.8,30
0.2,0.8,DS Juv = 0,SAT,33934674.1171241,11033323,67629600.625,459
0.2,0.8,DS Juv = 0,SNE,383276.9375,67323.85,826152.725,32
0.2,0.8,DS Juv = 0.1,CAN-NNE,38425733.3557425,11696265.3,70853737.975,382
0.2,0.8,DS Juv = 0.1,MAT,34619145.1006898,11141945.725,62969084.075,629
0.2,0.8,DS Juv = 0.1,MNE,89035.5151515152,20702.2,191732,33
0.2,0.8,DS Juv = 0.1,SAT,35379016.6621934,10495726.625,67980908.725,433
0.2,0.8,DS Juv = 0.1,SNE,370365.388888889,83759.075,802862.85,18
0.2,0.8,DS Juv = 0.2,CAN-NNE,40759091.3943721,12589138.975,73920396.175,391
0.2,0.8,DS Juv = 0.2,MAT,35287769.1710148,11439659.875,66886050.425,612
0.2,0.8,DS Juv = 0.2,MNE,75018.88,17778,164141,25
0.2,0.8,DS Juv = 0.2,SAT,36373312.287983,10506466.025,66173436.425,427
0.2,0.8,DS Juv = 0.2,SNE,363536.615384615,65801.5,670251,26
0.2,0.8,DS Juv = 0.3,CAN-NNE,39011780.2759497,12167313.75,71156593.2,375
0.2,0.8,DS Juv = 0.3,MAT,34873700.4771267,11841758.7,67590186.8,629
0.2,0.8,DS Juv = 0.3,MNE,77828.1875,24227.55,182413.475,32
0.2,0.8,DS Juv = 0.3,SAT,35839241.3636492,11065549.825,68160418.225,467
0.2,0.8,DS Juv = 0.3,SNE,417139.685714286,100503.35,868882.5,35
0.2,0.8,DS Juv = 0.4,CAN-NNE,38446616.632215,13014353.95,70611539.35,419
0.2,0.8,DS Juv = 0.4,MAT,35612937.0996224,12030093.5,66113585.725,615
0.2,0.8,DS Juv = 0.4,MNE,97010.6666666667,29588.375,257989.825,30
0.2,0.8,DS Juv = 0.4,SAT,37251308.7232504,11970411.425,70633959.4,416
0.2,0.8,DS Juv = 0.4,SNE,437318.172413793,142352.6,893531.6,29
0.2,0.8,DS Juv = 0.5,CAN-NNE,37213923.2561797,13727167.825,66498001.425,391
0.2,0.8,DS Juv = 0.5,MAT,33834326.8336966,11670571.375,63204242.325,598
0.2,0.8,DS Juv = 0.5,MNE,122787.407407407,28287.7,224218.35,27
0.2,0.8,DS Juv = 0.5,SAT,36267379.251542,12401250.95,65722033.025,423
0.2,0.8,DS Juv = 0.5,SNE,454569.909090909,103065.6,888316.8,33
0.2,0.8,DS Juv = 0.6,CAN-NNE,41593876.9406742,15049297.125,77451142.1,393
0.2,0.8,DS Juv = 0.6,MAT,34508930.9541811,11819616.55,67760637.775,632
0.2,0.8,DS Juv = 0.6,MNE,102808.594594595,34234.9,234660.9,37
0.2,0.8,DS Juv = 0.6,SAT,36004883.2814714,11909092.775,71171879.4,401
0.2,0.8,DS Juv = 0.6,SNE,446819.0625,65811,817500.125,16
0.2,0.8,DS Juv = 0.7,CAN-NNE,41822655.3901588,14639695.05,73782600.675,406
0.2,0.8,DS Juv = 0.7,MAT,34592520.8580885,12277938.675,66572175.35,591
0.2,0.8,DS Juv = 0.7,MNE,132131.875,40341.025,258965.55,32
0.2,0.8,DS Juv = 0.7,SAT,36981501.0874795,11018945.35,71502713.925,437
0.2,0.8,DS Juv = 0.7,SNE,495434.291666667,92456.4,830749.925,24
0.2,0.8,DS Juv = 0.8,CAN-NNE,38585480.4847992,13865033.05,72876618.25,400
0.2,0.8,DS Juv = 0.8,MAT,36324003.0496113,11814245.075,68998199.425,616
0.2,0.8,DS Juv = 0.8,MNE,144655.666666667,36327,254284.8,33
0.2,0.8,DS Juv = 0.8,SAT,35562358.5996038,12532493.6,71243675.525,410
0.2,0.8,DS Juv = 0.8,SNE,475742.263157895,109237.85,917098.074999999,38
0.2,0.8,DS Juv = 0.9,CAN-NNE,38226871.2304202,13532953.275,73165363.55,424
0.2,0.8,DS Juv = 0.9,MAT,36716330.8467564,12307533.475,67396418.7,585
0.2,0.8,DS Juv = 0.9,MNE,135968.807692308,49511.625,283031.375,26
0.2,0.8,DS Juv = 0.9,SAT,36248675.2937241,11971869.4,74759712.65,427
0.2,0.8,DS Juv = 0.9,SNE,409377.84,135677.8,815202,25
0.2,0.8,DS Juv = 1,CAN-NNE,37657217.3777415,14480102.7,68243920.9,363
0.2,0.8,DS Juv = 1,MAT,36045680.7363395,13101047.325,66636639.775,600
0.2,0.8,DS Juv = 1,MNE,151138.964285714,52371.475,275549.5,28
0.2,0.8,DS Juv = 1,SAT,37194420.4834595,12861420.675,68702539.625,416
0.2,0.8,DS Juv = 1,SNE,472612.923076923,83248.1,949549.95,39
0.2,0.9,DS Juv = 0,CAN-NNE,39988772.1964289,14123842.9,73835297.125,422
0.2,0.9,DS Juv = 0,MAT,35047856.3987303,12385538.85,62669555.475,604
0.2,0.9,DS Juv = 0,MNE,95843.7391304348,28302.8,155494.7,23
0.2,0.9,DS Juv = 0,SAT,32693057.1837253,10825626.85,62844334.975,425
0.2,0.9,DS Juv = 0,SNE,381394.034482759,103823.6,849128.3,29
0.2,0.9,DS Juv = 0.1,CAN-NNE,40186174.9935658,12362908.8,71418226.5,410
0.2,0.9,DS Juv = 0.1,MAT,33840448.1496196,12059582.425,63132650.55,635
0.2,0.9,DS Juv = 0.1,MNE,90583.84375,23322.125,180790.45,32
0.2,0.9,DS Juv = 0.1,SAT,34747182.8989808,10970655.7,64791705.75,430
0.2,0.9,DS Juv = 0.1,SNE,399293.647058824,86246.4,689229,17
0.2,0.9,DS Juv = 0.2,CAN-NNE,38486680.1389068,13667223.575,68868109.725,406
0.2,0.9,DS Juv = 0.2,MAT,34534587.7223325,10980241.325,69419910.05,632
0.2,0.9,DS Juv = 0.2,MNE,108477.807692308,29478,195837.75,26
0.2,0.9,DS Juv = 0.2,SAT,37290943.8011566,11264430.7,67510434.975,402
0.2,0.9,DS Juv = 0.2,SNE,405006.625,133837.275,780589.525,32
0.2,0.9,DS Juv = 0.3,CAN-NNE,37521832.039413,13838723.775,73835301.075,388
0.2,0.9,DS Juv = 0.3,MAT,36746082.734844,12076220.375,67682791.9,645
0.2,0.9,DS Juv = 0.3,MNE,105597.392857143,25980.7,160861.65,28
0.2,0.9,DS Juv = 0.3,SAT,37577988.3623474,11859148.375,66337683.95,402
0.2,0.9,DS Juv = 0.3,SNE,405947.619047619,99328.5,789006.5,21
0.2,0.9,DS Juv = 0.4,CAN-NNE,38690634.1356546,14810656.775,72000644.925,374
0.2,0.9,DS Juv = 0.4,MAT,37457175.9130621,11513390.25,67383729.35,601
0.2,0.9,DS Juv = 0.4,MNE,114507.892857143,35200.05,209249.35,28
0.2,0.9,DS Juv = 0.4,SAT,34573244.003526,11944184.65,68796465.75,404
0.2,0.9,DS Juv = 0.4,SNE,344744.434782609,105201.5,734958.65,23
0.2,0.9,DS Juv = 0.5,CAN-NNE,39707310.7837975,14306686.225,71723815.175,416
0.2,0.9,DS Juv = 0.5,MAT,37482768.6025945,12435361.05,69616734.55,638
0.2,0.9,DS Juv = 0.5,MNE,135982.772727273,38686.65,267994.375,22
0.2,0.9,DS Juv = 0.5,SAT,34959515.3848594,10837195.75,69041288.725,424
0.2,0.9,DS Juv = 0.5,SNE,415164.451612903,116859.25,857788.5,31
0.2,0.9,DS Juv = 0.6,CAN-NNE,40476722.6562979,13869321.425,68094635.9,364
0.2,0.9,DS Juv = 0.6,MAT,37418779.1613054,12611419.45,66022507.175,581
0.2,0.9,DS Juv = 0.6,MNE,128646,49991.6,235813.2,25
0.2,0.9,DS Juv = 0.6,SAT,35249764.0078097,11240899.025,70315128.725,432
0.2,0.9,DS Juv = 0.6,SNE,449493.433333333,118302.55,969754.575,30
0.2,0.9,DS Juv = 0.7,CAN-NNE,37571263.8852961,13652938.75,73128222.9,398
0.2,0.9,DS Juv = 0.7,MAT,36833935.6542298,12250681.05,68297946.825,648
0.2,0.9,DS Juv = 0.7,MNE,135914.642857143,30331.775,268156.7,42
0.2,0.9,DS Juv = 0.7,SAT,37972421.8037264,11595538.725,73248002.875,461
0.2,0.9,DS Juv = 0.7,SNE,417451.130434783,98612.1,823785.2,23
0.2,0.9,DS Juv = 0.8,CAN-NNE,38662572.0017151,13513587.075,70846993.95,415
0.2,0.9,DS Juv = 0.8,MAT,36358101.9677249,12545968.825,68768956,608
0.2,0.9,DS Juv = 0.8,MNE,117843.307692308,35324.35,269114.8,39
0.2,0.9,DS Juv = 0.8,SAT,37265021.9509596,11488410.6,67715254.9,425
0.2,0.9,DS Juv = 0.8,SNE,384759.861111111,86716.25,936868.875,36
0.2,0.9,DS Juv = 0.9,CAN-NNE,36649731.545079,13742972.375,66283599.025,384
0.2,0.9,DS Juv = 0.9,MAT,37128674.8434979,12463931.35,68957373.175,591
0.2,0.9,DS Juv = 0.9,MNE,162536.75,35354.85,297557.225,32
0.2,0.9,DS Juv = 0.9,SAT,36799691.3093249,12093376.025,69762136,414
0.2,0.9,DS Juv = 0.9,SNE,476241.954545455,126647.675,854053.95,44
0.2,0.9,DS Juv = 1,CAN-NNE,41492361.658827,15354434.675,76284083.85,390
0.2,0.9,DS Juv = 1,MAT,37860603.3505651,12901805.95,69053000.175,595
0.2,0.9,DS Juv = 1,MNE,158671.487804878,45119,305376,41
0.2,0.9,DS Juv = 1,SAT,38387795.9104082,12426886.35,73128437.7,443
0.2,0.9,DS Juv = 1,SNE,488117.695652174,141303.1,969343.3,23
0.2,1,DS Juv = 0,CAN-NNE,40511057.7386907,13021831.15,73798046.975,433
0.2,1,DS Juv = 0,MAT,34346831.4615592,11361870.8,65665579.25,651
0.2,1,DS Juv = 0,MNE,82812.9230769231,25555.5,186274.875,26
0.2,1,DS Juv = 0,SAT,36401851.569432,11245697.85,70567281.325,422
0.2,1,DS Juv = 0,SNE,404066.558823529,105088.975,852940.95,34
0.2,1,DS Juv = 0.1,CAN-NNE,39419505.7052978,13837620.7,69126462.425,422
0.2,1,DS Juv = 0.1,MAT,34964662.0525022,12004389.8,66400273,561
0.2,1,DS Juv = 0.1,MNE,91169.25,24472.75,172465.8,28
0.2,1,DS Juv = 0.1,SAT,36111761.6611714,11676012.1,70331464.375,459
0.2,1,DS Juv = 0.1,SNE,422386.783783784,53070.6,830257.7,37
0.2,1,DS Juv = 0.2,CAN-NNE,36247094.7036989,12316819.35,73101220.225,416
0.2,1,DS Juv = 0.2,MAT,35873782.0009921,12073146.85,66514052.825,641
0.2,1,DS Juv = 0.2,MNE,107836.277777778,28531.25,194309.5,36
0.2,1,DS Juv = 0.2,SAT,37304900.0891049,11881506.65,68896036.95,485
0.2,1,DS Juv = 0.2,SNE,433911.828571429,63241.6,844419,35
0.2,1,DS Juv = 0.3,CAN-NNE,37914557.3684985,11399504.875,71135033.2,393
0.2,1,DS Juv = 0.3,MAT,36130096.6996489,11945014.85,68894279.4,625
0.2,1,DS Juv = 0.3,MNE,106643.615384615,33763.6,211698.5,39
0.2,1,DS Juv = 0.3,SAT,36658443.656841,11182534.125,69125951.15,432
0.2,1,DS Juv = 0.3,SNE,428493.736842105,97584.125,867103.4,38
0.2,1,DS Juv = 0.4,CAN-NNE,39724422.4100541,13132838.05,74420311.65,401
0.2,1,DS Juv = 0.4,MAT,35602434.5098862,11100170.675,65533055,601
0.2,1,DS Juv = 0.4,MNE,108555.344827586,35356.7,242446.9,29
0.2,1,DS Juv = 0.4,SAT,35810570.2764119,12011207.825,67727947.55,430
0.2,1,DS Juv = 0.4,SNE,481574.135135135,118239.9,902838,37
0.2,1,DS Juv = 0.5,CAN-NNE,39325490.7732461,12895764.75,73444577.35,423
0.2,1,DS Juv = 0.5,MAT,36740809.6328855,12244203.3,66717802.2,574
0.2,1,DS Juv = 0.5,MNE,118825.166666667,37850.225,244246.15,24
0.2,1,DS Juv = 0.5,SAT,35911507.6034303,10266277.825,71753966.5,422
0.2,1,DS Juv = 0.5,SNE,523543.411764706,176457.425,963125.425,34
0.2,1,DS Juv = 0.6,CAN-NNE,38888808.4828202,13518977.175,72066080.1,376
0.2,1,DS Juv = 0.6,MAT,34454762.5210126,11476185.125,67204012.8,590
0.2,1,DS Juv = 0.6,MNE,149855.735294118,37500.85,264232,34
0.2,1,DS Juv = 0.6,SAT,35728201.2393989,11519530.625,69041087.125,423
0.2,1,DS Juv = 0.6,SNE,463907.115384615,117624.625,878849,26
0.2,1,DS Juv = 0.7,CAN-NNE,39835577.7026902,13188651.975,72557551.75,378
0.2,1,DS Juv = 0.7,MAT,36829857.0983037,11672854.1,70464623.4,641
0.2,1,DS Juv = 0.7,MNE,141842,40331.2,292324.2,33
0.2,1,DS Juv = 0.7,SAT,35594151.9650578,11366699.225,69008011.925,439
0.2,1,DS Juv = 0.7,SNE,475281.511111111,126849.4,994296.4,45
0.2,1,DS Juv = 0.8,CAN-NNE,38404869.6928876,13339397.475,71701379.275,390
0.2,1,DS Juv = 0.8,MAT,37562103.7522061,11975162.45,70838028.7,614
0.2,1,DS Juv = 0.8,MNE,155102.291666667,45968.925,280553.15,24
0.2,1,DS Juv = 0.8,SAT,39334042.9404357,13072456.825,69514898.6,451
0.2,1,DS Juv = 0.8,SNE,409014.676470588,115731.25,862220.049999999,34
0.2,1,DS Juv = 0.9,CAN-NNE,34382393.3341365,12539425.55,69846997.525,378
0.2,1,DS Juv = 0.9,MAT,38240501.7904102,12630143.225,69573702.3,661
0.2,1,DS Juv = 0.9,MNE,194517.658536585,48833,333353,41
0.2,1,DS Juv = 0.9,SAT,37761158.0738804,12115379.425,72920513.5,421
0.2,1,DS Juv = 0.9,SNE,457159.806451613,122244.25,906350.75,31
0.2,1,DS Juv = 1,CAN-NNE,38435184.7216112,13879916.85,76501503.1,408
0.2,1,DS Juv = 1,MAT,37280567.7228396,12881524.3,69070710.275,635
0.2,1,DS Juv = 1,MNE,180056.138888889,45408.625,347927.875,36
0.2,1,DS Juv = 1,SAT,38062985.639006,10966950.1,74083977.15,395
0.2,1,DS Juv = 1,SNE,449672.222222222,117879.15,807917.1,27
0.3,0,DS Juv = 0,CAN-NNE,37504142.6690455,12812288.775,76907096.025,403
0.3,0,DS Juv = 0,MAT,31778768.0604626,9439189.025,61177492.65,642
0.3,0,DS Juv = 0,MNE,40047.1,2822.175,95362.75,30
0.3,0,DS Juv = 0,SAT,30582620.9557332,9877438.625,63750328.95,477
0.3,0,DS Juv = 0,SNE,338840.210526316,39988.95,663385.675,38
0.3,0,DS Juv = 0.1,CAN-NNE,40553259.0534016,15246320.875,69692311,418
0.3,0,DS Juv = 0.1,MAT,30324737.4470275,9613297.825,57648174.9,621
0.3,0,DS Juv = 0.1,MNE,56003.88,1851.8,139480.2,25
0.3,0,DS Juv = 0.1,SAT,33894204.3579332,10190957.45,64466635.75,455
0.3,0,DS Juv = 0.1,SNE,362690.258064516,80753,788911.75,31
0.3,0,DS Juv = 0.2,CAN-NNE,38389143.7993927,12369807.925,72137910,418
0.3,0,DS Juv = 0.2,MAT,29982623.1605104,9759566.9,57021380.325,589
0.3,0,DS Juv = 0.2,MNE,50805.6388888889,13700,115302.625,36
0.3,0,DS Juv = 0.2,SAT,31677299.1486637,9849721.95,61348215.75,425
0.3,0,DS Juv = 0.2,SNE,330750.7,35696.825,679583.725,30
0.3,0,DS Juv = 0.3,CAN-NNE,38937927.2847283,12351044.5,70939900.225,417
0.3,0,DS Juv = 0.3,MAT,30417123.6183522,10229126.85,60897640.65,616
0.3,0,DS Juv = 0.3,MNE,65549.34375,7380.25,148232,32
0.3,0,DS Juv = 0.3,SAT,33106666.9624662,9663238.225,67100108.575,399
0.3,0,DS Juv = 0.3,SNE,357003.34375,94862.95,676486.275,32
0.3,0,DS Juv = 0.4,CAN-NNE,39142371.9221723,15241854.6,72685230.325,382
0.3,0,DS Juv = 0.4,MAT,32784950.4673602,9858806.025,59741437.425,615
0.3,0,DS Juv = 0.4,MNE,81246.92,12226.2,156710,25
0.3,0,DS Juv = 0.4,SAT,33692721.1579751,11615586.475,64840457.35,392
0.3,0,DS Juv = 0.4,SNE,438026.379310345,113779,791625.9,29
0.3,0,DS Juv = 0.5,CAN-NNE,38370913.4788945,12877851.7,72995841.225,414
0.3,0,DS Juv = 0.5,MAT,32487830.9887844,10496947.45,63119783.875,606
0.3,0,DS Juv = 0.5,MNE,57776.2941176471,7165.15,130844.875,34
0.3,0,DS Juv = 0.5,SAT,35220676.4682977,11223439.225,65044846.95,434
0.3,0,DS Juv = 0.5,SNE,324503.6,57274.175,694489.925,30
0.3,0,DS Juv = 0.6,CAN-NNE,40871037.355286,11916124.1,70653230.425,365
0.3,0,DS Juv = 0.6,MAT,32362052.23056,10565925.7,62296759.9,632
0.3,0,DS Juv = 0.6,MNE,90192.8,13388.95,189192.125,30
0.3,0,DS Juv = 0.6,SAT,34741568.5039668,11109113.775,66172525.55,411
0.3,0,DS Juv = 0.6,SNE,379894.166666667,71376.375,810591.25,36
0.3,0,DS Juv = 0.7,CAN-NNE,41142735.0520189,13356966.925,71056615.275,397
0.3,0,DS Juv = 0.7,MAT,33156880.4687143,10440544.5,61973602.975,604
0.3,0,DS Juv = 0.7,MNE,102952.612903226,29460.75,193923,31
0.3,0,DS Juv = 0.7,SAT,35397459.4923111,11960614.475,67298829.975,442
0.3,0,DS Juv = 0.7,SNE,364680.545454545,57930.2,807433.4,33
0.3,0,DS Juv = 0.8,CAN-NNE,38856753.7144764,12462281.275,72992060.5,421
0.3,0,DS Juv = 0.8,MAT,35336641.9821353,10850833.2,67345961.6,611
0.3,0,DS Juv = 0.8,MNE,119443.866666667,26867.75,210784.45,30
0.3,0,DS Juv = 0.8,SAT,35994993.4530393,10867525,68484974.175,447
0.3,0,DS Juv = 0.8,SNE,373622.076923077,105129,791156,26
0.3,0,DS Juv = 0.9,CAN-NNE,38669965.6671023,14195494.6,72478693.15,402
0.3,0,DS Juv = 0.9,MAT,34325549.9783651,11001055.85,65286848.5,647
0.3,0,DS Juv = 0.9,MNE,114227.272727273,18818.325,209437.35,22
0.3,0,DS Juv = 0.9,SAT,35793402.4510221,10934070.675,69817073.025,425
0.3,0,DS Juv = 0.9,SNE,387262.606060606,99754.2,891919.6,33
0.3,0,DS Juv = 1,CAN-NNE,41204939.9594154,14854541.375,71501231.7,409
0.3,0,DS Juv = 1,MAT,35750180.0103902,11115194.35,67223488.25,625
0.3,0,DS Juv = 1,MNE,129149.290322581,41066.75,235847,31
0.3,0,DS Juv = 1,SAT,36671933.1724805,11744716.725,70378094.4,439
0.3,0,DS Juv = 1,SNE,387961.529411765,89755.025,824687.5,34
0.3,0.1,DS Juv = 0,CAN-NNE,38540156.200031,15018753.8,68743221.4,386
0.3,0.1,DS Juv = 0,MAT,29682099.3553262,9077360.05,59110548.875,627
0.3,0.1,DS Juv = 0,MNE,40690.08,2828.6,85596.8,25
0.3,0.1,DS Juv = 0,SAT,32106161.0270428,10446051.05,62307315.675,392
0.3,0.1,DS Juv = 0,SNE,317507.891891892,27698.1,716582.4,37
0.3,0.1,DS Juv = 0.1,CAN-NNE,40440039.551996,13517048.65,76365169.25,406
0.3,0.1,DS Juv = 0.1,MAT,30139563.8771564,10449249.825,59939011.4,597
0.3,0.1,DS Juv = 0.1,MNE,49731.6666666667,5841.375,109413.5,36
0.3,0.1,DS Juv = 0.1,SAT,30318177.7304844,9642480.25,58746856.8,450
0.3,0.1,DS Juv = 0.1,SNE,296080.483870968,47450.5,761603.25,31
0.3,0.1,DS Juv = 0.2,CAN-NNE,37534642.1525078,13486607.9,67027515.125,384
0.3,0.1,DS Juv = 0.2,MAT,33141485.669719,10346016.95,61071109.575,606
0.3,0.1,DS Juv = 0.2,MNE,61536.962962963,11798.05,137549.1,27
0.3,0.1,DS Juv = 0.2,SAT,35231102.7209627,10400137.6,64657326.4,403
0.3,0.1,DS Juv = 0.2,SNE,273154.6,39485.6,675354.4,25
0.3,0.1,DS Juv = 0.3,CAN-NNE,36853561.5080672,13432809.25,69651337.175,372
0.3,0.1,DS Juv = 0.3,MAT,33487081.9239466,10652072.125,61353005.775,541
0.3,0.1,DS Juv = 0.3,MNE,81314.8809523809,11397.05,141254.85,42
0.3,0.1,DS Juv = 0.3,SAT,32861093.0307039,11235299.65,64404399.025,404
0.3,0.1,DS Juv = 0.3,SNE,354268.888888889,60668.5,729220.95,27
0.3,0.1,DS Juv = 0.4,CAN-NNE,37353664.8633117,12975584.975,67621517.95,401
0.3,0.1,DS Juv = 0.4,MAT,32076432.3950522,9966361.15,63435487.625,641
0.3,0.1,DS Juv = 0.4,MNE,65605.4444444444,9937,138295.45,27
0.3,0.1,DS Juv = 0.4,SAT,34784493.3301547,10485855.15,66043771.625,433
0.3,0.1,DS Juv = 0.4,SNE,289756.575757576,81336.2,684957.8,33
0.3,0.1,DS Juv = 0.5,CAN-NNE,37173439.523816,13142797.7,72509970.025,403
0.3,0.1,DS Juv = 0.5,MAT,32275017.1829859,10529884.475,63469518.6,641
0.3,0.1,DS Juv = 0.5,MNE,75603.3333333333,15055.45,130683,27
0.3,0.1,DS Juv = 0.5,SAT,34972361.5239149,10731183.225,66713152.425,391
0.3,0.1,DS Juv = 0.5,SNE,389059.066666667,75565.675,887409.6,30
0.3,0.1,DS Juv = 0.6,CAN-NNE,36857295.2845377,12143071.025,68819263.15,379
0.3,0.1,DS Juv = 0.6,MAT,33236888.9207604,10655134.275,64524352.45,632
0.3,0.1,DS Juv = 0.6,MNE,87775.0540540541,15753.8,173145.7,37
0.3,0.1,DS Juv = 0.6,SAT,33768505.3946145,10670973,63660609.35,438
0.3,0.1,DS Juv = 0.6,SNE,387367.181818182,69678.525,796019.174999999,22
0.3,0.1,DS Juv = 0.7,CAN-NNE,37941832.6409094,13842078.8,73079981.4,365
0.3,0.1,DS Juv = 0.7,MAT,32956377.3345606,11353640.95,63046497.2,649
0.3,0.1,DS Juv = 0.7,MNE,103046.323529412,18032.2,189386.3,34
0.3,0.1,DS Juv = 0.7,SAT,36079066.0246905,11705066.725,66496919.125,443
0.3,0.1,DS Juv = 0.7,SNE,368239.088235294,102153.675,742521.225,34
0.3,0.1,DS Juv = 0.8,CAN-NNE,40023365.246164,14778215.6,71923684.025,406
0.3,0.1,DS Juv = 0.8,MAT,33320518.8124117,11054985.975,62895416.525,625
0.3,0.1,DS Juv = 0.8,MNE,99052.2142857143,23169.4,202224.95,28
0.3,0.1,DS Juv = 0.8,SAT,36259908.2275007,9888143.025,67746320.675,412
0.3,0.1,DS Juv = 0.8,SNE,379493.612903226,79714.25,821214.5,31
0.3,0.1,DS Juv = 0.9,CAN-NNE,38955160.7522022,13493684.075,68172237.6,383
0.3,0.1,DS Juv = 0.9,MAT,34934654.3243275,11721567.7,68054816.5,588
0.3,0.1,DS Juv = 0.9,MNE,136214.35483871,27856,293555,31
0.3,0.1,DS Juv = 0.9,SAT,36617470.7011258,11712885.825,69939116.725,428
0.3,0.1,DS Juv = 0.9,SNE,413068.64516129,83378,817219.75,31
0.3,0.1,DS Juv = 1,CAN-NNE,39686220.438739,14562809.325,71483666.6,438
0.3,0.1,DS Juv = 1,MAT,35529572.9566522,11600005.225,66854803.75,650
0.3,0.1,DS Juv = 1,MNE,157479.903225806,41844.75,289049.25,31
0.3,0.1,DS Juv = 1,SAT,36377337.9439674,11888809.9,70448774.175,433
0.3,0.1,DS Juv = 1,SNE,367962.233333333,133262.95,754809.8,30
0.3,0.2,DS Juv = 0,CAN-NNE,35432312.179266,12329238.925,70223093.475,391
0.3,0.2,DS Juv = 0,MAT,33087717.4707184,10086122.9,60696148.35,619
0.3,0.2,DS Juv = 0,MNE,45483.125,3619.45,114813.8,24
0.3,0.2,DS Juv = 0,SAT,32423220.018648,10223506.15,63027844.95,434
0.3,0.2,DS Juv = 0,SNE,340211.176470588,70501.05,677388.5,34
0.3,0.2,DS Juv = 0.1,CAN-NNE,36537041.1304524,13452991.2,69819979.825,411
0.3,0.2,DS Juv = 0.1,MAT,33094958.770134,10117335.525,61380706.325,585
0.3,0.2,DS Juv = 0.1,MNE,46429.5714285714,3799.225,135788.3,28
0.3,0.2,DS Juv = 0.1,SAT,31328477.3137202,8566936.475,62660043.85,442
0.3,0.2,DS Juv = 0.1,SNE,339093.53125,80333.25,717796.225,32
0.3,0.2,DS Juv = 0.2,CAN-NNE,35389008.0737586,11463351,69203831.625,385
0.3,0.2,DS Juv = 0.2,MAT,31301675.3628377,10504778.325,62016895.3,576
0.3,0.2,DS Juv = 0.2,MNE,78195.6428571429,10270.4,131718.675,14
0.3,0.2,DS Juv = 0.2,SAT,33613128.1951009,9401211.15,71073467.25,411
0.3,0.2,DS Juv = 0.2,SNE,404321.676470588,60662.025,920990.65,34
0.3,0.2,DS Juv = 0.3,CAN-NNE,42524549.5030343,12495317.275,73813176.2,421
0.3,0.2,DS Juv = 0.3,MAT,33309372.1631736,10620691.95,62945469.95,628
0.3,0.2,DS Juv = 0.3,MNE,70071.2083333333,19672.475,151976,24
0.3,0.2,DS Juv = 0.3,SAT,34855754.218691,10248611.125,65633006.35,423
0.3,0.2,DS Juv = 0.3,SNE,376279.033333333,66122.75,814755.05,30
0.3,0.2,DS Juv = 0.4,CAN-NNE,36121734.452676,13267091.5,70632503.25,405
0.3,0.2,DS Juv = 0.4,MAT,32256170.5288661,10968545.725,60018223.675,624
0.3,0.2,DS Juv = 0.4,MNE,85842.7727272727,10918.8,162852.175,22
0.3,0.2,DS Juv = 0.4,SAT,33636537.3204422,9488016.65,66114071.275,423
0.3,0.2,DS Juv = 0.4,SNE,373856.512820513,132782.8,697254.15,39
0.3,0.2,DS Juv = 0.5,CAN-NNE,35274150.8121295,12538829.475,73663924.375,408
0.3,0.2,DS Juv = 0.5,MAT,31686125.8813837,10961145.275,60088642.225,621
0.3,0.2,DS Juv = 0.5,MNE,76326.2580645161,20158.25,148387,31
0.3,0.2,DS Juv = 0.5,SAT,34696301.6390828,11291419.275,70626578.8,434
0.3,0.2,DS Juv = 0.5,SNE,446427.055555556,103490.375,861018.625,36
0.3,0.2,DS Juv = 0.6,CAN-NNE,38742086.8720146,13848838.675,71714904.5,412
0.3,0.2,DS Juv = 0.6,MAT,32550666.9265439,10286552.45,64302191.425,566
0.3,0.2,DS Juv = 0.6,MNE,94043.5945945946,26478.7,192379,37
0.3,0.2,DS Juv = 0.6,SAT,36545265.1185412,11211993.45,68376266.1,430
0.3,0.2,DS Juv = 0.6,SNE,346838,76034.9,740206.7,27
0.3,0.2,DS Juv = 0.7,CAN-NNE,37701903.5192594,13406403.15,73044150,358
0.3,0.2,DS Juv = 0.7,MAT,35389479.1783998,10926276.05,65816880.425,613
0.3,0.2,DS Juv = 0.7,MNE,114625.722222222,23271.25,222490.375,36
0.3,0.2,DS Juv = 0.7,SAT,36866047.1002529,10392453.725,66900532.625,422
0.3,0.2,DS Juv = 0.7,SNE,423879.821428571,102145.65,847294.2,28
0.3,0.2,DS Juv = 0.8,CAN-NNE,37546933.2969786,14276581.45,71185492.875,394
0.3,0.2,DS Juv = 0.8,MAT,33920650.4100831,10966552.325,64232208.075,615
0.3,0.2,DS Juv = 0.8,MNE,121301.052631579,29019.95,236579.7,38
0.3,0.2,DS Juv = 0.8,SAT,37047630.7950638,10842786.025,69757221.7,448
0.3,0.2,DS Juv = 0.8,SNE,494279.571428571,133047.5,872202.025,28
0.3,0.2,DS Juv = 0.9,CAN-NNE,39968906.7321194,14266403.7,72318452.45,402
0.3,0.2,DS Juv = 0.9,MAT,35764789.5518128,11475067.025,66506705.05,637
0.3,0.2,DS Juv = 0.9,MNE,158009.37037037,38145.4,261847.6,27
0.3,0.2,DS Juv = 0.9,SAT,37909177.7872298,12797599.925,71432022.15,465
0.3,0.2,DS Juv = 0.9,SNE,380960.53125,51689.55,830801.6,32
0.3,0.2,DS Juv = 1,CAN-NNE,39537813.8671487,13813660.975,74730456.15,375
0.3,0.2,DS Juv = 1,MAT,35501923.4912342,12424847.275,67326216.275,638
0.3,0.2,DS Juv = 1,MNE,167563.538461538,49004.625,295995,26
0.3,0.2,DS Juv = 1,SAT,35862022.5662639,11730509.7,69384184.65,426
0.3,0.2,DS Juv = 1,SNE,472401.95,135000.35,880386.9,40
0.3,0.3,DS Juv = 0,CAN-NNE,37393005.645108,12736544.925,72393113.925,377
0.3,0.3,DS Juv = 0,MAT,30176545.5429517,10246882.8,58440681.95,624
0.3,0.3,DS Juv = 0,MNE,55325.875,6005.475,112616.775,32
0.3,0.3,DS Juv = 0,SAT,33917047.9100031,10262285.425,67942308.125,452
0.3,0.3,DS Juv = 0,SNE,328212.956521739,66728.25,642440.9,23
0.3,0.3,DS Juv = 0.1,CAN-NNE,35659481.4541394,13223451.125,74310702.65,397
0.3,0.3,DS Juv = 0.1,MAT,31674570.8407977,9640530.325,60525955.825,595
0.3,0.3,DS Juv = 0.1,MNE,67633.1935483871,5259.5,135911.75,31
0.3,0.3,DS Juv = 0.1,SAT,33223654.5504676,8859707.7,63591151.3,405
0.3,0.3,DS Juv = 0.1,SNE,347477.352941176,70563.825,670808.875,34
0.3,0.3,DS Juv = 0.2,CAN-NNE,38836056.4159365,12859724.775,74726699.55,406
0.3,0.3,DS Juv = 0.2,MAT,31289142.6145047,10288378.975,60431574.3,593
0.3,0.3,DS Juv = 0.2,MNE,57379.3947368421,8909.25,134331.975,38
0.3,0.3,DS Juv = 0.2,SAT,31120242.7480313,8509171.775,62161724.725,467
0.3,0.3,DS Juv = 0.2,SNE,362522.137931034,78631.6,661518.6,29
0.3,0.3,DS Juv = 0.3,CAN-NNE,37822100.2908491,12485867.3,70328879.5,376
0.3,0.3,DS Juv = 0.3,MAT,33447903.3705282,10938369.975,60260245.2,589
0.3,0.3,DS Juv = 0.3,MNE,61223.64,14795.8,120061.2,25
0.3,0.3,DS Juv = 0.3,SAT,33086086.8813295,10416602.725,64843421.125,417
0.3,0.3,DS Juv = 0.3,SNE,333253,71003.425,704500.4,24
0.3,0.3,DS Juv = 0.4,CAN-NNE,38705366.3901011,12086431.05,73128014.8,381
0.3,0.3,DS Juv = 0.4,MAT,35146626.4401669,10464383.025,64463184.7,633
0.3,0.3,DS Juv = 0.4,MNE,86259.2647058823,14740.925,166309.375,34
0.3,0.3,DS Juv = 0.4,SAT,33326828.0822938,10000237.725,66009911.6,439
0.3,0.3,DS Juv = 0.4,SNE,292936.545454545,45193.4,715069.2,33
0.3,0.3,DS Juv = 0.5,CAN-NNE,39042220.0729903,13350263.75,71801183.875,424
0.3,0.3,DS Juv = 0.5,MAT,33224838.7010493,11125308.15,65865611.725,618
0.3,0.3,DS Juv = 0.5,MNE,104376.09375,22019.15,183703.425,32
0.3,0.3,DS Juv = 0.5,SAT,35538691.0957045,10469888.175,71118764.425,435
0.3,0.3,DS Juv = 0.5,SNE,345506.5625,73904.2,678357.275,32
0.3,0.3,DS Juv = 0.6,CAN-NNE,40012953.2143198,14108318.2,71320735.85,385
0.3,0.3,DS Juv = 0.6,MAT,35543069.2761766,10705963.725,65020754.425,646
0.3,0.3,DS Juv = 0.6,MNE,95389.9444444444,22312.25,184581.625,36
0.3,0.3,DS Juv = 0.6,SAT,34987983.9750503,11888708.475,64106478.9,413
0.3,0.3,DS Juv = 0.6,SNE,447251.771428571,99476.7,919300.35,35
0.3,0.3,DS Juv = 0.7,CAN-NNE,40121589.2285873,14598382.35,73125502.8,390
0.3,0.3,DS Juv = 0.7,MAT,34167091.8938374,10908391.75,65521389.4,607
0.3,0.3,DS Juv = 0.7,MNE,108928.75862069,29042.5,204222.1,29
0.3,0.3,DS Juv = 0.7,SAT,37397334.6714011,12228627.5,74367689.875,423
0.3,0.3,DS Juv = 0.7,SNE,366413.944444444,94776,889668.75,36
0.3,0.3,DS Juv = 0.8,CAN-NNE,40068851.2935087,13713136.7,73721119,398
0.3,0.3,DS Juv = 0.8,MAT,33528121.2279636,10785770.15,65491994.9,592
0.3,0.3,DS Juv = 0.8,MNE,96731.7586206897,26369.8,228518.3,29
0.3,0.3,DS Juv = 0.8,SAT,34684158.8348176,10370514.6,68940829.875,431
0.3,0.3,DS Juv = 0.8,SNE,447049.451612903,73751,790659,31
0.3,0.3,DS Juv = 0.9,CAN-NNE,39591600.1424267,13115768.375,72829469.775,407
0.3,0.3,DS Juv = 0.9,MAT,36025747.8542882,11944922,67881760.45,623
0.3,0.3,DS Juv = 0.9,MNE,147690.285714286,50161.425,258215.8,28
0.3,0.3,DS Juv = 0.9,SAT,36434780.1024913,11841668.475,71145168.325,435
0.3,0.3,DS Juv = 0.9,SNE,486345.303030303,90234.6,932192.200000001,33
0.3,0.3,DS Juv = 1,CAN-NNE,37722342.8702978,14058739.225,72598621.525,374
0.3,0.3,DS Juv = 1,MAT,34908139.1852499,11225717.225,66293855.675,634
0.3,0.3,DS Juv = 1,MNE,162962.909090909,46400.6,304676.8,33
0.3,0.3,DS Juv = 1,SAT,35663730.4538475,11142852.8,70975933.9,453
0.3,0.3,DS Juv = 1,SNE,411736.166666667,110752,849126.625,36
0.3,0.4,DS Juv = 0,CAN-NNE,36284560.3430913,12329472.75,70642638.775,359
0.3,0.4,DS Juv = 0,MAT,32164644.9773874,9768259.125,60769973.525,621
0.3,0.4,DS Juv = 0,MNE,50168,4733.025,96968.525,30
0.3,0.4,DS Juv = 0,SAT,34646847.7186932,10622542.95,66452146.675,428
0.3,0.4,DS Juv = 0,SNE,344156.151515151,56970.8,696673.8,33
0.3,0.4,DS Juv = 0.1,CAN-NNE,41096157.2711026,13879886.2,75973860.5,427
0.3,0.4,DS Juv = 0.1,MAT,32195293.4723769,10621980.525,61801055,632
0.3,0.4,DS Juv = 0.1,MNE,63653.8571428571,11867.425,140164.9,28
0.3,0.4,DS Juv = 0.1,SAT,32229117.3667363,10150611.55,62594967.225,396
0.3,0.4,DS Juv = 0.1,SNE,301716.130434783,94151.8,598761.15,23
0.3,0.4,DS Juv = 0.2,CAN-NNE,38868035.558738,13787190.325,70286045.05,419
0.3,0.4,DS Juv = 0.2,MAT,33174621.6023658,10820721.725,60788128.25,602
0.3,0.4,DS Juv = 0.2,MNE,78082.7291666667,12665.675,142560.975,48
0.3,0.4,DS Juv = 0.2,SAT,35753833.0282998,12280731.625,66678915.15,382
0.3,0.4,DS Juv = 0.2,SNE,447973.458333333,99221.125,808692.05,24
0.3,0.4,DS Juv = 0.3,CAN-NNE,36736705.7034387,13269867.875,69020497.8,420
0.3,0.4,DS Juv = 0.3,MAT,32939892.7802521,10888273.05,61630268.6,589
0.3,0.4,DS Juv = 0.3,MNE,85736.7857142857,18200.325,149186.1,28
0.3,0.4,DS Juv = 0.3,SAT,36552046.5320541,10318758.725,74659900.05,461
0.3,0.4,DS Juv = 0.3,SNE,500837.48,164456.6,798648.8,25
0.3,0.4,DS Juv = 0.4,CAN-NNE,40760018.1388236,14228508.9,75731584.2,397
0.3,0.4,DS Juv = 0.4,MAT,34731900.7967756,10566527.825,64073271.1,630
0.3,0.4,DS Juv = 0.4,MNE,87977.8125,19291.65,181595.55,32
0.3,0.4,DS Juv = 0.4,SAT,37960144.1239979,11948847.3,71707779.5,433
0.3,0.4,DS Juv = 0.4,SNE,337371.8125,105085.525,695592.099999999,32
0.3,0.4,DS Juv = 0.5,CAN-NNE,38043078.1550562,12503931.525,68155068.3,424
0.3,0.4,DS Juv = 0.5,MAT,31901752.286984,11096471.575,60043533.25,571
0.3,0.4,DS Juv = 0.5,MNE,92547.3846153846,21154.25,194940.625,26
0.3,0.4,DS Juv = 0.5,SAT,35175363.9506506,10598681.875,66083364.525,425
0.3,0.4,DS Juv = 0.5,SNE,324663.515151515,112948.6,718405.8,33
0.3,0.4,DS Juv = 0.6,CAN-NNE,39300302.9057191,13700659.475,70695447.275,438
0.3,0.4,DS Juv = 0.6,MAT,33599637.6955613,10960326.05,63745804.95,647
0.3,0.4,DS Juv = 0.6,MNE,96749.1923076923,24279.5,218595.125,26
0.3,0.4,DS Juv = 0.6,SAT,36108922.8362393,12182026.375,70358014.125,425
0.3,0.4,DS Juv = 0.6,SNE,446461.875,144613.5,1041686.475,32
0.3,0.4,DS Juv = 0.7,CAN-NNE,39305685.1828682,13197718.175,76218580.025,364
0.3,0.4,DS Juv = 0.7,MAT,34886520.0725597,11735537.825,64925979.425,607
0.3,0.4,DS Juv = 0.7,MNE,109739.75,22230.75,263950.25,36
0.3,0.4,DS Juv = 0.7,SAT,37362614.2959828,11429616.05,72875245.325,409
0.3,0.4,DS Juv = 0.7,SNE,378553.756756757,135954.3,738317.2,37
0.3,0.4,DS Juv = 0.8,CAN-NNE,38579731.6002752,13243714.925,73663610.8,422
0.3,0.4,DS Juv = 0.8,MAT,35458733.9116321,11805480.975,66740633.625,640
0.3,0.4,DS Juv = 0.8,MNE,117380.347826087,27862.8,249750.7,23
0.3,0.4,DS Juv = 0.8,SAT,34926516.4523683,11393656.85,65490101.55,484
0.3,0.4,DS Juv = 0.8,SNE,474422.366666667,114726.05,932015.45,30
0.3,0.4,DS Juv = 0.9,CAN-NNE,36462906.9302638,13398003.875,68247204.1,384
0.3,0.4,DS Juv = 0.9,MAT,36232396.2725837,12138065.65,65193193.25,608
0.3,0.4,DS Juv = 0.9,MNE,116690.166666667,25193.15,256029.025,30
0.3,0.4,DS Juv = 0.9,SAT,35417953.6063328,12774843.05,67972222.65,414
0.3,0.4,DS Juv = 0.9,SNE,452537.028571429,110917.95,804824.7,35
0.3,0.4,DS Juv = 1,CAN-NNE,40510735.9360071,13822770.075,76066228.525,386
0.3,0.4,DS Juv = 1,MAT,36404290.8580468,11576630.75,71303319.725,650
0.3,0.4,DS Juv = 1,MNE,182168.533333333,40470.525,298717.2,30
0.3,0.4,DS Juv = 1,SAT,37971952.1635821,12558892.325,73554405.95,438
0.3,0.4,DS Juv = 1,SNE,404733.8125,82608.775,814906.925,32
0.3,0.5,DS Juv = 0,CAN-NNE,40460941.8715167,13887153.575,75547112.125,402
0.3,0.5,DS Juv = 0,MAT,31910644.7462347,11170487.5,60374328.625,597
0.3,0.5,DS Juv = 0,MNE,67074.88,11146.6,138450.6,25
0.3,0.5,DS Juv = 0,SAT,34478789.0609061,11852670,65406829.65,464
0.3,0.5,DS Juv = 0,SNE,430473.65,70357.325,814143.55,40
0.3,0.5,DS Juv = 0.1,CAN-NNE,39055692.1782332,14877423.6,71666402.25,399
0.3,0.5,DS Juv = 0.1,MAT,32898429.459303,9964973.625,64000278.575,617
0.3,0.5,DS Juv = 0.1,MNE,57984,5354.05,125882.1,27
0.3,0.5,DS Juv = 0.1,SAT,34476405.6169304,11533146.85,66771710.175,391
0.3,0.5,DS Juv = 0.1,SNE,369125.14,81017,783595.3,50
0.3,0.5,DS Juv = 0.2,CAN-NNE,39658207.2010542,12409916.55,69087827.675,396
0.3,0.5,DS Juv = 0.2,MAT,35020480.4913085,10286650.25,64436040.25,594
0.3,0.5,DS Juv = 0.2,MNE,60547.1578947368,16566.35,122859.525,38
0.3,0.5,DS Juv = 0.2,SAT,36716803.4083156,10987193.875,68698361.575,406
0.3,0.5,DS Juv = 0.2,SNE,366885.038461538,79280.5,787685.75,26
0.3,0.5,DS Juv = 0.3,CAN-NNE,40183577.1655189,14221121.775,75716884.425,407
0.3,0.5,DS Juv = 0.3,MAT,32833384.0728463,10598037.25,61275806.85,639
0.3,0.5,DS Juv = 0.3,MNE,73489.6842105263,14486.85,154392.7,38
0.3,0.5,DS Juv = 0.3,SAT,33307619.7676345,11045535.275,69223897.45,395
0.3,0.5,DS Juv = 0.3,SNE,379605.217391304,103815,740198.9,23
0.3,0.5,DS Juv = 0.4,CAN-NNE,34847846.1659952,12958886.975,69142839.225,407
0.3,0.5,DS Juv = 0.4,MAT,34102505.9215733,10288705.775,66173888.925,626
0.3,0.5,DS Juv = 0.4,MNE,84960.2,14868.8,184012.575,30
0.3,0.5,DS Juv = 0.4,SAT,36423524.1421716,12773772.85,70106663.325,421
0.3,0.5,DS Juv = 0.4,SNE,363537.034482759,97754.7,838597,29
0.3,0.5,DS Juv = 0.5,CAN-NNE,40297154.3563246,14229660.25,67264379.45,405
0.3,0.5,DS Juv = 0.5,MAT,34319918.4544851,10988363.45,66541704.275,639
0.3,0.5,DS Juv = 0.5,MNE,93079.0714285714,9695.975,213788.225,28
0.3,0.5,DS Juv = 0.5,SAT,34802716.7740141,9992223.725,67110086.525,424
0.3,0.5,DS Juv = 0.5,SNE,386162.542857143,55554.45,898442.7,35
0.3,0.5,DS Juv = 0.6,CAN-NNE,37646094.3728183,13997069.575,72147245.775,413
0.3,0.5,DS Juv = 0.6,MAT,35890275.2066614,11745825.325,66039612.65,593
0.3,0.5,DS Juv = 0.6,MNE,138031.457142857,31808.3,232844.65,35
0.3,0.5,DS Juv = 0.6,SAT,36529802.121886,10687494.05,70700619.4,430
0.3,0.5,DS Juv = 0.6,SNE,366658.25,103652.3,854211.75,32
0.3,0.5,DS Juv = 0.7,CAN-NNE,39712136.7065899,13087780.725,72376959.725,387
0.3,0.5,DS Juv = 0.7,MAT,35560763.9687446,12469601.25,66200030.175,634
0.3,0.5,DS Juv = 0.7,MNE,118761.142857143,32992.55,236644.35,35
0.3,0.5,DS Juv = 0.7,SAT,37505490.9070982,11141044.325,72873917.15,458
0.3,0.5,DS Juv = 0.7,SNE,352598.535714286,106815.75,885622.225,28
0.3,0.5,DS Juv = 0.8,CAN-NNE,39063400.7982364,12459908.025,74764994.775,404
0.3,0.5,DS Juv = 0.8,MAT,35424685.0583759,11381816.2,68966665.025,614
0.3,0.5,DS Juv = 0.8,MNE,131393.861111111,28859.875,248201.875,36
0.3,0.5,DS Juv = 0.8,SAT,37686512.1440986,12498413.6,68479445.15,398
0.3,0.5,DS Juv = 0.8,SNE,483404.810810811,125377.1,898516.7,37
0.3,0.5,DS Juv = 0.9,CAN-NNE,40417559.6936408,13906300.525,73043667.675,426
0.3,0.5,DS Juv = 0.9,MAT,35216284.4254356,11954371.675,66968660.825,586
0.3,0.5,DS Juv = 0.9,MNE,140307.724137931,42723.6,238179.1,29
0.3,0.5,DS Juv = 0.9,SAT,37239143.4269739,12504861.875,69593910.725,428
0.3,0.5,DS Juv = 0.9,SNE,416045.208333333,124120.625,917591.825,24
0.3,0.5,DS Juv = 1,CAN-NNE,40058184.4283145,12854369.25,76800633.3,407
0.3,0.5,DS Juv = 1,MAT,38256570.1684486,12493592.65,70322600.25,580
0.3,0.5,DS Juv = 1,MNE,153413.621621622,40168,298566.3,37
0.3,0.5,DS Juv = 1,SAT,38073710.2178719,12368205.175,76115824.85,467
0.3,0.5,DS Juv = 1,SNE,438048.233333333,77875.75,952860.3,30
0.3,0.6,DS Juv = 0,CAN-NNE,37975951.0446171,12900973.025,73100477.575,371
0.3,0.6,DS Juv = 0,MAT,32877871.2546188,10438022.325,62035024.75,587
0.3,0.6,DS Juv = 0,MNE,58967.125,4184.35,149304.225,32
0.3,0.6,DS Juv = 0,SAT,32490334.1976838,10938882.375,62440323.325,430
0.3,0.6,DS Juv = 0,SNE,409482.55,72590.5,869302.874999999,20
0.3,0.6,DS Juv = 0.1,CAN-NNE,36567414.2980971,13215243.85,73646958.525,398
0.3,0.6,DS Juv = 0.1,MAT,31514878.8554459,10745785.925,62534373.575,578
0.3,0.6,DS Juv = 0.1,MNE,55645.8974358974,11240.55,147953.5,39
0.3,0.6,DS Juv = 0.1,SAT,34732532.2456757,11267308.55,66621035.25,441
0.3,0.6,DS Juv = 0.1,SNE,332612,55815.25,650867.875,40
0.3,0.6,DS Juv = 0.2,CAN-NNE,39696674.3469377,13665797.225,73490666.475,412
0.3,0.6,DS Juv = 0.2,MAT,34361960.3519558,12074259.65,65124843.425,558
0.3,0.6,DS Juv = 0.2,MNE,86716.6875,6353.275,169721.025,32
0.3,0.6,DS Juv = 0.2,SAT,34782056.2321921,11539212.825,69364717.05,432
0.3,0.6,DS Juv = 0.2,SNE,342952.964285714,59444.825,743315.075,28
0.3,0.6,DS Juv = 0.3,CAN-NNE,38577504.9064998,12655459.7,70910013.825,382
0.3,0.6,DS Juv = 0.3,MAT,33353181.0311715,10100088.625,64334455.675,617
0.3,0.6,DS Juv = 0.3,MNE,92777.4358974359,15326.35,172863.8,39
0.3,0.6,DS Juv = 0.3,SAT,34357919.5068548,11185502.7,62230672.625,422
0.3,0.6,DS Juv = 0.3,SNE,407918.653846154,88600.875,756043.5,26
0.3,0.6,DS Juv = 0.4,CAN-NNE,38417693.3208185,14161363.225,71880218.075,419
0.3,0.6,DS Juv = 0.4,MAT,34725861.9955338,10988105.55,64098188.225,589
0.3,0.6,DS Juv = 0.4,MNE,86736.0263157895,16813.625,205508.3,38
0.3,0.6,DS Juv = 0.4,SAT,34760514.0250455,11405882.5,65196348.7,399
0.3,0.6,DS Juv = 0.4,SNE,325372.785714286,39008.225,751917.65,28
0.3,0.6,DS Juv = 0.5,CAN-NNE,38617689.5612981,13628236.9,71836253.65,392
0.3,0.6,DS Juv = 0.5,MAT,33992807.0179156,11749618.675,62963126.45,604
0.3,0.6,DS Juv = 0.5,MNE,109587.72972973,25870.6,250533.2,37
0.3,0.6,DS Juv = 0.5,SAT,36802095.5693988,11690315.85,70176196.075,464
0.3,0.6,DS Juv = 0.5,SNE,377153.394736842,68282.2,766953.175,38
0.3,0.6,DS Juv = 0.6,CAN-NNE,39104469.3168709,13257889.825,75578160.6,382
0.3,0.6,DS Juv = 0.6,MAT,35565882.6987547,11260263.075,66843443.45,608
0.3,0.6,DS Juv = 0.6,MNE,115276.815789474,33272.5,208083.3,38
0.3,0.6,DS Juv = 0.6,SAT,34130834.5922454,11131676.6,66954140.025,425
0.3,0.6,DS Juv = 0.6,SNE,373177.214285714,93715.525,795707.625,28
0.3,0.6,DS Juv = 0.7,CAN-NNE,41737751.9592918,13995895.7,74119656.675,425
0.3,0.6,DS Juv = 0.7,MAT,37737928.8960771,12614300.5,68003708.9,597
0.3,0.6,DS Juv = 0.7,MNE,125321.394736842,29395.425,241559.85,38
0.3,0.6,DS Juv = 0.7,SAT,34032569.4527273,11725713.175,64261448.2,415
0.3,0.6,DS Juv = 0.7,SNE,425352.322580645,86446.25,817788.25,31
0.3,0.6,DS Juv = 0.8,CAN-NNE,38268391.2901711,12330316.025,73781430.325,409
0.3,0.6,DS Juv = 0.8,MAT,37589871.9779129,12313180.625,68880571.775,593
0.3,0.6,DS Juv = 0.8,MNE,139415.615384615,37704.625,257646.875,26
0.3,0.6,DS Juv = 0.8,SAT,35259369.6600832,12485044.7,70901221.625,399
0.3,0.6,DS Juv = 0.8,SNE,431311.545454545,63769.6,922904.8,33
0.3,0.6,DS Juv = 0.9,CAN-NNE,39223653.8668739,14374500.325,70940327.075,401
0.3,0.6,DS Juv = 0.9,MAT,34957768.8070386,11717267.9,72263837.775,629
0.3,0.6,DS Juv = 0.9,MNE,137061.484848485,28864.4,290470.8,33
0.3,0.6,DS Juv = 0.9,SAT,35856129.3381242,11312657.125,68069923.475,436
0.3,0.6,DS Juv = 0.9,SNE,476908.193548387,116990.25,1039842,31
0.3,0.6,DS Juv = 1,CAN-NNE,42676741.5863265,12925580.775,71350368.95,368
0.3,0.6,DS Juv = 1,MAT,37356970.4464056,11897116.825,71242194.825,695
0.3,0.6,DS Juv = 1,MNE,160272.212121212,39133.4,325842.8,33
0.3,0.6,DS Juv = 1,SAT,37465904.8556441,13365741.925,73774771.825,435
0.3,0.6,DS Juv = 1,SNE,457811.620689655,116838.2,879046.7,29
0.3,0.7,DS Juv = 0,CAN-NNE,38370588.7895707,12917754.05,73164505.975,358
0.3,0.7,DS Juv = 0,MAT,34501145.2352169,10608349.575,63982702.825,570
0.3,0.7,DS Juv = 0,MNE,55314.0243902439,5671,146679,41
0.3,0.7,DS Juv = 0,SAT,34293991.5956192,9661037.425,66792000.3,430
0.3,0.7,DS Juv = 0,SNE,372221.53125,93763.65,677699.525,32
0.3,0.7,DS Juv = 0.1,CAN-NNE,38932481.2899956,15495278.4,73452713.575,369
0.3,0.7,DS Juv = 0.1,MAT,33812484.01801,10605687.9,64298030.775,615
0.3,0.7,DS Juv = 0.1,MNE,84488.3333333333,17024.85,186588.35,27
0.3,0.7,DS Juv = 0.1,SAT,31869125.7806047,10409071,66641800.275,420
0.3,0.7,DS Juv = 0.1,SNE,376398.931034483,85758.1,755215,29
0.3,0.7,DS Juv = 0.2,CAN-NNE,37244865.467868,13012838.875,67995187,410
0.3,0.7,DS Juv = 0.2,MAT,34439675.5966711,10457531.325,65639437.1,630
0.3,0.7,DS Juv = 0.2,MNE,68612.7037037037,16953.8,159038.75,27
0.3,0.7,DS Juv = 0.2,SAT,34737957.5435272,10443894.3,66627682.075,439
0.3,0.7,DS Juv = 0.2,SNE,466475.1875,104954.375,826393.7,32
0.3,0.7,DS Juv = 0.3,CAN-NNE,40090198.3740102,12573749.975,72511041.825,416
0.3,0.7,DS Juv = 0.3,MAT,34236429.6775089,11618767.425,64857808.3,586
0.3,0.7,DS Juv = 0.3,MNE,84747.5757575758,21544.2,198716,33
0.3,0.7,DS Juv = 0.3,SAT,35078652.267816,11355688.925,67638089.55,389
0.3,0.7,DS Juv = 0.3,SNE,399090.833333333,77090.475,875819.575,42
0.3,0.7,DS Juv = 0.4,CAN-NNE,38912383.2559525,13343395.8,74004385.35,410
0.3,0.7,DS Juv = 0.4,MAT,34057112.1964341,11175231.675,66470610.175,596
0.3,0.7,DS Juv = 0.4,MNE,103650.65625,24135.675,212124.05,32
0.3,0.7,DS Juv = 0.4,SAT,36231221.2615263,11750899.625,66246962.45,434
0.3,0.7,DS Juv = 0.4,SNE,420864.833333333,70294.525,871599.1,30
0.3,0.7,DS Juv = 0.5,CAN-NNE,39862549.3599456,14771535.95,71794298.95,412
0.3,0.7,DS Juv = 0.5,MAT,35106154.8083345,11400966.075,68116446.175,626
0.3,0.7,DS Juv = 0.5,MNE,103120.833333333,18988.275,225419.125,30
0.3,0.7,DS Juv = 0.5,SAT,35091861.8158803,11623158.475,67214159.7,416
0.3,0.7,DS Juv = 0.5,SNE,423121.787878788,118059,908271,33
0.3,0.7,DS Juv = 0.6,CAN-NNE,37616201.3085013,12957113.5,69460768.9,395
0.3,0.7,DS Juv = 0.6,MAT,35818573.2748907,11645123.475,65733530.15,567
0.3,0.7,DS Juv = 0.6,MNE,97345.5769230769,27737.75,197965.375,26
0.3,0.7,DS Juv = 0.6,SAT,36151292.7755255,11369574.825,69642916.9,401
0.3,0.7,DS Juv = 0.6,SNE,498096.88,96071,937846.8,25
0.3,0.7,DS Juv = 0.7,CAN-NNE,37328258.8920513,13973655.725,71495107.15,401
0.3,0.7,DS Juv = 0.7,MAT,36783922.2814653,12264238.35,68607955,591
0.3,0.7,DS Juv = 0.7,MNE,143235.25,34376.975,254115.025,40
0.3,0.7,DS Juv = 0.7,SAT,35472522.4555345,10746345.025,71426431.725,460
0.3,0.7,DS Juv = 0.7,SNE,441944.416666667,89215,893640,36
0.3,0.7,DS Juv = 0.8,CAN-NNE,40444352.3773419,13496572.45,73101954.925,416
0.3,0.7,DS Juv = 0.8,MAT,35808472.1053701,12236567.6,67504814.775,618
0.3,0.7,DS Juv = 0.8,MNE,141994.787878788,42221.4,283704.4,33
0.3,0.7,DS Juv = 0.8,SAT,39353738.0485197,12796236.675,74296766.825,431
0.3,0.7,DS Juv = 0.8,SNE,477776.545454545,91733.375,830679.675,22
0.3,0.7,DS Juv = 0.9,CAN-NNE,41830412.8412912,14383593.7,76286803.95,393
0.3,0.7,DS Juv = 0.9,MAT,39202814.8943902,12511947,70801947.375,626
0.3,0.7,DS Juv = 0.9,MNE,141106.868421053,36119.075,318432.625,38
0.3,0.7,DS Juv = 0.9,SAT,34413384.7036142,10976935.325,70062672.5,490
0.3,0.7,DS Juv = 0.9,SNE,433032.432432432,100981.8,855587.6,37
0.3,0.7,DS Juv = 1,CAN-NNE,38755727.863894,13200430.375,73435177.175,402
0.3,0.7,DS Juv = 1,MAT,38689367.828945,12695584.25,74528594.125,637
0.3,0.7,DS Juv = 1,MNE,174630.9375,59946.675,311198.4,32
0.3,0.7,DS Juv = 1,SAT,37713140.2894175,11786606.625,77011440.725,419
0.3,0.7,DS Juv = 1,SNE,458755.28,126891.2,1008420.6,25
0.3,0.8,DS Juv = 0,CAN-NNE,38394467.4572082,12754028.25,72724719.125,354
0.3,0.8,DS Juv = 0,MAT,33075747.99124,11122670.5,65122251.775,638
0.3,0.8,DS Juv = 0,MNE,81387.7037037037,6216.7,170993.85,27
0.3,0.8,DS Juv = 0,SAT,35772111.3603807,11307857.825,70408321.925,424
0.3,0.8,DS Juv = 0,SNE,404036.344827586,86801,924608.2,29
0.3,0.8,DS Juv = 0.1,CAN-NNE,40278622.466408,14010357.7,73892467.225,384
0.3,0.8,DS Juv = 0.1,MAT,33018809.4330926,10741381.55,63076568.725,654
0.3,0.8,DS Juv = 0.1,MNE,83387.0714285714,23899,148943.15,28
0.3,0.8,DS Juv = 0.1,SAT,32674311.7173582,10585546.55,68293445.325,455
0.3,0.8,DS Juv = 0.1,SNE,396361.648648649,68732.9,808723,37
0.3,0.8,DS Juv = 0.2,CAN-NNE,35750806.2816098,13581889.675,68175491.625,371
0.3,0.8,DS Juv = 0.2,MAT,33125426.4631562,10326361.4,62152575.2,628
0.3,0.8,DS Juv = 0.2,MNE,104543.032258065,31765.5,178368.25,31
0.3,0.8,DS Juv = 0.2,SAT,34313725.8912475,10473611.225,67664143.875,444
0.3,0.8,DS Juv = 0.2,SNE,373423.655172414,75821,660841.7,29
0.3,0.8,DS Juv = 0.3,CAN-NNE,37811406.7768828,12820154.775,69915528.125,390
0.3,0.8,DS Juv = 0.3,MAT,34959164.979009,11528712.025,64488010.1,608
0.3,0.8,DS Juv = 0.3,MNE,99970.5517241379,18608,202866.1,29
0.3,0.8,DS Juv = 0.3,SAT,36097474.2714168,10212119.225,65835305.15,432
0.3,0.8,DS Juv = 0.3,SNE,395392.166666667,94856.65,735580.35,30
0.3,0.8,DS Juv = 0.4,CAN-NNE,42814203.3214305,13817969.825,75920418.825,364
0.3,0.8,DS Juv = 0.4,MAT,36762289.770291,11843934.45,65595091.8,625
0.3,0.8,DS Juv = 0.4,MNE,106167.310344828,25207,200890.4,29
0.3,0.8,DS Juv = 0.4,SAT,36017821.2095729,11985163.5,67798917.325,415
0.3,0.8,DS Juv = 0.4,SNE,392906.6,57484.8,825577,25
0.3,0.8,DS Juv = 0.5,CAN-NNE,40421200.9391053,15635845.95,72225385.15,396
0.3,0.8,DS Juv = 0.5,MAT,36970639.4491341,11671393.75,70306609.45,615
0.3,0.8,DS Juv = 0.5,MNE,114553.676470588,28494.275,225311.5,34
0.3,0.8,DS Juv = 0.5,SAT,35604591.0565495,11154587.4,71087092.5,394
0.3,0.8,DS Juv = 0.5,SNE,466922.96875,72563.475,880846.575,32
0.3,0.8,DS Juv = 0.6,CAN-NNE,40161931.6187319,14028306.75,67999528.5,400
0.3,0.8,DS Juv = 0.6,MAT,38320298.8165166,12656927.175,71544228.3,595
0.3,0.8,DS Juv = 0.6,MNE,146795.428571429,41186.5,251023.5,21
0.3,0.8,DS Juv = 0.6,SAT,36239887.0192326,12192579.55,71480600.55,429
0.3,0.8,DS Juv = 0.6,SNE,410523.428571429,142661.25,850441.9,35
0.3,0.8,DS Juv = 0.7,CAN-NNE,37270701.4448971,12676292.625,70921620.875,401
0.3,0.8,DS Juv = 0.7,MAT,37563477.4706807,12185127.375,69353651.75,620
0.3,0.8,DS Juv = 0.7,MNE,106544.259259259,39066.2,215646.25,27
0.3,0.8,DS Juv = 0.7,SAT,37954543.2779623,12209208.675,71379758.725,428
0.3,0.8,DS Juv = 0.7,SNE,386664.676470588,20374.525,997543.35,34
0.3,0.8,DS Juv = 0.8,CAN-NNE,40177907.3964835,12770906.875,75048110.175,406
0.3,0.8,DS Juv = 0.8,MAT,37324278.4639677,12647783.35,71301295.325,607
0.3,0.8,DS Juv = 0.8,MNE,180367.137931034,65442.4,293765.3,29
0.3,0.8,DS Juv = 0.8,SAT,38411370.9141648,12474757.85,71145601.875,412
0.3,0.8,DS Juv = 0.8,SNE,487582.487179487,67363.45,922364.05,39
0.3,0.8,DS Juv = 0.9,CAN-NNE,41185641.2947783,13240436.75,75069058.4,431
0.3,0.8,DS Juv = 0.9,MAT,39238417.7704403,12552829.05,73338759.075,582
0.3,0.8,DS Juv = 0.9,MNE,178292.692307692,50613.55,318501.45,39
0.3,0.8,DS Juv = 0.9,SAT,35466584.8777497,11638909.2,68189463.3,422
0.3,0.8,DS Juv = 0.9,SNE,531850.851851852,128083.6,998227.1,27
0.3,0.8,DS Juv = 1,CAN-NNE,38819193.3621359,14533597.225,70763289.525,378
0.3,0.8,DS Juv = 1,MAT,37674419.4499448,12325043.2,72128887.45,655
0.3,0.8,DS Juv = 1,MNE,206647.53125,73918.925,319472.75,32
0.3,0.8,DS Juv = 1,SAT,38940643.2015202,11731116.025,72089455.05,411
0.3,0.8,DS Juv = 1,SNE,414376.675675676,115087.8,968331.6,37
0.3,0.9,DS Juv = 0,CAN-NNE,36349763.1877784,13373073.075,67631265.575,427
0.3,0.9,DS Juv = 0,MAT,34276615.5596874,11795030.1,63538148.65,615
0.3,0.9,DS Juv = 0,MNE,79885.5789473684,18121.2,146631.95,19
0.3,0.9,DS Juv = 0,SAT,35566133.4780568,11162346.975,68260521.025,469
0.3,0.9,DS Juv = 0,SNE,424999.222222222,96938.55,804455.45,27
0.3,0.9,DS Juv = 0.1,CAN-NNE,39782468.1564554,13760147.8,73423032.075,371
0.3,0.9,DS Juv = 0.1,MAT,34973099.3066261,11362958.2,64210381.875,655
0.3,0.9,DS Juv = 0.1,MNE,81266.8108108108,8009.4,165282.9,37
0.3,0.9,DS Juv = 0.1,SAT,35689298.2933428,10326362.425,71439726.725,445
0.3,0.9,DS Juv = 0.1,SNE,366188.2,108282,838142.199999999,25
0.3,0.9,DS Juv = 0.2,CAN-NNE,36618343.8185229,13429290.7,68683044.1,399
0.3,0.9,DS Juv = 0.2,MAT,34957794.7638178,11293144.025,64079580.125,624
0.3,0.9,DS Juv = 0.2,MNE,81832.2619047619,19594.45,196539.525,42
0.3,0.9,DS Juv = 0.2,SAT,34129376.5720788,11021989.2,63725491.95,423
0.3,0.9,DS Juv = 0.2,SNE,345282.586206897,102138.4,708466.7,29
0.3,0.9,DS Juv = 0.3,CAN-NNE,40576355.7826289,13884141.8,75475830.925,421
0.3,0.9,DS Juv = 0.3,MAT,35517871.8103745,11932660.7,67642260.25,613
0.3,0.9,DS Juv = 0.3,MNE,101718.48,29184.6,220669.4,25
0.3,0.9,DS Juv = 0.3,SAT,37592716.9866669,12451002.05,70245051.125,418
0.3,0.9,DS Juv = 0.3,SNE,476924.3,139955.325,806984.475,20
0.3,0.9,DS Juv = 0.4,CAN-NNE,37581891.5668178,13148202.425,72803840.925,402
0.3,0.9,DS Juv = 0.4,MAT,33401936.9346628,11217080.425,66280341.9,615
0.3,0.9,DS Juv = 0.4,MNE,101142.535714286,23401.975,190029.05,28
0.3,0.9,DS Juv = 0.4,SAT,36177242.7008455,11438295.05,71047188.325,398
0.3,0.9,DS Juv = 0.4,SNE,406290.685714286,82910.55,852995.7,35
0.3,0.9,DS Juv = 0.5,CAN-NNE,41303180.8337773,12440488.8,69580793.225,406
0.3,0.9,DS Juv = 0.5,MAT,35705538.7891084,11066703.25,70269358,653
0.3,0.9,DS Juv = 0.5,MNE,122704.972972973,33591.5,244768.7,37
0.3,0.9,DS Juv = 0.5,SAT,37975590.9241394,12096342.4,69890355.35,432
0.3,0.9,DS Juv = 0.5,SNE,438908.342105263,90967.225,862137,38
0.3,0.9,DS Juv = 0.6,CAN-NNE,37687496.4360306,12198433.875,71981859.325,392
0.3,0.9,DS Juv = 0.6,MAT,37938101.8589,12517592.875,69994171.6,632
0.3,0.9,DS Juv = 0.6,MNE,145389.675675676,49450.3,271757.5,37
0.3,0.9,DS Juv = 0.6,SAT,37184865.2027389,11806320.25,71001419.1,456
0.3,0.9,DS Juv = 0.6,SNE,380410.757575758,77169.2,847443.000000001,33
0.3,0.9,DS Juv = 0.7,CAN-NNE,36051521.0823267,12943559.875,67979395.35,411
0.3,0.9,DS Juv = 0.7,MAT,37559696.2008722,12131134.125,70427870.625,618
0.3,0.9,DS Juv = 0.7,MNE,155732.909090909,51991.4,299294.4,33
0.3,0.9,DS Juv = 0.7,SAT,36274990.0280258,12447728.95,69399380.55,404
0.3,0.9,DS Juv = 0.7,SNE,496303.086956522,152861.25,995333.9,23
0.3,0.9,DS Juv = 0.8,CAN-NNE,38757154.9536649,14613277.725,71652653.925,392
0.3,0.9,DS Juv = 0.8,MAT,39033739.600207,12673362.725,73785819.55,666
0.3,0.9,DS Juv = 0.8,MNE,180122.731707317,59635,356847,41
0.3,0.9,DS Juv = 0.8,SAT,36702382.3754811,11895210.25,72321693.05,410
0.3,0.9,DS Juv = 0.8,SNE,568882.9,174993.725,963501.25,30
0.3,0.9,DS Juv = 0.9,CAN-NNE,39865732.6755372,15138662.25,72608906.5,414
0.3,0.9,DS Juv = 0.9,MAT,38048171.6215767,13646252.475,71549829.675,619
0.3,0.9,DS Juv = 0.9,MNE,191759.782608696,64994.1,387540.55,23
0.3,0.9,DS Juv = 0.9,SAT,37489089.3939527,11825071.9,73485046.75,412
0.3,0.9,DS Juv = 0.9,SNE,474388.708333333,86709.55,925880.925,24
0.3,0.9,DS Juv = 1,CAN-NNE,39506288.2597339,15156541.7,74811084.375,398
0.3,0.9,DS Juv = 1,MAT,37917186.6363294,13020586.625,72975659.025,623
0.3,0.9,DS Juv = 1,MNE,208330.75,63994.5,393566.35,40
0.3,0.9,DS Juv = 1,SAT,37720780.4227541,13412565.525,73629759.45,424
0.3,0.9,DS Juv = 1,SNE,494053.392857143,111513.55,1062303.225,28
0.3,1,DS Juv = 0,CAN-NNE,40617997.7960758,13835449.025,70448564.85,395
0.3,1,DS Juv = 0,MAT,36162145.3057956,11705526.4,68733661.075,612
0.3,1,DS Juv = 0,MNE,89566,25717.95,153386.5,22
0.3,1,DS Juv = 0,SAT,34049105.1555541,11291975.5,65564882.025,436
0.3,1,DS Juv = 0,SNE,360970.058823529,79856.4,712451,17
0.3,1,DS Juv = 0.1,CAN-NNE,36152706.6879032,13719551.775,71715334.45,405
0.3,1,DS Juv = 0.1,MAT,34302927.6295275,10880490.075,66904794.3,577
0.3,1,DS Juv = 0.1,MNE,97114.6923076923,27022.75,182050,26
0.3,1,DS Juv = 0.1,SAT,36080813.3891203,11102266.3,66776321.275,416
0.3,1,DS Juv = 0.1,SNE,347913.71875,98541.8,716048.85,32
0.3,1,DS Juv = 0.2,CAN-NNE,37455832.1330004,12181826.625,73542638.825,395
0.3,1,DS Juv = 0.2,MAT,36392498.5215624,11634514.55,70166176.375,603
0.3,1,DS Juv = 0.2,MNE,99998.2962962963,22803,203567.95,27
0.3,1,DS Juv = 0.2,SAT,38685824.4666002,10843042.975,72627511.6,415
0.3,1,DS Juv = 0.2,SNE,491379.548387097,120655,907312.75,31
0.3,1,DS Juv = 0.3,CAN-NNE,40224494.3985914,13967211.225,72114844.425,388
0.3,1,DS Juv = 0.3,MAT,35809301.5722447,12497602.175,66811050.825,603
0.3,1,DS Juv = 0.3,MNE,113768,24230.275,243407.425,38
0.3,1,DS Juv = 0.3,SAT,35923427.3031875,11315768.25,70903959.1,415
0.3,1,DS Juv = 0.3,SNE,334947.333333333,67697.35,679881.15,27
0.3,1,DS Juv = 0.4,CAN-NNE,42257630.9526822,13713940.375,77525371.425,359
0.3,1,DS Juv = 0.4,MAT,36654617.2694983,12120725.775,68439736.6,580
0.3,1,DS Juv = 0.4,MNE,120156.041666667,30354.975,231956,24
0.3,1,DS Juv = 0.4,SAT,38418846.5036822,11622655.35,71105511.775,424
0.3,1,DS Juv = 0.4,SNE,444492.444444444,131602.85,864657.7,27
0.3,1,DS Juv = 0.5,CAN-NNE,36825970.2592994,14667036.2,68956938.225,409
0.3,1,DS Juv = 0.5,MAT,36556434.6197972,11249839.65,70313837.725,595
0.3,1,DS Juv = 0.5,MNE,126584.909090909,30923.2,299287,33
0.3,1,DS Juv = 0.5,SAT,39298445.118054,12294373.375,74524925.025,429
0.3,1,DS Juv = 0.5,SNE,604385.8,214158.2,1026940.8,25
0.3,1,DS Juv = 0.6,CAN-NNE,41271574.9749298,14235051.475,72459234.75,400
0.3,1,DS Juv = 0.6,MAT,38138158.0375335,13283801.5,72318005.175,597
0.3,1,DS Juv = 0.6,MNE,180026.379310345,56876.1,288652.2,29
0.3,1,DS Juv = 0.6,SAT,38924708.3022758,12392594.25,70745557.725,460
0.3,1,DS Juv = 0.6,SNE,459442.612903226,103880.25,1057056.5,31
0.3,1,DS Juv = 0.7,CAN-NNE,37907895.7770735,13383117.925,74207536.625,417
0.3,1,DS Juv = 0.7,MAT,39428016.5148453,13132335.575,71209262.775,615
0.3,1,DS Juv = 0.7,MNE,151872.310344828,55406.7,323052.6,29
0.3,1,DS Juv = 0.7,SAT,34812176.4583169,11118058.075,69857573.125,416
0.3,1,DS Juv = 0.7,SNE,476910.739130435,102549.9,930162.25,23
0.3,1,DS Juv = 0.8,CAN-NNE,40387844.7510812,13282230.35,74459535.35,446
0.3,1,DS Juv = 0.8,MAT,39976507.5763087,13809053.675,75217655.65,606
0.3,1,DS Juv = 0.8,MNE,188828.457142857,56872.75,331065.2,35
0.3,1,DS Juv = 0.8,SAT,38032279.1922709,11678122.35,73290698.825,410
0.3,1,DS Juv = 0.8,SNE,432647.129032258,76194.75,1111608.5,31
0.3,1,DS Juv = 0.9,CAN-NNE,39282262.6074601,12683479,72528996.525,399
0.3,1,DS Juv = 0.9,MAT,38962395.3402882,13031143.125,72790284.475,606
0.3,1,DS Juv = 0.9,MNE,208350.852941176,56024.875,378081.1,34
0.3,1,DS Juv = 0.9,SAT,38094573.3096165,11791125.8,77045059.05,443
0.3,1,DS Juv = 0.9,SNE,503174.257142857,181444.1,884162.7,35
0.3,1,DS Juv = 1,CAN-NNE,42940885.6863938,15159097.425,78090791.9,393
0.3,1,DS Juv = 1,MAT,38354930.786354,13841208.15,74555937.575,640
0.3,1,DS Juv = 1,MNE,222626.470588235,82686.35,467607.95,34
0.3,1,DS Juv = 1,SAT,37886268.3298101,12973608.075,72765890.625,440
0.3,1,DS Juv = 1,SNE,542628.448275862,147046.3,1093964.2,29
0.4,0,DS Juv = 0,CAN-NNE,38066056.4022868,13027610.075,72171331.875,400
0.4,0,DS Juv = 0,MAT,28595176.7351345,8454982.475,57033269.325,597
0.4,0,DS Juv = 0,MNE,31335.8181818182,138.4,95139,33
0.4,0,DS Juv = 0,SAT,33258719.7555508,9178890.95,64310992.525,418
0.4,0,DS Juv = 0,SNE,305414.371428571,49918,637284.45,35
0.4,0,DS Juv = 0.1,CAN-NNE,37274029.1212713,14682804.7,70825191.15,347
0.4,0,DS Juv = 0.1,MAT,29356645.768447,8511960.875,58239066.925,643
0.4,0,DS Juv = 0.1,MNE,35394.1764705882,510.3,85835.15,34
0.4,0,DS Juv = 0.1,SAT,30262285.7216128,8527697.975,59768358.175,480
0.4,0,DS Juv = 0.1,SNE,291195.741935484,32037,687191.5,31
0.4,0,DS Juv = 0.2,CAN-NNE,39946937.9235697,13418304.85,75471358.875,420
0.4,0,DS Juv = 0.2,MAT,30008300.0172538,9373007.625,57935848.825,607
0.4,0,DS Juv = 0.2,MNE,37670.4615384615,931.5,93731.75,26
0.4,0,DS Juv = 0.2,SAT,31905087.6017943,9738815.3,65961563.475,437
0.4,0,DS Juv = 0.2,SNE,290567.103448276,42648,609973.3,29
0.4,0,DS Juv = 0.3,CAN-NNE,36285735.5330211,12553911.775,64799605.975,410
0.4,0,DS Juv = 0.3,MAT,30105968.4307898,10085702.575,57706904.85,671
0.4,0,DS Juv = 0.3,MNE,60288.65625,2875.15,130817.45,32
0.4,0,DS Juv = 0.3,SAT,33736585.1532694,9824198.95,64716631.55,448
0.4,0,DS Juv = 0.3,SNE,394262.282051282,43721.15,782984.55,39
0.4,0,DS Juv = 0.4,CAN-NNE,36071346.8200008,13547285.95,69331457.5,408
0.4,0,DS Juv = 0.4,MAT,31349453.0033637,9743834.425,59213202.075,621
0.4,0,DS Juv = 0.4,MNE,77373.2413793103,5389.3,143506.2,29
0.4,0,DS Juv = 0.4,SAT,32339391.6052408,10005463.475,64956795.9,455
0.4,0,DS Juv = 0.4,SNE,403272.769230769,57057.625,743485.625,26
0.4,0,DS Juv = 0.5,CAN-NNE,38921490.2526088,12561116.75,69742300.475,386
0.4,0,DS Juv = 0.5,MAT,30937415.6058489,9062511.4,59385869.75,629
0.4,0,DS Juv = 0.5,MNE,64923,7124.9,163351.025,32
0.4,0,DS Juv = 0.5,SAT,33719845.2861572,10418037.3,66055675.425,431
0.4,0,DS Juv = 0.5,SNE,333840.1,67223.125,692643.075,30
0.4,0,DS Juv = 0.6,CAN-NNE,37995769.9517856,13017017.1,71795147.55,414
0.4,0,DS Juv = 0.6,MAT,31959925.1068631,10024752.875,60653348.7,596
0.4,0,DS Juv = 0.6,MNE,91562.48,7790.4,184277.8,25
0.4,0,DS Juv = 0.6,SAT,34130040.4110039,9560667.825,65964734.75,433
0.4,0,DS Juv = 0.6,SNE,393325.28,92343,888677.6,25
0.4,0,DS Juv = 0.7,CAN-NNE,37646814.1808066,13662815.9,78539206.5,437
0.4,0,DS Juv = 0.7,MAT,33466355.5294911,10597655.9,64724012.45,616
0.4,0,DS Juv = 0.7,MNE,114340.96,20580.4,217194.2,25
0.4,0,DS Juv = 0.7,SAT,36193284.9128226,10063527.475,67278158.1,415
0.4,0,DS Juv = 0.7,SNE,386502.206896552,103178.4,718548.9,29
0.4,0,DS Juv = 0.8,CAN-NNE,41019872.703935,13126304.85,78571645.3,360
0.4,0,DS Juv = 0.8,MAT,32358672.1550668,10605544.075,61393866.375,641
0.4,0,DS Juv = 0.8,MNE,118476.75,21077.775,225860.475,48
0.4,0,DS Juv = 0.8,SAT,35769781.1921283,11488291.7,70032782.475,456
0.4,0,DS Juv = 0.8,SNE,461731.347826087,26725.65,846392.45,23
0.4,0,DS Juv = 0.9,CAN-NNE,38092620.9983058,14284204.675,70830616.775,412
0.4,0,DS Juv = 0.9,MAT,34548272.9165201,11227278.8,64231648.6,596
0.4,0,DS Juv = 0.9,MNE,129096.878787879,22908.2,324712.8,33
0.4,0,DS Juv = 0.9,SAT,35496405.3902012,10957338.225,66804528.325,454
0.4,0,DS Juv = 0.9,SNE,400793.255813953,86418.15,875016,43
0.4,0,DS Juv = 1,CAN-NNE,38878426.1028455,13620407.5,76573050.65,452
0.4,0,DS Juv = 1,MAT,35053358.8889721,11440347.4,65915994.375,594
0.4,0,DS Juv = 1,MNE,146933.78125,47295.075,324814.65,32
0.4,0,DS Juv = 1,SAT,38336420.7200392,11238469.625,72785160.7,415
0.4,0,DS Juv = 1,SNE,399288.045454545,97723.4,917580.375,44
0.4,0.1,DS Juv = 0,CAN-NNE,41649814.066188,12674950.375,74859801.425,409
0.4,0.1,DS Juv = 0,MAT,30155510.0596555,8966272.25,56720706.875,632
0.4,0.1,DS Juv = 0,MNE,31992.6666666667,295.825,81994.075,30
0.4,0.1,DS Juv = 0,SAT,30785278.7087011,9332954.45,62469013.775,407
0.4,0.1,DS Juv = 0,SNE,314979.411764706,25148.525,618988.55,34
0.4,0.1,DS Juv = 0.1,CAN-NNE,39279724.9279454,12441887.125,72726910.8,382
0.4,0.1,DS Juv = 0.1,MAT,31030627.0380168,9335769.825,58940489.725,627
0.4,0.1,DS Juv = 0.1,MNE,38534.8214285714,779.875,98574.45,28
0.4,0.1,DS Juv = 0.1,SAT,31956647.3246266,8715123.675,64063782.575,415
0.4,0.1,DS Juv = 0.1,SNE,366596.434782609,93858.2,780210.7,23
0.4,0.1,DS Juv = 0.2,CAN-NNE,36367480.3972203,12943097.625,67022786.8,373
0.4,0.1,DS Juv = 0.2,MAT,29497703.0988773,9069939.45,55641788.675,626
0.4,0.1,DS Juv = 0.2,MNE,36864.1428571429,2105.8,108373.325,28
0.4,0.1,DS Juv = 0.2,SAT,33306366.9657993,9549168.775,64796962.85,463
0.4,0.1,DS Juv = 0.2,SNE,342229.62962963,31404.75,779625.65,27
0.4,0.1,DS Juv = 0.3,CAN-NNE,37855421.4320225,14068340.9,69027301.675,394
0.4,0.1,DS Juv = 0.3,MAT,32590706.572843,9567489.95,59211022.475,583
0.4,0.1,DS Juv = 0.3,MNE,60660.78125,580.6,134415,32
0.4,0.1,DS Juv = 0.3,SAT,33504431.2628583,9241733.3,66936911.4,439
0.4,0.1,DS Juv = 0.3,SNE,290812.40625,69273,735692.5,32
0.4,0.1,DS Juv = 0.4,CAN-NNE,36508805.0843073,12652588.825,73875799.45,405
0.4,0.1,DS Juv = 0.4,MAT,32230644.1028952,10288098,60920202.9,574
0.4,0.1,DS Juv = 0.4,MNE,77197.9743589744,8881.65,156944.2,39
0.4,0.1,DS Juv = 0.4,SAT,33533276.3881104,10555494.975,68184580.75,450
0.4,0.1,DS Juv = 0.4,SNE,315509.90625,47630.525,655655.225,32
0.4,0.1,DS Juv = 0.5,CAN-NNE,36922554.3594937,12204252.3,73217745.9,392
0.4,0.1,DS Juv = 0.5,MAT,32660018.0514016,10455688.7,59549876.75,634
0.4,0.1,DS Juv = 0.5,MNE,82057,2758.6,195325,33
0.4,0.1,DS Juv = 0.5,SAT,31761579.3229768,9002150.625,62185611.075,431
0.4,0.1,DS Juv = 0.5,SNE,405297.533333333,58255.525,755861.85,30
0.4,0.1,DS Juv = 0.6,CAN-NNE,42027071.6176501,13829527.6,78329667.025,376
0.4,0.1,DS Juv = 0.6,MAT,32650809.2199292,9830453.25,60877071.45,589
0.4,0.1,DS Juv = 0.6,MNE,77987.75,17417.375,222965,32
0.4,0.1,DS Juv = 0.6,SAT,35313119.8464976,10455211.95,68339551.025,424
0.4,0.1,DS Juv = 0.6,SNE,452091.545454545,77775.8,958309,33
0.4,0.1,DS Juv = 0.7,CAN-NNE,40686074.7683576,14435219.475,73909785.3,372
0.4,0.1,DS Juv = 0.7,MAT,33553102.7523753,10144818.5,64135259.625,600
0.4,0.1,DS Juv = 0.7,MNE,91231.6538461538,3047.375,253971,26
0.4,0.1,DS Juv = 0.7,SAT,34601425.4162697,11598358.825,63677054.15,387
0.4,0.1,DS Juv = 0.7,SNE,369200.684210526,81902,837714.2,38
0.4,0.1,DS Juv = 0.8,CAN-NNE,38635114.753078,14324146.625,72576910.725,433
0.4,0.1,DS Juv = 0.8,MAT,33798866.3114665,11394673.925,64447226.625,587
0.4,0.1,DS Juv = 0.8,MNE,107869.965517241,31969.4,255185.3,29
0.4,0.1,DS Juv = 0.8,SAT,34686394.4358281,10266622.25,68619306.525,438
0.4,0.1,DS Juv = 0.8,SNE,411615.292682927,79734,864659,41
0.4,0.1,DS Juv = 0.9,CAN-NNE,41350003.2323001,13789411.625,74625263.825,375
0.4,0.1,DS Juv = 0.9,MAT,33613162.8105551,11449088.85,65638674.55,580
0.4,0.1,DS Juv = 0.9,MNE,131387.151515152,30339.8,267769.8,33
0.4,0.1,DS Juv = 0.9,SAT,35183408.8729472,11568496.925,70760762.425,435
0.4,0.1,DS Juv = 0.9,SNE,518393.75,118191.15,1068208.575,24
0.4,0.1,DS Juv = 1,CAN-NNE,41050753.0979894,13146676.975,72803386.175,406
0.4,0.1,DS Juv = 1,MAT,36083435.9476731,11430438.175,67804060.5,577
0.4,0.1,DS Juv = 1,MNE,162297.724137931,39543.5,289006.8,29
0.4,0.1,DS Juv = 1,SAT,36168096.3030633,11271948.075,70084879.25,390
0.4,0.1,DS Juv = 1,SNE,421482.305555556,128830.75,698392.625,36
0.4,0.2,DS Juv = 0,CAN-NNE,38186965.6829753,13406163.55,67978125.6,409
0.4,0.2,DS Juv = 0,MAT,30136871.7998667,8427293.475,56264407.625,641
0.4,0.2,DS Juv = 0,MNE,39365.7857142857,1212.775,98695.375,28
0.4,0.2,DS Juv = 0,SAT,32136527.0208016,9946537.875,61484571.375,440
0.4,0.2,DS Juv = 0,SNE,353548.785714286,88490.1,689771.85,28
0.4,0.2,DS Juv = 0.1,CAN-NNE,37200866.2560587,12950575.175,70467478.35,362
0.4,0.2,DS Juv = 0.1,MAT,30722830.3921933,8928218.3,59167893.4,630
0.4,0.2,DS Juv = 0.1,MNE,32621.5789473684,44.45,103166.9,38
0.4,0.2,DS Juv = 0.1,SAT,30884480.3642512,9687769.925,60464700.025,408
0.4,0.2,DS Juv = 0.1,SNE,296346.318181818,38883.225,595364.525,22
0.4,0.2,DS Juv = 0.2,CAN-NNE,36856478.3615289,13867235.6,69540646.725,432
0.4,0.2,DS Juv = 0.2,MAT,30767524.2346579,8779639.6,58540346.725,620
0.4,0.2,DS Juv = 0.2,MNE,43596.59375,750.1,127337.6,32
0.4,0.2,DS Juv = 0.2,SAT,33657017.5877766,10308440.075,62496091.425,458
0.4,0.2,DS Juv = 0.2,SNE,334686.096774194,76690.5,736656.75,31
0.4,0.2,DS Juv = 0.3,CAN-NNE,37444213.3318704,13145527.65,71458086.15,364
0.4,0.2,DS Juv = 0.3,MAT,30992593.4790155,9473434.4,60784649.925,609
0.4,0.2,DS Juv = 0.3,MNE,55762.3636363636,3240.2,143567.8,33
0.4,0.2,DS Juv = 0.3,SAT,32571029.2503998,10522265.375,63924113,457
0.4,0.2,DS Juv = 0.3,SNE,338991.772727273,60846.75,681498.525,22
0.4,0.2,DS Juv = 0.4,CAN-NNE,40448148.5864554,13532779.825,70361160.475,425
0.4,0.2,DS Juv = 0.4,MAT,32152234.9897724,9965458.45,59364937.875,599
0.4,0.2,DS Juv = 0.4,MNE,53529.6428571429,4897.175,123984.375,28
0.4,0.2,DS Juv = 0.4,SAT,34576125.2872029,10064549.45,67088795.3,418
0.4,0.2,DS Juv = 0.4,SNE,373908.357142857,74907.3,785039.975,28
0.4,0.2,DS Juv = 0.5,CAN-NNE,37341461.6839592,12358827.85,71672690.075,386
0.4,0.2,DS Juv = 0.5,MAT,31584823.2215031,10002994.15,59284031.375,591
0.4,0.2,DS Juv = 0.5,MNE,84268.8235294118,9314.475,211023.875,34
0.4,0.2,DS Juv = 0.5,SAT,35239215.2642433,10884019.7,65190029.925,480
0.4,0.2,DS Juv = 0.5,SNE,278739.620689655,75844.9,670775,29
0.4,0.2,DS Juv = 0.6,CAN-NNE,40109378.4048123,13337138.6,69915662.2,412
0.4,0.2,DS Juv = 0.6,MAT,32742616.7407167,10416574.15,63204108.85,590
0.4,0.2,DS Juv = 0.6,MNE,97177.064516129,13195.5,181304.75,31
0.4,0.2,DS Juv = 0.6,SAT,34834108.8031389,11251130.2,62247979.1,444
0.4,0.2,DS Juv = 0.6,SNE,436065.230769231,102765.625,739761.75,26
0.4,0.2,DS Juv = 0.7,CAN-NNE,35715349.2937705,12530561.8,70847176.075,378
0.4,0.2,DS Juv = 0.7,MAT,32048280.4134395,10289724.3,62983817.275,587
0.4,0.2,DS Juv = 0.7,MNE,117096.264705882,19491.225,240811.55,34
0.4,0.2,DS Juv = 0.7,SAT,35927133.5521211,11562819.325,69233317.3,397
0.4,0.2,DS Juv = 0.7,SNE,422055.236842105,73694.275,756886.449999999,38
0.4,0.2,DS Juv = 0.8,CAN-NNE,41656170.5783155,15778314.05,77349688.275,377
0.4,0.2,DS Juv = 0.8,MAT,34447198.5895608,11309172.375,65012212.5,627
0.4,0.2,DS Juv = 0.8,MNE,125113.774193548,36118,248585.5,31
0.4,0.2,DS Juv = 0.8,SAT,36192124.4714609,11239889.825,71904115.3,441
0.4,0.2,DS Juv = 0.8,SNE,475369.290322581,84227.5,838818.5,31
0.4,0.2,DS Juv = 0.9,CAN-NNE,40691981.2118304,14082524.025,74310544.5,386
0.4,0.2,DS Juv = 0.9,MAT,35309680.6684585,11228838.675,67479060.1,645
0.4,0.2,DS Juv = 0.9,MNE,140490.785714286,45848.675,351051.375,14
0.4,0.2,DS Juv = 0.9,SAT,38156304.8532273,12891226.7,71575332.65,433
0.4,0.2,DS Juv = 0.9,SNE,492154.066666667,97903.15,936784.1,30
0.4,0.2,DS Juv = 1,CAN-NNE,41990404.3039698,13475377.525,72003773.35,367
0.4,0.2,DS Juv = 1,MAT,36703666.559786,11557922.15,72257949.375,629
0.4,0.2,DS Juv = 1,MNE,206661.65625,50974.825,367923.15,32
0.4,0.2,DS Juv = 1,SAT,36833575.7805136,11415627.1,71382778.225,443
0.4,0.2,DS Juv = 1,SNE,379903.870967742,56095,847899.5,31
0.4,0.3,DS Juv = 0,CAN-NNE,39093341.3968512,13611329.775,74563230.725,370
0.4,0.3,DS Juv = 0,MAT,29787631.8002116,8523843.1,57597000.45,555
0.4,0.3,DS Juv = 0,MNE,46983.2727272727,284,101093.4,33
0.4,0.3,DS Juv = 0,SAT,30517052.8214781,8306011.05,61391659.775,454
0.4,0.3,DS Juv = 0,SNE,316454.419354839,58138.25,614276.25,31
0.4,0.3,DS Juv = 0.1,CAN-NNE,35766101.8379289,12802609.15,68503229.6,362
0.4,0.3,DS Juv = 0.1,MAT,29999133.3573103,9148483,58455169.275,590
0.4,0.3,DS Juv = 0.1,MNE,43213.4666666667,1774.875,110636.65,30
0.4,0.3,DS Juv = 0.1,SAT,33243950.5085074,9830146.875,64764007.725,468
0.4,0.3,DS Juv = 0.1,SNE,285127,28871.9,650441.7,29
0.4,0.3,DS Juv = 0.2,CAN-NNE,39302285.3900341,12096883.175,71289913.675,383
0.4,0.3,DS Juv = 0.2,MAT,29974553.4719745,9792924.625,58970793.925,628
0.4,0.3,DS Juv = 0.2,MNE,47682.88,2340.6,118539,25
0.4,0.3,DS Juv = 0.2,SAT,34173124.6589004,9942958.7,65581141.625,464
0.4,0.3,DS Juv = 0.2,SNE,329523.764705882,51837.75,631532.35,34
0.4,0.3,DS Juv = 0.3,CAN-NNE,39874713.0235126,13356324.175,74656975.45,392
0.4,0.3,DS Juv = 0.3,MAT,30779032.189042,9956154.7,59468830.25,602
0.4,0.3,DS Juv = 0.3,MNE,66618.6896551724,3180.9,159971.8,29
0.4,0.3,DS Juv = 0.3,SAT,32527515.0923334,8898015.35,63781194.7,433
0.4,0.3,DS Juv = 0.3,SNE,343558,38758.1,685347.4,30
0.4,0.3,DS Juv = 0.4,CAN-NNE,34170222.2688306,12621042.85,69242066.575,397
0.4,0.3,DS Juv = 0.4,MAT,32446888.7828919,9816458.8,60575184.825,601
0.4,0.3,DS Juv = 0.4,MNE,66722.2333333333,660.525,146010.525,30
0.4,0.3,DS Juv = 0.4,SAT,34456163.0929786,10634259.775,66010998.05,429
0.4,0.3,DS Juv = 0.4,SNE,424015.852941176,78371.725,870372.45,34
0.4,0.3,DS Juv = 0.5,CAN-NNE,37029170.7210523,12854671.3,75858229,400
0.4,0.3,DS Juv = 0.5,MAT,32569420.6398319,10429519.85,62751934.95,606
0.4,0.3,DS Juv = 0.5,MNE,102650.6,15279.325,183681.3,30
0.4,0.3,DS Juv = 0.5,SAT,35901519.5953154,11180303.075,66337510.375,402
0.4,0.3,DS Juv = 0.5,SNE,346137.552631579,76436.8,729904.625,38
0.4,0.3,DS Juv = 0.6,CAN-NNE,38072082.3653733,13358498.6,65702846.65,378
0.4,0.3,DS Juv = 0.6,MAT,30775532.8827643,9256336.45,60033262.625,566
0.4,0.3,DS Juv = 0.6,MNE,80228.625,12669.025,209113.825,32
0.4,0.3,DS Juv = 0.6,SAT,37623079.4185378,10744581.325,69207651.35,428
0.4,0.3,DS Juv = 0.6,SNE,347551.967741935,78805.75,851883,31
0.4,0.3,DS Juv = 0.7,CAN-NNE,37677790.0188288,13233615.175,72207512.1,386
0.4,0.3,DS Juv = 0.7,MAT,33751663.0496599,10864988.8,64092252.95,633
0.4,0.3,DS Juv = 0.7,MNE,120733.647058824,23657.025,238821.2,34
0.4,0.3,DS Juv = 0.7,SAT,35504461.3133092,11081575.975,68977126.575,453
0.4,0.3,DS Juv = 0.7,SNE,447151.189189189,86079.9,958853.1,37
0.4,0.3,DS Juv = 0.8,CAN-NNE,38006130.9955965,12893106.225,73000349.075,394
0.4,0.3,DS Juv = 0.8,MAT,36016630.3862321,12001423.475,67730591.75,567
0.4,0.3,DS Juv = 0.8,MNE,129799.222222222,38075,240560.375,36
0.4,0.3,DS Juv = 0.8,SAT,37328715.802128,11022152.6,70897378.025,414
0.4,0.3,DS Juv = 0.8,SNE,325430.7,14218.75,854922.925,20
0.4,0.3,DS Juv = 0.9,CAN-NNE,37156980.5334177,14316681.2,66978334.775,372
0.4,0.3,DS Juv = 0.9,MAT,34650263.4045852,11503026.225,63878743.925,621
0.4,0.3,DS Juv = 0.9,MNE,156033.365853659,25065,321917,41
0.4,0.3,DS Juv = 0.9,SAT,37201209.7032076,11102698.725,70686393.15,429
0.4,0.3,DS Juv = 0.9,SNE,450158.894736842,99778.55,906539.699999999,38
0.4,0.3,DS Juv = 1,CAN-NNE,38753175.8576285,14655396.725,73067212.525,407
0.4,0.3,DS Juv = 1,MAT,35315097.2156245,12469440.575,67337190.425,605
0.4,0.3,DS Juv = 1,MNE,183650.787878788,54926.4,366186.8,33
0.4,0.3,DS Juv = 1,SAT,37584544.611475,11734070.925,68773245.6,436
0.4,0.3,DS Juv = 1,SNE,417651.236842105,140626.65,748817.874999999,38
0.4,0.4,DS Juv = 0,CAN-NNE,37349229.9168594,11884836.375,69460672.275,372
0.4,0.4,DS Juv = 0,MAT,31411916.7104427,8812774.025,59242024.475,607
0.4,0.4,DS Juv = 0,MNE,43166.4594594595,39.2,109012.9,37
0.4,0.4,DS Juv = 0,SAT,34249818.8077656,10244091.35,65921487.6,380
0.4,0.4,DS Juv = 0,SNE,299506.484848485,40841.4,693892.6,33
0.4,0.4,DS Juv = 0.1,CAN-NNE,39326425.0737886,15270047.925,73717253.05,402
0.4,0.4,DS Juv = 0.1,MAT,30596138.4243442,9584467.925,58774174.775,606
0.4,0.4,DS Juv = 0.1,MNE,54938.4166666667,543.75,128464.375,36
0.4,0.4,DS Juv = 0.1,SAT,34944858.457807,9325044.6,64618756.45,405
0.4,0.4,DS Juv = 0.1,SNE,317825.05,51038.825,748213.275,20
0.4,0.4,DS Juv = 0.2,CAN-NNE,34878472.4331338,12354339.175,65406663.225,400
0.4,0.4,DS Juv = 0.2,MAT,32029215.9468398,9984723.675,59817006.675,593
0.4,0.4,DS Juv = 0.2,MNE,54885.8148148148,6390.6,122929.85,27
0.4,0.4,DS Juv = 0.2,SAT,32510030.6301242,9933328.375,64660613.25,412
0.4,0.4,DS Juv = 0.2,SNE,349526.516129032,59427.5,759644.5,31
0.4,0.4,DS Juv = 0.3,CAN-NNE,37075262.1341128,12773918.575,72091271.475,384
0.4,0.4,DS Juv = 0.3,MAT,32118154.7671177,10216117.425,63277120.975,573
0.4,0.4,DS Juv = 0.3,MNE,74765.9,2648.525,144612.5,30
0.4,0.4,DS Juv = 0.3,SAT,33811269.7669568,11628054.55,63048175.65,413
0.4,0.4,DS Juv = 0.3,SNE,302851.685714286,50927.2,834293.15,35
0.4,0.4,DS Juv = 0.4,CAN-NNE,37241878.574144,11678087.45,70981480.725,431
0.4,0.4,DS Juv = 0.4,MAT,33110539.4638472,11261920.425,61125820.05,607
0.4,0.4,DS Juv = 0.4,MNE,81071.1764705882,4201,179880.1,34
0.4,0.4,DS Juv = 0.4,SAT,34584083.6059302,10531995.875,65281212.625,430
0.4,0.4,DS Juv = 0.4,SNE,367399.363636364,46250,832813,33
0.4,0.4,DS Juv = 0.5,CAN-NNE,38071691.7294322,12661493.025,70719414.4,421
0.4,0.4,DS Juv = 0.5,MAT,32796323.3182697,10043961.1,62408478.15,610
0.4,0.4,DS Juv = 0.5,MNE,81722.4193548387,11507.75,201680,31
0.4,0.4,DS Juv = 0.5,SAT,35083289.0568729,10589878.425,65832585.575,425
0.4,0.4,DS Juv = 0.5,SNE,357739,57626.25,844011.549999999,34
0.4,0.4,DS Juv = 0.6,CAN-NNE,38479328.469052,13261642.925,74366887.8,412
0.4,0.4,DS Juv = 0.6,MAT,35064963.1273562,10299409.6,65008716.375,617
0.4,0.4,DS Juv = 0.6,MNE,108960.777777778,20920.6,237171.8,45
0.4,0.4,DS Juv = 0.6,SAT,36143539.7825689,11146894.275,67369692.8,432
0.4,0.4,DS Juv = 0.6,SNE,399991.916666667,123120.5,815726.75,36
0.4,0.4,DS Juv = 0.7,CAN-NNE,38937473.319662,13406832.725,77057355.175,391
0.4,0.4,DS Juv = 0.7,MAT,35457906.4767988,10915424.925,65069784.55,623
0.4,0.4,DS Juv = 0.7,MNE,95325.7297297297,23963.1,234630,37
0.4,0.4,DS Juv = 0.7,SAT,36201162.1504976,11759605.525,71798790.75,457
0.4,0.4,DS Juv = 0.7,SNE,449554.5625,90539.025,849270.325,32
0.4,0.4,DS Juv = 0.8,CAN-NNE,36459768.9453254,13154930.75,69152085.95,411
0.4,0.4,DS Juv = 0.8,MAT,34680639.1756569,11320216.475,66081812.85,637
0.4,0.4,DS Juv = 0.8,MNE,140364.941176471,40526,302854.2,17
0.4,0.4,DS Juv = 0.8,SAT,34642559.5785546,10898511.225,67171253.625,426
0.4,0.4,DS Juv = 0.8,SNE,492409.588235294,107118.35,1030870.875,34
0.4,0.4,DS Juv = 0.9,CAN-NNE,39647975.2581203,13686047.875,74984456.975,386
0.4,0.4,DS Juv = 0.9,MAT,37264804.1193334,12020212.375,67690871.5,594
0.4,0.4,DS Juv = 0.9,MNE,199888.25,53547.45,320966.725,28
0.4,0.4,DS Juv = 0.9,SAT,37046919.1311322,11295966.3,74521399.225,428
0.4,0.4,DS Juv = 0.9,SNE,392165.263157895,76488.125,722837.099999999,38
0.4,0.4,DS Juv = 1,CAN-NNE,39149261.7451127,12313212.9,69840138.375,389
0.4,0.4,DS Juv = 1,MAT,37072270.338705,11977513.1,70725321.575,595
0.4,0.4,DS Juv = 1,MNE,189728.857142857,43785.325,336573.15,28
0.4,0.4,DS Juv = 1,SAT,36356575.113268,11386978.05,75294074.825,397
0.4,0.4,DS Juv = 1,SNE,428255.076923077,60666.625,950451.125,26
0.4,0.5,DS Juv = 0,CAN-NNE,37462121.4038384,13335278.85,70345372.275,375
0.4,0.5,DS Juv = 0,MAT,31686015.3444639,9536113.25,61134182.425,647
0.4,0.5,DS Juv = 0,MNE,36131.25,143.075,106633.175,28
0.4,0.5,DS Juv = 0,SAT,34129149.748507,9804724.8,65315984.4,405
0.4,0.5,DS Juv = 0,SNE,333068.225806452,46971.5,637031,31
0.4,0.5,DS Juv = 0.1,CAN-NNE,41452210.7848733,14619871.925,69085294.55,385
0.4,0.5,DS Juv = 0.1,MAT,34044905.7645607,10173590.05,60817096.425,616
0.4,0.5,DS Juv = 0.1,MNE,38939.4,1230.8,113534,25
0.4,0.5,DS Juv = 0.1,SAT,34438766.9599489,9739858.125,66031146.4,457
0.4,0.5,DS Juv = 0.1,SNE,259866.515151515,19192.8,844921.8,33
0.4,0.5,DS Juv = 0.2,CAN-NNE,37230746.5802992,12893192.65,71085047.525,402
0.4,0.5,DS Juv = 0.2,MAT,30885875.8164889,10550925.125,61899046.975,633
0.4,0.5,DS Juv = 0.2,MNE,76912.4230769231,2208.5,155878.5,26
0.4,0.5,DS Juv = 0.2,SAT,34631764.6886244,10921672.425,66198769,454
0.4,0.5,DS Juv = 0.2,SNE,418204,35644,722381.5,21
0.4,0.5,DS Juv = 0.3,CAN-NNE,38059356.9813368,12080599.75,73849858.45,407
0.4,0.5,DS Juv = 0.3,MAT,31666481.4942676,9948533.75,59335146.85,630
0.4,0.5,DS Juv = 0.3,MNE,87990.8181818182,10032.9,158806.425,22
0.4,0.5,DS Juv = 0.3,SAT,31486440.7201314,9213780.85,66738370.725,441
0.4,0.5,DS Juv = 0.3,SNE,427431.387096774,64449.75,872493,31
0.4,0.5,DS Juv = 0.4,CAN-NNE,39168239.0311581,13641208.65,75526806.275,435
0.4,0.5,DS Juv = 0.4,MAT,32578257.0647557,9295377,62124425.275,630
0.4,0.5,DS Juv = 0.4,MNE,77440.9655172414,10139.5,178421.8,29
0.4,0.5,DS Juv = 0.4,SAT,37004667.8185746,10999408.05,68014386.275,442
0.4,0.5,DS Juv = 0.4,SNE,409893.357142857,74417.65,772824.35,28
0.4,0.5,DS Juv = 0.5,CAN-NNE,39566731.9836732,13623444.4,67862479.175,386
0.4,0.5,DS Juv = 0.5,MAT,34585582.5097401,10234730.625,63680087.9,648
0.4,0.5,DS Juv = 0.5,MNE,113183.088235294,13248.075,190507.15,34
0.4,0.5,DS Juv = 0.5,SAT,33976967.2277065,10820587.925,67144153.475,393
0.4,0.5,DS Juv = 0.5,SNE,359956,49106.35,808640.925,32
0.4,0.5,DS Juv = 0.6,CAN-NNE,38285903.2892706,11967795.375,74302642.675,451
0.4,0.5,DS Juv = 0.6,MAT,35124102.0180649,11520127.125,64992906.275,557
0.4,0.5,DS Juv = 0.6,MNE,125892.576923077,11387.625,245912.375,26
0.4,0.5,DS Juv = 0.6,SAT,35085446.8340056,10991942.725,70869250.425,423
0.4,0.5,DS Juv = 0.6,SNE,430681.235294118,82112.025,866058.575,34
0.4,0.5,DS Juv = 0.7,CAN-NNE,39794629.57987,13110222.275,69432309.525,405
0.4,0.5,DS Juv = 0.7,MAT,35160209.2297677,11259853.175,66520464.325,627
0.4,0.5,DS Juv = 0.7,MNE,160793.571428571,31869,307512.85,35
0.4,0.5,DS Juv = 0.7,SAT,37302672.8333894,13729737.025,70625400.125,377
0.4,0.5,DS Juv = 0.7,SNE,381258.352941176,78611.325,932681.4,34
0.4,0.5,DS Juv = 0.8,CAN-NNE,39308011.307133,13932223.525,71374694.725,413
0.4,0.5,DS Juv = 0.8,MAT,35148832.0649581,10653498.7,66366852.45,622
0.4,0.5,DS Juv = 0.8,MNE,127174.384615385,25379.25,265471,26
0.4,0.5,DS Juv = 0.8,SAT,36885081.4505971,12048263.35,69334402.275,460
0.4,0.5,DS Juv = 0.8,SNE,374401.194444444,60006.75,737425.125,36
0.4,0.5,DS Juv = 0.9,CAN-NNE,40447270.8514204,13647354.6,73206515.6,400
0.4,0.5,DS Juv = 0.9,MAT,36464875.9020085,12176702.425,70743225.975,646
0.4,0.5,DS Juv = 0.9,MNE,158133.794117647,43619.1,321210,34
0.4,0.5,DS Juv = 0.9,SAT,36827007.9201143,12563166.475,71804904.65,451
0.4,0.5,DS Juv = 0.9,SNE,451793.676470588,82506.575,1105872.15,34
0.4,0.5,DS Juv = 1,CAN-NNE,39644043.071707,13288204.5,73487944.025,390
0.4,0.5,DS Juv = 1,MAT,38063860.2654979,12274666.025,72902450.1,627
0.4,0.5,DS Juv = 1,MNE,180338.064516129,52980.5,383193.5,31
0.4,0.5,DS Juv = 1,SAT,38917891.8773052,12019221.275,74682311.65,439
0.4,0.5,DS Juv = 1,SNE,421441.34375,93145.975,868947.925,32
0.4,0.6,DS Juv = 0,CAN-NNE,36832678.209092,11384804.625,72757595.525,450
0.4,0.6,DS Juv = 0,MAT,32212324.6336034,9961892.325,59589077.175,594
0.4,0.6,DS Juv = 0,MNE,50326.6060606061,835.6,106938.6,33
0.4,0.6,DS Juv = 0,SAT,32759828.8613233,9575571.025,62583502.225,419
0.4,0.6,DS Juv = 0,SNE,411269.916666667,50409.225,920906.825,24
0.4,0.6,DS Juv = 0.1,CAN-NNE,37571531.9182373,13204976.8,73710590.7,382
0.4,0.6,DS Juv = 0.1,MAT,31297315.0175391,10032144.925,59002860.825,673
0.4,0.6,DS Juv = 0.1,MNE,55591.4736842105,799.55,127657.15,19
0.4,0.6,DS Juv = 0.1,SAT,32627616.4700665,9916368.8,63963543.75,431
0.4,0.6,DS Juv = 0.1,SNE,376402.411764706,47246.95,631717.95,34
0.4,0.6,DS Juv = 0.2,CAN-NNE,35090986.7438922,13693506.875,66469234.55,386
0.4,0.6,DS Juv = 0.2,MAT,31579901.2921065,9952323.35,61949095.475,584
0.4,0.6,DS Juv = 0.2,MNE,62803.7333333333,2627.025,147824.625,30
0.4,0.6,DS Juv = 0.2,SAT,33543719.7117193,9777790.325,65803687.825,483
0.4,0.6,DS Juv = 0.2,SNE,291495.56,67945.2,866631.6,25
0.4,0.6,DS Juv = 0.3,CAN-NNE,38061017.6266216,14007779.825,64860077.05,400
0.4,0.6,DS Juv = 0.3,MAT,32643517.9316332,10253093.85,61818738.6,572
0.4,0.6,DS Juv = 0.3,MNE,81176.6875,5645.125,172705.3,32
0.4,0.6,DS Juv = 0.3,SAT,36326118.8405265,11113110.275,65554084.2,405
0.4,0.6,DS Juv = 0.3,SNE,365184.575757576,88693.4,724796.800000001,33
0.4,0.6,DS Juv = 0.4,CAN-NNE,39139184.8423034,12664643.1,75044705.05,375
0.4,0.6,DS Juv = 0.4,MAT,34143103.7337798,10171366.35,63158284.55,660
0.4,0.6,DS Juv = 0.4,MNE,103130,4497.9,206839.85,30
0.4,0.6,DS Juv = 0.4,SAT,34178694.8056266,10121215.8,66989710,443
0.4,0.6,DS Juv = 0.4,SNE,367538.15,48863.8,824716.05,20
0.4,0.6,DS Juv = 0.5,CAN-NNE,39415799.4430651,12937009.5,72338681.875,382
0.4,0.6,DS Juv = 0.5,MAT,34866223.2305753,11366545.075,65226618.4,627
0.4,0.6,DS Juv = 0.5,MNE,103637.526315789,16367.225,201177,38
0.4,0.6,DS Juv = 0.5,SAT,36283566.7730369,11699702.15,71545933.825,395
0.4,0.6,DS Juv = 0.5,SNE,391586.4,52947,993583.8,25
0.4,0.6,DS Juv = 0.6,CAN-NNE,34951458.4936886,14840457.4,67993508.2,386
0.4,0.6,DS Juv = 0.6,MAT,34422540.240402,10591787,63370478.775,615
0.4,0.6,DS Juv = 0.6,MNE,83988.0434782609,16884.4,177368.9,23
0.4,0.6,DS Juv = 0.6,SAT,34094712.9438536,10090507.05,69313658.775,490
0.4,0.6,DS Juv = 0.6,SNE,442707.368421053,91179.225,829711.499999999,38
0.4,0.6,DS Juv = 0.7,CAN-NNE,39911144.4323338,12460093.6,72922502.375,424
0.4,0.6,DS Juv = 0.7,MAT,37830281.3364391,11891587.75,69313938.575,604
0.4,0.6,DS Juv = 0.7,MNE,134970.851851852,33893.2,258714.3,27
0.4,0.6,DS Juv = 0.7,SAT,37164947.1334639,11365485.025,71729587.425,463
0.4,0.6,DS Juv = 0.7,SNE,403997.071428571,131457.35,842387.525,28
0.4,0.6,DS Juv = 0.8,CAN-NNE,38583514.807434,12999472.8,72864933.225,413
0.4,0.6,DS Juv = 0.8,MAT,37494151.6051403,12938376.325,70887667.325,627
0.4,0.6,DS Juv = 0.8,MNE,174021.513513514,28290.6,302610.1,37
0.4,0.6,DS Juv = 0.8,SAT,33952814.8160249,11427696.525,68388976.875,385
0.4,0.6,DS Juv = 0.8,SNE,523829.96,89320.8,1140502,25
0.4,0.6,DS Juv = 0.9,CAN-NNE,39308917.9185174,13968945.9,79177570.625,412
0.4,0.6,DS Juv = 0.9,MAT,38577214.2068456,12991229.55,70142707.725,614
0.4,0.6,DS Juv = 0.9,MNE,212087.833333333,47530.125,378933.5,36
0.4,0.6,DS Juv = 0.9,SAT,39352240.4486605,12862411.775,72251775.95,422
0.4,0.6,DS Juv = 0.9,SNE,482878.642857143,82550.975,1037773.3,28
0.4,0.6,DS Juv = 1,CAN-NNE,40108293.287176,12254367.8,75177510.175,391
0.4,0.6,DS Juv = 1,MAT,41793863.1637536,13017650.9,75969756.05,605
0.4,0.6,DS Juv = 1,MNE,209346.256410256,61968.45,388968.05,39
0.4,0.6,DS Juv = 1,SAT,39215938.3809308,12414863.35,78304720.35,477
0.4,0.6,DS Juv = 1,SNE,481891.032258065,114397.75,959051.5,31
0.4,0.7,DS Juv = 0,CAN-NNE,38266005.0804612,13686561.925,74735270.75,418
0.4,0.7,DS Juv = 0,MAT,32521418.9389057,9376091.825,64774819.15,605
0.4,0.7,DS Juv = 0,MNE,44210.8974358974,1927.45,124481.85,39
0.4,0.7,DS Juv = 0,SAT,34523107.9096509,11015667.65,65563817.25,404
0.4,0.7,DS Juv = 0,SNE,382649.15,79323.4,813905.2,40
0.4,0.7,DS Juv = 0.1,CAN-NNE,40484422.8553439,12942477.1,74274672.65,370
0.4,0.7,DS Juv = 0.1,MAT,32669542.1965531,10622994.775,62028908.525,626
0.4,0.7,DS Juv = 0.1,MNE,54915.2162162162,3915.7,154615.1,37
0.4,0.7,DS Juv = 0.1,SAT,36476816.4772212,10475756.975,73480886.575,416
0.4,0.7,DS Juv = 0.1,SNE,307058.90625,79923.1,790596.15,32
0.4,0.7,DS Juv = 0.2,CAN-NNE,39820508.4660606,13388927.45,70208216.4,404
0.4,0.7,DS Juv = 0.2,MAT,34507112.6582704,10450855.725,63813284.65,647
0.4,0.7,DS Juv = 0.2,MNE,69648.5945945946,1811,139615.4,37
0.4,0.7,DS Juv = 0.2,SAT,32859510.9859903,10059378.45,64424661.525,432
0.4,0.7,DS Juv = 0.2,SNE,393292.888888889,78720,820939.875,36
0.4,0.7,DS Juv = 0.3,CAN-NNE,38006627.2615525,13665708.9,73294382.575,387
0.4,0.7,DS Juv = 0.3,MAT,32724822.15833,10186320.875,63739329.7,595
0.4,0.7,DS Juv = 0.3,MNE,87073.9069767442,7457.55,187932.55,43
0.4,0.7,DS Juv = 0.3,SAT,37309044.7087408,11686177.275,65872967.525,463
0.4,0.7,DS Juv = 0.3,SNE,396319.918918919,63470.1,788401,37
0.4,0.7,DS Juv = 0.4,CAN-NNE,38091103.3816938,13645499.25,73019394.45,390
0.4,0.7,DS Juv = 0.4,MAT,32891355.353438,10751771.125,64938672.25,594
0.4,0.7,DS Juv = 0.4,MNE,100838.033333333,18104.875,206100.75,30
0.4,0.7,DS Juv = 0.4,SAT,36991270.9751882,10104045.9,70818011.4,420
0.4,0.7,DS Juv = 0.4,SNE,399151.321428571,75390.675,738895.95,28
0.4,0.7,DS Juv = 0.5,CAN-NNE,34464046.0726629,12296531.65,66551460.4,415
0.4,0.7,DS Juv = 0.5,MAT,34318841.006244,10723599.625,66429038.6,625
0.4,0.7,DS Juv = 0.5,MNE,108319.567567568,16972.5,220363.4,37
0.4,0.7,DS Juv = 0.5,SAT,33932828.3632132,11544938.55,68072985.45,411
0.4,0.7,DS Juv = 0.5,SNE,450832.272727273,119514.8,843787.000000001,33
0.4,0.7,DS Juv = 0.6,CAN-NNE,39466650.1121471,12891051,71874583.425,419
0.4,0.7,DS Juv = 0.6,MAT,35828004.5443633,11313769.225,65210546.35,619
0.4,0.7,DS Juv = 0.6,MNE,98928.68,8724.4,244978.6,25
0.4,0.7,DS Juv = 0.6,SAT,37419236.5916786,12041195.875,73060132.05,454
0.4,0.7,DS Juv = 0.6,SNE,387783.461538462,75834.25,794439.25,26
0.4,0.7,DS Juv = 0.7,CAN-NNE,40201343.0307008,11753382.45,75641937.95,401
0.4,0.7,DS Juv = 0.7,MAT,37551463.4126458,11826411.8,69811819.35,616
0.4,0.7,DS Juv = 0.7,MNE,115296.258064516,26480.25,261183,31
0.4,0.7,DS Juv = 0.7,SAT,37772495.9965092,11487053.8,73056915.7,450
0.4,0.7,DS Juv = 0.7,SNE,411344.52,85071.6,948943.199999999,25
0.4,0.7,DS Juv = 0.8,CAN-NNE,40362197.7340092,13650154.825,76127237.25,367
0.4,0.7,DS Juv = 0.8,MAT,36456014.4577023,11958385.8,70652998.05,646
0.4,0.7,DS Juv = 0.8,MNE,197646.481481481,40672.1,357018.25,27
0.4,0.7,DS Juv = 0.8,SAT,38791567.2567684,12774496.325,70552743.35,429
0.4,0.7,DS Juv = 0.8,SNE,427048.921052632,97464.675,903696.6,38
0.4,0.7,DS Juv = 0.9,CAN-NNE,42789410.8015119,13385481.525,73840036.425,376
0.4,0.7,DS Juv = 0.9,MAT,37458837.2041293,12094641.5,71506710.975,632
0.4,0.7,DS Juv = 0.9,MNE,180753.615384615,45786.15,366972.15,39
0.4,0.7,DS Juv = 0.9,SAT,39061035.1361009,12330886.025,71696278.25,400
0.4,0.7,DS Juv = 0.9,SNE,479148.21875,85324.275,938228.875,32
0.4,0.7,DS Juv = 1,CAN-NNE,38697945.9783685,13533518.725,74654992.9,402
0.4,0.7,DS Juv = 1,MAT,39342874.2757286,13719587.5,73335932.85,571
0.4,0.7,DS Juv = 1,MNE,211292.818181818,63259,445671.6,33
0.4,0.7,DS Juv = 1,SAT,38318630.378234,13135742.3,76349790.725,404
0.4,0.7,DS Juv = 1,SNE,491073.131578947,105702.75,1011961.25,38
0.4,0.8,DS Juv = 0,CAN-NNE,36103372.8539607,12477999.35,67932518.75,388
0.4,0.8,DS Juv = 0,MAT,33553842.6036313,10749362.05,62948285.05,628
0.4,0.8,DS Juv = 0,MNE,51422.1538461538,1273.875,126878.25,26
0.4,0.8,DS Juv = 0,SAT,32969168.0563437,8868422.925,66505262.025,425
0.4,0.8,DS Juv = 0,SNE,362203.192307692,64076.875,740906.75,26
0.4,0.8,DS Juv = 0.1,CAN-NNE,38463699.6379402,12458012.3,74809553.675,417
0.4,0.8,DS Juv = 0.1,MAT,33432964.7465912,10763574.475,63977750.85,622
0.4,0.8,DS Juv = 0.1,MNE,64348.9375,9809.775,143281.45,32
0.4,0.8,DS Juv = 0.1,SAT,36215786.2416017,9938602.125,65522779.85,414
0.4,0.8,DS Juv = 0.1,SNE,427523.571428571,88672.75,773307.925,28
0.4,0.8,DS Juv = 0.2,CAN-NNE,36618289.8803611,12233987.575,79329302.425,403
0.4,0.8,DS Juv = 0.2,MAT,32343569.4373716,9846252.925,64597211.475,622
0.4,0.8,DS Juv = 0.2,MNE,90280.9545454545,16228.425,206033.975,22
0.4,0.8,DS Juv = 0.2,SAT,35530191.7174737,11718631.825,67261328.85,420
0.4,0.8,DS Juv = 0.2,SNE,383072.555555556,74027.55,817042.9,27
0.4,0.8,DS Juv = 0.3,CAN-NNE,38205079.9431612,13640833.325,74879063.4,395
0.4,0.8,DS Juv = 0.3,MAT,33531842.0076028,10935198.025,64151388.4,595
0.4,0.8,DS Juv = 0.3,MNE,86564.3243243243,8585,182456.6,37
0.4,0.8,DS Juv = 0.3,SAT,35029817.2527296,10963902.975,67951917.7,457
0.4,0.8,DS Juv = 0.3,SNE,450672.658536585,88959,844819,41
0.4,0.8,DS Juv = 0.4,CAN-NNE,37813413.4622809,13679973.65,77506482.225,405
0.4,0.8,DS Juv = 0.4,MAT,34019962.8339491,11503693.675,65584615.575,542
0.4,0.8,DS Juv = 0.4,MNE,92389.8064516129,20241,233111.5,31
0.4,0.8,DS Juv = 0.4,SAT,36760867.0669293,11030130.875,72791295.475,456
0.4,0.8,DS Juv = 0.4,SNE,384555.97826087,36818.5,824896.75,46
0.4,0.8,DS Juv = 0.5,CAN-NNE,36387200.7615822,14433163.825,76368612.7,410
0.4,0.8,DS Juv = 0.5,MAT,37732971.2042325,10809269.825,68559783.175,594
0.4,0.8,DS Juv = 0.5,MNE,135881.848484848,24242.4,267516,33
0.4,0.8,DS Juv = 0.5,SAT,34621644.4776984,11039079.05,65271448.65,419
0.4,0.8,DS Juv = 0.5,SNE,416844.518518519,68701.4,773426.35,27
0.4,0.8,DS Juv = 0.6,CAN-NNE,37554046.2736548,12959622.6,77175578.625,393
0.4,0.8,DS Juv = 0.6,MAT,37686071.0042961,11641706.2,68366539.775,583
0.4,0.8,DS Juv = 0.6,MNE,123190.583333333,12244.625,254859.475,24
0.4,0.8,DS Juv = 0.6,SAT,37604365.0693197,11280510.075,72119979.35,457
0.4,0.8,DS Juv = 0.6,SNE,480863.76,82693.6,1000996.8,25
0.4,0.8,DS Juv = 0.7,CAN-NNE,39981192.3237501,13761156.125,76667044.425,406
0.4,0.8,DS Juv = 0.7,MAT,36578364.3973196,11875186.65,68868805.975,605
0.4,0.8,DS Juv = 0.7,MNE,129984.358974359,40387,329488.7,39
0.4,0.8,DS Juv = 0.7,SAT,38906703.3198746,12700188.15,73602573.275,423
0.4,0.8,DS Juv = 0.7,SNE,376449.62962963,57755.5,773501.05,27
0.4,0.8,DS Juv = 0.8,CAN-NNE,38158788.1255769,13781892.075,69886991.625,391
0.4,0.8,DS Juv = 0.8,MAT,38998327.7360566,13455352.875,73337320.95,610
0.4,0.8,DS Juv = 0.8,MNE,173921.666666667,41687.125,329579.25,36
0.4,0.8,DS Juv = 0.8,SAT,39267195.8486853,12191610.2,74283753.85,461
0.4,0.8,DS Juv = 0.8,SNE,457381,98489.325,954519.125,34
0.4,0.8,DS Juv = 0.9,CAN-NNE,42442793.2054273,15564250.125,73503139.625,369
0.4,0.8,DS Juv = 0.9,MAT,39774915.8120094,12602276.45,73366860.375,631
0.4,0.8,DS Juv = 0.9,MNE,205417.060606061,57901,395588.8,33
0.4,0.8,DS Juv = 0.9,SAT,40131367.8075561,11500822.3,76365277,440
0.4,0.8,DS Juv = 0.9,SNE,525563.633333333,126255.55,1052784.275,30
0.4,0.8,DS Juv = 1,CAN-NNE,40711476.5561994,13705152.35,75650937.125,388
0.4,0.8,DS Juv = 1,MAT,41002122.7664923,13225249.1,75099093.55,597
0.4,0.8,DS Juv = 1,MNE,262225.382352941,82161.8,499637.775,34
0.4,0.8,DS Juv = 1,SAT,38233493.2176987,11964728.3,81103356.4,457
0.4,0.8,DS Juv = 1,SNE,487260.25,148409.675,950235.775,24
0.4,0.9,DS Juv = 0,CAN-NNE,38689626.3643725,12723641.75,73227133.4,397
0.4,0.9,DS Juv = 0,MAT,34794254.9857701,10647771.15,65631306.15,612
0.4,0.9,DS Juv = 0,MNE,72576.5,8378.575,166499.25,38
0.4,0.9,DS Juv = 0,SAT,34675979.2125343,10097233.675,68458583.1,410
0.4,0.9,DS Juv = 0,SNE,451327.12195122,59410,894022,41
0.4,0.9,DS Juv = 0.1,CAN-NNE,39479084.8161052,12074267.15,71893273.725,432
0.4,0.9,DS Juv = 0.1,MAT,34998571.4788042,10947257.825,64405230.925,608
0.4,0.9,DS Juv = 0.1,MNE,53394.8461538462,2139.125,136301.75,26
0.4,0.9,DS Juv = 0.1,SAT,34449695.2722096,11177662.975,64304407.1,419
0.4,0.9,DS Juv = 0.1,SNE,388891.464285714,72382.3,693633.1,28
0.4,0.9,DS Juv = 0.2,CAN-NNE,37371661.8271999,13090042.55,70991074.05,408
0.4,0.9,DS Juv = 0.2,MAT,35372988.1349971,10859773.125,65560002.45,625
0.4,0.9,DS Juv = 0.2,MNE,81511.5909090909,14443.525,151460.775,22
0.4,0.9,DS Juv = 0.2,SAT,34086737.3678474,11130241.725,67541150.425,416
0.4,0.9,DS Juv = 0.2,SNE,438778.846153846,98614,907069.25,26
0.4,0.9,DS Juv = 0.3,CAN-NNE,41121819.022386,14284642.725,74514479.375,391
0.4,0.9,DS Juv = 0.3,MAT,35500806.6019032,11760941.675,65050050.45,637
0.4,0.9,DS Juv = 0.3,MNE,111886.137931034,29013.5,231902.3,29
0.4,0.9,DS Juv = 0.3,SAT,36254695.5194912,11304583.3,68413398.95,435
0.4,0.9,DS Juv = 0.3,SNE,410370.529411765,87471.95,842293.65,34
0.4,0.9,DS Juv = 0.4,CAN-NNE,39393978.3096099,12671395.225,74369597.15,411
0.4,0.9,DS Juv = 0.4,MAT,33331773.0461754,11188015.8,62893911.15,605
0.4,0.9,DS Juv = 0.4,MNE,114081.24137931,21391.6,269460,29
0.4,0.9,DS Juv = 0.4,SAT,34588852.5013346,10911032.675,70020407.8,409
0.4,0.9,DS Juv = 0.4,SNE,414574.32,94614,845138.8,25
0.4,0.9,DS Juv = 0.5,CAN-NNE,35683773.4640805,13022403.7,73847027.275,406
0.4,0.9,DS Juv = 0.5,MAT,36307501.5561516,11914003.675,66142091.25,574
0.4,0.9,DS Juv = 0.5,MNE,138042.793103448,29711.8,280767.6,29
0.4,0.9,DS Juv = 0.5,SAT,34504648.2190705,11479563.725,68713613.125,406
0.4,0.9,DS Juv = 0.5,SNE,410391.458333333,126702.275,796879.625,24
0.4,0.9,DS Juv = 0.6,CAN-NNE,38084941.8806093,12714277.275,73874983.175,402
0.4,0.9,DS Juv = 0.6,MAT,36642487.3545578,12071764.025,71478995.625,618
0.4,0.9,DS Juv = 0.6,MNE,163000.24137931,44156.4,288736,29
0.4,0.9,DS Juv = 0.6,SAT,37818560.0643369,11877353.925,71221318.175,363
0.4,0.9,DS Juv = 0.6,SNE,328053.785714286,119117.95,761130.775,28
0.4,0.9,DS Juv = 0.7,CAN-NNE,39741902.5055529,14902325.875,79296003.275,400
0.4,0.9,DS Juv = 0.7,MAT,38805952.4303681,12537430.675,73257351.675,633
0.4,0.9,DS Juv = 0.7,MNE,154287.205128205,41363.9,304324.8,39
0.4,0.9,DS Juv = 0.7,SAT,38341270.6487542,11645566.3,72101111.475,426
0.4,0.9,DS Juv = 0.7,SNE,415766.8,111617.1,744460.125,20
0.4,0.9,DS Juv = 0.8,CAN-NNE,41158878.8070579,14443750.75,77809945.825,411
0.4,0.9,DS Juv = 0.8,MAT,38240693.0214658,12663707.225,72805218.25,650
0.4,0.9,DS Juv = 0.8,MNE,189289.333333333,52124.15,339331.425,42
0.4,0.9,DS Juv = 0.8,SAT,35006454.3809524,11592135.575,69755374.15,394
0.4,0.9,DS Juv = 0.8,SNE,578822.035714286,182033.375,1005471.45,28
0.4,0.9,DS Juv = 0.9,CAN-NNE,38864285.9058914,13839729.7,73256203.05,384
0.4,0.9,DS Juv = 0.9,MAT,40957287.2651622,13568867.575,75850230.55,609
0.4,0.9,DS Juv = 0.9,MNE,213106.323529412,53231.5,406652.8,34
0.4,0.9,DS Juv = 0.9,SAT,38295937.3088769,12800904.975,74748295.075,451
0.4,0.9,DS Juv = 0.9,SNE,466940.733333333,147930.3,1206035.375,30
0.4,0.9,DS Juv = 1,CAN-NNE,41493671.4962879,14302033.775,76465633.45,374
0.4,0.9,DS Juv = 1,MAT,41255616.0045812,14503393.525,74638056.85,610
0.4,0.9,DS Juv = 1,MNE,254498.96875,98952.475,441056.65,32
0.4,0.9,DS Juv = 1,SAT,40269421.5138513,12814842.375,77643048.8,444
0.4,0.9,DS Juv = 1,SNE,517555.575757576,102081.6,941524.2,33
0.4,1,DS Juv = 0,CAN-NNE,38800470.5147643,14324018.975,68101274.325,402
0.4,1,DS Juv = 0,MAT,35753960.4801429,11380358.425,66252022.7,588
0.4,1,DS Juv = 0,MNE,62269.0208333333,5759.525,157061.7,48
0.4,1,DS Juv = 0,SAT,35359407.9438185,11670141.325,68956849.6,418
0.4,1,DS Juv = 0,SNE,393964.225806452,33660.75,709511,31
0.4,1,DS Juv = 0.1,CAN-NNE,39824569.4625686,12699220.175,74734049.35,379
0.4,1,DS Juv = 0.1,MAT,35510690.8792894,11301617.375,67620486.4,658
0.4,1,DS Juv = 0.1,MNE,89851.7857142857,15577.05,165607.15,28
0.4,1,DS Juv = 0.1,SAT,35439495.1686764,11140944.175,67431827.5,423
0.4,1,DS Juv = 0.1,SNE,375085.651162791,29267.1,883805.05,43
0.4,1,DS Juv = 0.2,CAN-NNE,38718840.5301073,12969714.625,70349393.175,437
0.4,1,DS Juv = 0.2,MAT,36462070.7710432,11224953,68109186,643
0.4,1,DS Juv = 0.2,MNE,101803.888888889,25041.275,233170.675,18
0.4,1,DS Juv = 0.2,SAT,35134324.9445245,11543345.9,70308248.575,455
0.4,1,DS Juv = 0.2,SNE,456450.586206897,141671.1,834650,29
0.4,1,DS Juv = 0.3,CAN-NNE,39044834.4803796,14145071.975,75058142.05,400
0.4,1,DS Juv = 0.3,MAT,36893082.3852364,11405818.075,67999373.8,610
0.4,1,DS Juv = 0.3,MNE,114389.290322581,29540.25,224965.25,31
0.4,1,DS Juv = 0.3,SAT,35182293.1575311,12248813.75,68560517.025,419
0.4,1,DS Juv = 0.3,SNE,403793.227272727,42583.975,869970.375,22
0.4,1,DS Juv = 0.4,CAN-NNE,39573731.0475886,13640067.9,75079020.725,401
0.4,1,DS Juv = 0.4,MAT,36901594.069899,11366647.2,68846307.625,635
0.4,1,DS Juv = 0.4,MNE,135683,29160.925,277906.225,34
0.4,1,DS Juv = 0.4,SAT,35730346.3434407,11521791.95,72773039.2,420
0.4,1,DS Juv = 0.4,SNE,476692.121212121,122492.8,1030762.6,33
0.4,1,DS Juv = 0.5,CAN-NNE,35395085.3184127,14087208.65,65355505.05,416
0.4,1,DS Juv = 0.5,MAT,37813730.713197,12665074.8,72350620.75,652
0.4,1,DS Juv = 0.5,MNE,157103.518518519,41227.85,325555,27
0.4,1,DS Juv = 0.5,SAT,35801828.0092863,11095672.15,67871872.125,406
0.4,1,DS Juv = 0.5,SNE,487887.882352941,94480.925,1009921.95,34
0.4,1,DS Juv = 0.6,CAN-NNE,41614149.1627676,14482916.6,77583290.325,375
0.4,1,DS Juv = 0.6,MAT,39184359.445497,12466040.125,72255014.325,591
0.4,1,DS Juv = 0.6,MNE,191002.310344828,41007.2,347764.7,29
0.4,1,DS Juv = 0.6,SAT,39133135.3804446,12268189.65,73737184.475,399
0.4,1,DS Juv = 0.6,SNE,458697.25,77316.2,944602.85,40
0.4,1,DS Juv = 0.7,CAN-NNE,41417537.936206,13822458.05,80788076.65,378
0.4,1,DS Juv = 0.7,MAT,40301612.0459551,12916638.025,72945428.925,624
0.4,1,DS Juv = 0.7,MNE,200468.90625,46700.65,381713.975,32
0.4,1,DS Juv = 0.7,SAT,35058828.9922935,11430043.625,69234859.1,386
0.4,1,DS Juv = 0.7,SNE,458010.171428571,128648.7,901549.349999999,35
0.4,1,DS Juv = 0.8,CAN-NNE,37976064.7474447,12428152.225,74461939.05,390
0.4,1,DS Juv = 0.8,MAT,38843355.0542493,12476004.825,75534647.875,656
0.4,1,DS Juv = 0.8,MNE,256036.8,74908.725,473189.65,30
0.4,1,DS Juv = 0.8,SAT,38864722.7736183,12888251.1,73057993.875,428
0.4,1,DS Juv = 0.8,SNE,607726.735294118,150673.25,1002364.65,34
0.4,1,DS Juv = 0.9,CAN-NNE,40164011.7962725,14039879.25,77347941.775,424
0.4,1,DS Juv = 0.9,MAT,38709051.7296654,12784068.775,74888580.725,601
0.4,1,DS Juv = 0.9,MNE,227248.16,85506.4,463326,25
0.4,1,DS Juv = 0.9,SAT,42063931.4196175,13474271.325,73711129.875,408
0.4,1,DS Juv = 0.9,SNE,443447.421052632,123791.5,1118335.85,19
0.4,1,DS Juv = 1,CAN-NNE,39959044.2644545,13919506.85,72677117,428
0.4,1,DS Juv = 1,MAT,44007173.0515933,14454466.125,82361119.975,600
0.4,1,DS Juv = 1,MNE,301774.620689655,92077.4,560617.4,29
0.4,1,DS Juv = 1,SAT,39072562.1817811,12226924.825,75286829.65,436
0.4,1,DS Juv = 1,SNE,466750.911764706,113088.125,873513.175,34
0.5,0,DS Juv = 0,CAN-NNE,34706660.975952,12467814.825,66266786.3,422
0.5,0,DS Juv = 0,MAT,26579114.2606758,7046374.775,53565891.125,617
0.5,0,DS Juv = 0,MNE,14922.4193548387,15,52545.75,31
0.5,0,DS Juv = 0,SAT,29840600.6117863,7894436.95,58180936.05,417
0.5,0,DS Juv = 0,SNE,306532.575757576,34656.2,667414.2,33
0.5,0,DS Juv = 0.1,CAN-NNE,36742010.1761713,11194466.575,74463371.625,401
0.5,0,DS Juv = 0.1,MAT,29243498.1158024,8596083.6,56879017.725,574
0.5,0,DS Juv = 0.1,MNE,26575.1111111111,36.1,87384.4,27
0.5,0,DS Juv = 0.1,SAT,32736523.7833693,9573506.15,65387461.225,421
0.5,0,DS Juv = 0.1,SNE,267843.8125,26428.45,550987.9,32
0.5,0,DS Juv = 0.2,CAN-NNE,36749005.069709,13234439.45,69931605.1,398
0.5,0,DS Juv = 0.2,MAT,28309539.1475482,7971422.1,55814082.075,661
0.5,0,DS Juv = 0.2,MNE,32723.1666666667,109.25,74323.125,36
0.5,0,DS Juv = 0.2,SAT,33811552.9921773,9676684.3,59572039.425,393
0.5,0,DS Juv = 0.2,SNE,271354.25,25419.325,630641.675,32
0.5,0,DS Juv = 0.3,CAN-NNE,38584976.508953,13421378.625,75655727.5,380
0.5,0,DS Juv = 0.3,MAT,29984080.008775,8238200.1,57350201,621
0.5,0,DS Juv = 0.3,MNE,35726.5833333333,234.075,95953.45,24
0.5,0,DS Juv = 0.3,SAT,31430732.7333094,8923918.7,61060826.675,482
0.5,0,DS Juv = 0.3,SNE,269687.722222222,19253.75,669217.75,36
0.5,0,DS Juv = 0.4,CAN-NNE,38371485.0150114,13069466.575,71968243.975,411
0.5,0,DS Juv = 0.4,MAT,29862493.7821122,8621483.475,57523656.05,651
0.5,0,DS Juv = 0.4,MNE,42634.0476190476,1134.5,144174,21
0.5,0,DS Juv = 0.4,SAT,33972053.5967015,9079340.75,65734711,461
0.5,0,DS Juv = 0.4,SNE,304215.741935484,48524.25,705999.25,31
0.5,0,DS Juv = 0.5,CAN-NNE,37935326.841115,14286044.9,65875265.15,364
0.5,0,DS Juv = 0.5,MAT,30791301.4856715,9119018.325,61052706.175,634
0.5,0,DS Juv = 0.5,MNE,66959.6551724138,1834.8,152425.4,29
0.5,0,DS Juv = 0.5,SAT,32784483.9491222,9154369.25,69384351.35,398
0.5,0,DS Juv = 0.5,SNE,338271.64516129,67283.5,694953.5,31
0.5,0,DS Juv = 0.6,CAN-NNE,37909746.8174513,12834205.775,70890438.425,369
0.5,0,DS Juv = 0.6,MAT,31637330.2670895,8637171.975,59601452.45,598
0.5,0,DS Juv = 0.6,MNE,85310,5182.8,185060.9,37
0.5,0,DS Juv = 0.6,SAT,33737338.2977413,9611820.075,69753093.65,427
0.5,0,DS Juv = 0.6,SNE,367815.837837838,32712.3,720832.7,37
0.5,0,DS Juv = 0.7,CAN-NNE,39595688.2184048,12802816.3,74295725.925,367
0.5,0,DS Juv = 0.7,MAT,32583527.5607738,10433323.15,62703320.875,609
0.5,0,DS Juv = 0.7,MNE,110310.357142857,17865.625,263158.625,28
0.5,0,DS Juv = 0.7,SAT,33470225.4878322,10111330.325,66095816.125,386
0.5,0,DS Juv = 0.7,SNE,396922.34375,74850.325,781696.6,32
0.5,0,DS Juv = 0.8,CAN-NNE,36953570.5747764,12884656.025,72501794.175,426
0.5,0,DS Juv = 0.8,MAT,33364582.7686684,10473581.7,63220873.35,590
0.5,0,DS Juv = 0.8,MNE,128605.421052632,35682.725,304155.95,38
0.5,0,DS Juv = 0.8,SAT,37213541.5376238,11161173.55,67729007.675,436
0.5,0,DS Juv = 0.8,SNE,467800.971428571,97588.3,918702.7,35
0.5,0,DS Juv = 0.9,CAN-NNE,39476106.8837609,11059319.825,72714759.95,409
0.5,0,DS Juv = 0.9,MAT,34679198.3073066,10293523.55,66354870.125,640
0.5,0,DS Juv = 0.9,MNE,165050.085714286,42296.75,370029.25,35
0.5,0,DS Juv = 0.9,SAT,35524063.337754,11493855.475,66905223.275,412
0.5,0,DS Juv = 0.9,SNE,351871,87151.4,704879.6,25
0.5,0,DS Juv = 1,CAN-NNE,39580077.9425633,14772742.375,77376281.075,371
0.5,0,DS Juv = 1,MAT,35414402.4360768,11512943.375,66661602.025,625
0.5,0,DS Juv = 1,MNE,168673.807692308,29253.25,433757.75,26
0.5,0,DS Juv = 1,SAT,36478580.7418425,11905299.725,70092039.75,440
0.5,0,DS Juv = 1,SNE,508050.789473684,145073,870270.15,19
0.5,0.1,DS Juv = 0,CAN-NNE,36565811.7819636,12367143.825,63661638,410
0.5,0.1,DS Juv = 0,MAT,28001117.7173847,8523122.525,54202497.95,612
0.5,0.1,DS Juv = 0,MNE,16377.6,5.1,58074.65,35
0.5,0.1,DS Juv = 0,SAT,29705777.7681928,9106523.225,62601202.1,428
0.5,0.1,DS Juv = 0,SNE,254794.413793103,44218.4,662130.1,29
0.5,0.1,DS Juv = 0.1,CAN-NNE,36672932.8899665,11309094.675,72958176.525,407
0.5,0.1,DS Juv = 0.1,MAT,28230252.3013371,7871427.15,56519070.6,629
0.5,0.1,DS Juv = 0.1,MNE,22050.1724137931,28.4,76568,29
0.5,0.1,DS Juv = 0.1,SAT,31367206.2747798,9365550.45,64379098.525,436
0.5,0.1,DS Juv = 0.1,SNE,272325.783783784,12425.9,681235.7,37
0.5,0.1,DS Juv = 0.2,CAN-NNE,38082832.0598039,13340766.5,72578520.325,415
0.5,0.1,DS Juv = 0.2,MAT,28598695.7349616,8864796.175,57721885.95,587
0.5,0.1,DS Juv = 0.2,MNE,35795.1785714286,218.6,98327.9,28
0.5,0.1,DS Juv = 0.2,SAT,31728390.4358596,8852765.625,61103269.95,433
0.5,0.1,DS Juv = 0.2,SNE,350772.666666667,14620.6,685136.2,33
0.5,0.1,DS Juv = 0.3,CAN-NNE,36345158.7871317,13927102.375,69554042.7,408
0.5,0.1,DS Juv = 0.3,MAT,29010430.0496816,8603450.575,56012639.25,608
0.5,0.1,DS Juv = 0.3,MNE,33540,35.75,108815.25,31
0.5,0.1,DS Juv = 0.3,SAT,34063044.7188295,9855206.775,66464780.525,401
0.5,0.1,DS Juv = 0.3,SNE,254690.75862069,25289.5,622460.9,29
0.5,0.1,DS Juv = 0.4,CAN-NNE,36310185.0040318,12626503.925,70260610.725,432
0.5,0.1,DS Juv = 0.4,MAT,30895577.7849538,8391594.5,58951339.425,614
0.5,0.1,DS Juv = 0.4,MNE,53613.0689655172,107.4,163016.3,29
0.5,0.1,DS Juv = 0.4,SAT,30685072.9597773,8749247.05,63211590.825,431
0.5,0.1,DS Juv = 0.4,SNE,398879.269230769,39888.75,748305.75,26
0.5,0.1,DS Juv = 0.5,CAN-NNE,36986475.2687425,12621993.7,69085445.225,417
0.5,0.1,DS Juv = 0.5,MAT,30131067.812439,9679316.375,57764455.6,670
0.5,0.1,DS Juv = 0.5,MNE,73295.3823529412,1267.85,184664.3,34
0.5,0.1,DS Juv = 0.5,SAT,35045627.8121822,11497657.6,68172298.05,425
0.5,0.1,DS Juv = 0.5,SNE,362798.083333333,49130.25,782070.875,36
0.5,0.1,DS Juv = 0.6,CAN-NNE,37369896.2181948,13024102.75,72480460.775,455
0.5,0.1,DS Juv = 0.6,MAT,32903135.5718827,10368716.975,64742307.1,603
0.5,0.1,DS Juv = 0.6,MNE,76935.2413793103,7074.6,174804.6,29
0.5,0.1,DS Juv = 0.6,SAT,34126705.0987059,10195438.9,68155928.15,454
0.5,0.1,DS Juv = 0.6,SNE,320856.333333333,50515,738164.6,33
0.5,0.1,DS Juv = 0.7,CAN-NNE,38357108.6550136,14955119.9,70560257.575,376
0.5,0.1,DS Juv = 0.7,MAT,33256739.8201354,10551877.7,61392319.45,606
0.5,0.1,DS Juv = 0.7,MNE,102933.785714286,10345.55,277474.425,28
0.5,0.1,DS Juv = 0.7,SAT,35144144.9046458,10883397.725,64673145.025,420
0.5,0.1,DS Juv = 0.7,SNE,388717.153846154,66204.1,699761.2,39
0.5,0.1,DS Juv = 0.8,CAN-NNE,42213319.5811986,14583123.8,75531626,417
0.5,0.1,DS Juv = 0.8,MAT,34144264.5084669,11103649.6,64122006.2,636
0.5,0.1,DS Juv = 0.8,MNE,118453.15625,23667.625,264899.35,32
0.5,0.1,DS Juv = 0.8,SAT,35761047.441422,11886893.125,68272408.95,408
0.5,0.1,DS Juv = 0.8,SNE,428694.512820513,53169.75,768873.149999999,39
0.5,0.1,DS Juv = 0.9,CAN-NNE,37331777.2281209,13578079.625,71854068.15,382
0.5,0.1,DS Juv = 0.9,MAT,35510102.8510744,11099092.675,67102700.325,586
0.5,0.1,DS Juv = 0.9,MNE,145039.56,39952.8,328374.4,25
0.5,0.1,DS Juv = 0.9,SAT,35926343.2657524,11172597.175,69921674.8,451
0.5,0.1,DS Juv = 0.9,SNE,427741.027777778,46888.5,824282.625,36
0.5,0.1,DS Juv = 1,CAN-NNE,40275870.6817143,13462033.925,72787489.625,427
0.5,0.1,DS Juv = 1,MAT,35674895.1235376,11687654.25,67624009.8,653
0.5,0.1,DS Juv = 1,MNE,192156.916666667,50720.375,469439.375,36
0.5,0.1,DS Juv = 1,SAT,37900934.2078392,12218286.325,72544700.425,408
0.5,0.1,DS Juv = 1,SNE,315237.428571429,101827.5,693025.5,21
0.5,0.2,DS Juv = 0,CAN-NNE,37217748.6119993,11362118.1,68482562.65,374
0.5,0.2,DS Juv = 0,MAT,27551221.3054402,7896420.225,52807763.225,580
0.5,0.2,DS Juv = 0,MNE,20706.5666666667,92.4,65706.8,30
0.5,0.2,DS Juv = 0,SAT,30812493.6007281,7946389.9,61968380.875,411
0.5,0.2,DS Juv = 0,SNE,345291.038461538,79861.125,567562.5,26
0.5,0.2,DS Juv = 0.1,CAN-NNE,39412312.2962073,13435198.875,70846036.6,417
0.5,0.2,DS Juv = 0.1,MAT,28707970.8106823,7826087.5,55947686.3,608
0.5,0.2,DS Juv = 0.1,MNE,30058.5714285714,40.9,77651.05,35
0.5,0.2,DS Juv = 0.1,SAT,33354613.0978697,9581044.075,62685647.2,429
0.5,0.2,DS Juv = 0.1,SNE,299353.741935484,44469.5,622045.5,31
0.5,0.2,DS Juv = 0.2,CAN-NNE,37056255.612773,12984178.275,71349747.975,439
0.5,0.2,DS Juv = 0.2,MAT,29590475.3302054,8534325.7,57428627.125,660
0.5,0.2,DS Juv = 0.2,MNE,27456.9259259259,184.35,87592.85,27
0.5,0.2,DS Juv = 0.2,SAT,32980455.3606289,9638670.35,62704129.8,408
0.5,0.2,DS Juv = 0.2,SNE,321879.714285714,23330.925,631645.3,28
0.5,0.2,DS Juv = 0.3,CAN-NNE,35879452.4731245,12600321.625,68096399.15,398
0.5,0.2,DS Juv = 0.3,MAT,29849181.6151261,8281053.275,58567474.575,653
0.5,0.2,DS Juv = 0.3,MNE,42315.6896551724,467.6,133927.8,29
0.5,0.2,DS Juv = 0.3,SAT,33559076.4086547,9085721.6,63235952,444
0.5,0.2,DS Juv = 0.3,SNE,246396.3125,65145.55,641911.225,32
0.5,0.2,DS Juv = 0.4,CAN-NNE,35997058.2877978,12231853.85,69229071.025,404
0.5,0.2,DS Juv = 0.4,MAT,29192779.8749131,8783564.25,55918602.575,665
0.5,0.2,DS Juv = 0.4,MNE,66263.35,417.45,129028.675,20
0.5,0.2,DS Juv = 0.4,SAT,34479738.7870116,10644590.8,64129253.775,428
0.5,0.2,DS Juv = 0.4,SNE,341802.967741935,91318,666063.75,31
0.5,0.2,DS Juv = 0.5,CAN-NNE,37153283.2149869,13521181.575,69355797.725,393
0.5,0.2,DS Juv = 0.5,MAT,32534791.2234224,9649064.225,59114455.7,614
0.5,0.2,DS Juv = 0.5,MNE,75496.625,8406,170991.675,32
0.5,0.2,DS Juv = 0.5,SAT,34523676.994005,10971200.275,66908441.2,413
0.5,0.2,DS Juv = 0.5,SNE,373276.111111111,84577.7,714971.9,27
0.5,0.2,DS Juv = 0.6,CAN-NNE,38673132.0407548,13082902.4,69491921.025,380
0.5,0.2,DS Juv = 0.6,MAT,31797511.0175856,9485594,61792137.45,612
0.5,0.2,DS Juv = 0.6,MNE,107516.8,2882.575,240295.125,30
0.5,0.2,DS Juv = 0.6,SAT,34210012.8679813,10037872.95,67757959.775,417
0.5,0.2,DS Juv = 0.6,SNE,379260.111111111,59354,766872.25,27
0.5,0.2,DS Juv = 0.7,CAN-NNE,39725767.3160585,14007156.05,73485125.3,415
0.5,0.2,DS Juv = 0.7,MAT,33155131.0380231,9989705.725,60673974.2,584
0.5,0.2,DS Juv = 0.7,MNE,134632.95,17426.625,266533.85,20
0.5,0.2,DS Juv = 0.7,SAT,36157882.3250384,11437409.575,73206106.4,431
0.5,0.2,DS Juv = 0.7,SNE,394377.931034483,84459.1,843574.2,29
0.5,0.2,DS Juv = 0.8,CAN-NNE,40190703.6249841,12329785.35,73965753.225,385
0.5,0.2,DS Juv = 0.8,MAT,34217268.91171,11219859.25,65925160.15,585
0.5,0.2,DS Juv = 0.8,MNE,144591.944444444,17562.25,331537.875,36
0.5,0.2,DS Juv = 0.8,SAT,38441687.8322657,11771802.3,72380638.225,440
0.5,0.2,DS Juv = 0.8,SNE,437184.227272727,95610.625,864956.95,22
0.5,0.2,DS Juv = 0.9,CAN-NNE,43368254.9220607,14463606.125,80486663.325,395
0.5,0.2,DS Juv = 0.9,MAT,34656894.9201054,10611072.425,67050373.3,621
0.5,0.2,DS Juv = 0.9,MNE,201000.472222222,41678.25,367008.125,36
0.5,0.2,DS Juv = 0.9,SAT,37248293.1700655,11446054.4,71180541.875,433
0.5,0.2,DS Juv = 0.9,SNE,414604.777777778,112163.75,875959,36
0.5,0.2,DS Juv = 1,CAN-NNE,41706755.7907726,15224024.55,75001022.65,393
0.5,0.2,DS Juv = 1,MAT,38576049.722541,11732167.225,71523784.175,635
0.5,0.2,DS Juv = 1,MNE,202702.03030303,48722.6,461378,33
0.5,0.2,DS Juv = 1,SAT,35293262.7079331,11051936.95,69905692.425,410
0.5,0.2,DS Juv = 1,SNE,463152.25,95386.525,934492.4,28
0.5,0.3,DS Juv = 0,CAN-NNE,37052922.1046877,13473917.825,68582627.3,440
0.5,0.3,DS Juv = 0,MAT,28866518.1066866,8563667.025,55526202.225,636
0.5,0.3,DS Juv = 0,MNE,18991.8857142857,12.7,63591.5,35
0.5,0.3,DS Juv = 0,SAT,29995357.3677542,8707013.05,59321237.2,409
0.5,0.3,DS Juv = 0,SNE,271368.24137931,27108.2,597760.2,29
0.5,0.3,DS Juv = 0.1,CAN-NNE,36517688.3720958,13936117.5,64583590.5,409
0.5,0.3,DS Juv = 0.1,MAT,30078648.0496194,8753044.475,56304863.75,598
0.5,0.3,DS Juv = 0.1,MNE,23866.6333333333,18.175,85892.1,30
0.5,0.3,DS Juv = 0.1,SAT,31766649.4230397,9075923.65,60387643.825,468
0.5,0.3,DS Juv = 0.1,SNE,300159.388888889,48478,654179.625,36
0.5,0.3,DS Juv = 0.2,CAN-NNE,38483322.2393754,13813814.35,72199578.95,390
0.5,0.3,DS Juv = 0.2,MAT,31230697.2861217,9498930.425,57875764.5,578
0.5,0.3,DS Juv = 0.2,MNE,29126.9696969697,278.4,116805.8,33
0.5,0.3,DS Juv = 0.2,SAT,33350934.793787,9787791.575,65206554.6,424
0.5,0.3,DS Juv = 0.2,SNE,323452.371428571,60956,673874.6,35
0.5,0.3,DS Juv = 0.3,CAN-NNE,38331934.2319269,13415159.975,68128043.025,420
0.5,0.3,DS Juv = 0.3,MAT,31678588.2651891,9812837.275,56716525.375,609
0.5,0.3,DS Juv = 0.3,MNE,41669.8108108108,19.5,118365.5,37
0.5,0.3,DS Juv = 0.3,SAT,33195290.1789133,10495845.575,61310000.275,433
0.5,0.3,DS Juv = 0.3,SNE,306620.896551724,48637.8,659601.8,29
0.5,0.3,DS Juv = 0.4,CAN-NNE,35618958.8277572,13510001.25,67742873.95,440
0.5,0.3,DS Juv = 0.4,MAT,31554272.2586454,8990619.85,62986798.575,613
0.5,0.3,DS Juv = 0.4,MNE,52983.1714285714,986.7,145869.6,35
0.5,0.3,DS Juv = 0.4,SAT,32718030.97597,9115370.425,66720313.225,380
0.5,0.3,DS Juv = 0.4,SNE,387767.28,107332.2,683762.6,25
0.5,0.3,DS Juv = 0.5,CAN-NNE,38593199.5539404,14274327.475,71600010.675,415
0.5,0.3,DS Juv = 0.5,MAT,32837785.4892524,9615983.375,64058017.7,611
0.5,0.3,DS Juv = 0.5,MNE,75891.6857142857,2241.2,178207.45,35
0.5,0.3,DS Juv = 0.5,SAT,35368575.0452417,10708100.95,65681406.65,443
0.5,0.3,DS Juv = 0.5,SNE,326913.178571429,34635.1,784970.25,28
0.5,0.3,DS Juv = 0.6,CAN-NNE,36814591.4935011,12404085.95,74014023,371
0.5,0.3,DS Juv = 0.6,MAT,34334946.3316036,10267446.05,64166384.775,607
0.5,0.3,DS Juv = 0.6,MNE,97978.2222222222,10197.25,221290.2,27
0.5,0.3,DS Juv = 0.6,SAT,37296808.4647501,11112036.125,67085176.3,417
0.5,0.3,DS Juv = 0.6,SNE,407075.965517241,74773.3,721169,29
0.5,0.3,DS Juv = 0.7,CAN-NNE,34885045.5070328,12660665.475,66122725.275,432
0.5,0.3,DS Juv = 0.7,MAT,33338225.6006606,10182597.975,66407888.3,607
0.5,0.3,DS Juv = 0.7,MNE,107073.114285714,16371.8,259238.7,35
0.5,0.3,DS Juv = 0.7,SAT,36427159.7800353,10119566.775,71258446.55,397
0.5,0.3,DS Juv = 0.7,SNE,301062.909090909,53764.2,696797.35,22
0.5,0.3,DS Juv = 0.8,CAN-NNE,38697184.7435528,13498049.325,76343424.775,394
0.5,0.3,DS Juv = 0.8,MAT,34884289.4273833,10339378.55,67983947.125,608
0.5,0.3,DS Juv = 0.8,MNE,155067.352941176,29522.825,301864.575,34
0.5,0.3,DS Juv = 0.8,SAT,36081984.9028714,11124899.05,74375364.025,436
0.5,0.3,DS Juv = 0.8,SNE,404493.291666667,118739.875,828847.55,24
0.5,0.3,DS Juv = 0.9,CAN-NNE,40191405.3552834,13444847.725,77269016.55,406
0.5,0.3,DS Juv = 0.9,MAT,37780496.3140044,12587079.25,72734557.25,630
0.5,0.3,DS Juv = 0.9,MNE,195651.735294118,34631.95,379805.15,34
0.5,0.3,DS Juv = 0.9,SAT,38917617.3614153,12713398.3,70300946.025,437
0.5,0.3,DS Juv = 0.9,SNE,443861.785714286,83241.9,1029962.45,28
0.5,0.3,DS Juv = 1,CAN-NNE,42021494.6574181,14533060.25,76970550.8,388
0.5,0.3,DS Juv = 1,MAT,36987891.7446603,11523970.55,70680043.025,579
0.5,0.3,DS Juv = 1,MNE,231154.84375,62075.45,439121.275,32
0.5,0.3,DS Juv = 1,SAT,38786259.6143444,12107246.35,73871535.425,445
0.5,0.3,DS Juv = 1,SNE,484688.34375,119032.8,935512.15,32
0.5,0.4,DS Juv = 0,CAN-NNE,36884838.4258215,13769098.875,64490834.7,419
0.5,0.4,DS Juv = 0,MAT,30496952.3591389,8285144.925,58907410.075,611
0.5,0.4,DS Juv = 0,MNE,15997.8333333333,33.25,58733.975,24
0.5,0.4,DS Juv = 0,SAT,32707668.5254493,10518141.5,62106639.075,416
0.5,0.4,DS Juv = 0,SNE,302930.935483871,19422.5,636795,31
0.5,0.4,DS Juv = 0.1,CAN-NNE,35526302.1810125,13286664.575,70926190.75,408
0.5,0.4,DS Juv = 0.1,MAT,29882459.0103645,8713904.675,56025872.375,590
0.5,0.4,DS Juv = 0.1,MNE,33807.8611111111,194.875,77371.625,36
0.5,0.4,DS Juv = 0.1,SAT,33787857.8703831,9230719.7,65753772.175,408
0.5,0.4,DS Juv = 0.1,SNE,308241.714285714,42411.7,612322.95,35
0.5,0.4,DS Juv = 0.2,CAN-NNE,35452903.1032614,13868611.675,64985135.225,385
0.5,0.4,DS Juv = 0.2,MAT,31391447.1178127,9556316.525,60136001.3,633
0.5,0.4,DS Juv = 0.2,MNE,38590.0357142857,138.65,97359.075,28
0.5,0.4,DS Juv = 0.2,SAT,33414204.8700492,9506459.55,67307550,428
0.5,0.4,DS Juv = 0.2,SNE,344383.4,91589.875,668564.7,30
0.5,0.4,DS Juv = 0.3,CAN-NNE,36876136.9758617,12405153.175,67663504.075,367
0.5,0.4,DS Juv = 0.3,MAT,30336890.5772308,9283035.8,59356348.6,634
0.5,0.4,DS Juv = 0.3,MNE,60832.6956521739,2539.25,115596.15,23
0.5,0.4,DS Juv = 0.3,SAT,34597693.4405467,9877445.525,66414995.325,425
0.5,0.4,DS Juv = 0.3,SNE,398083.606060606,64919.6,761556,33
0.5,0.4,DS Juv = 0.4,CAN-NNE,40604045.2059379,13057498.875,74534017.85,390
0.5,0.4,DS Juv = 0.4,MAT,30808006.339383,9484912.575,61434543.35,603
0.5,0.4,DS Juv = 0.4,MNE,71783.28125,1889.725,149015.175,32
0.5,0.4,DS Juv = 0.4,SAT,34624954.6474112,9797443.675,68832228.975,424
0.5,0.4,DS Juv = 0.4,SNE,349367.411764706,67746.575,730024.925,34
0.5,0.4,DS Juv = 0.5,CAN-NNE,37480814.1032151,12237031.975,66776903.925,366
0.5,0.4,DS Juv = 0.5,MAT,33752085.6787699,9895189.625,63060151.675,600
0.5,0.4,DS Juv = 0.5,MNE,90542.6486486487,3029.6,178877.4,37
0.5,0.4,DS Juv = 0.5,SAT,34869246.6765153,10261924.225,65399550.15,432
0.5,0.4,DS Juv = 0.5,SNE,430351,65237.1,800570,23
0.5,0.4,DS Juv = 0.6,CAN-NNE,38237469.3868059,12637291.425,71947120.775,408
0.5,0.4,DS Juv = 0.6,MAT,34102710.3331024,9851609.4,62545417.9,589
0.5,0.4,DS Juv = 0.6,MNE,94959.7352941177,9889.225,196437.225,34
0.5,0.4,DS Juv = 0.6,SAT,35566351.710313,11723826.2,69861924.675,417
0.5,0.4,DS Juv = 0.6,SNE,371313.833333333,73776.775,720810.575,24
0.5,0.4,DS Juv = 0.7,CAN-NNE,38154705.4542497,13718479.875,72677825.275,393
0.5,0.4,DS Juv = 0.7,MAT,33967956.3181849,10589922.2,63663642.875,589
0.5,0.4,DS Juv = 0.7,MNE,142723.448275862,30195.8,266546.3,29
0.5,0.4,DS Juv = 0.7,SAT,36939067.6867645,11309738.05,70886147.95,445
0.5,0.4,DS Juv = 0.7,SNE,388940.714285714,51836.85,918946.8,35
0.5,0.4,DS Juv = 0.8,CAN-NNE,37975476.9929314,13410809,75101774.825,423
0.5,0.4,DS Juv = 0.8,MAT,34973164.3873224,10735903.25,65312394.275,634
0.5,0.4,DS Juv = 0.8,MNE,153498.32,25643.8,377429,25
0.5,0.4,DS Juv = 0.8,SAT,36599693.190021,11242542.15,71782650.275,445
0.5,0.4,DS Juv = 0.8,SNE,449057.714285714,38449.825,975721.375,28
0.5,0.4,DS Juv = 0.9,CAN-NNE,41313965.7319116,15288240.55,77210115.45,404
0.5,0.4,DS Juv = 0.9,MAT,36979051.758363,11808004.175,69873783.875,651
0.5,0.4,DS Juv = 0.9,MNE,188735.024390244,38644,379268,41
0.5,0.4,DS Juv = 0.9,SAT,36936977.4704852,11294124.625,73250654.3,420
0.5,0.4,DS Juv = 0.9,SNE,371898.64516129,76628,873670.75,31
0.5,0.4,DS Juv = 1,CAN-NNE,43535880.6360553,13676524.675,73556576.925,406
0.5,0.4,DS Juv = 1,MAT,38873544.1374118,12889349.175,71534392.35,624
0.5,0.4,DS Juv = 1,MNE,239956.085714286,80397.2,427146.5,35
0.5,0.4,DS Juv = 1,SAT,38706826.3536773,12518161.95,74596775.175,447
0.5,0.4,DS Juv = 1,SNE,525397.545454545,100548.8,927181.8,33
0.5,0.5,DS Juv = 0,CAN-NNE,41909152.0923338,12513853.55,75576270.45,381
0.5,0.5,DS Juv = 0,MAT,29790407.04851,8485849.825,57642463.75,583
0.5,0.5,DS Juv = 0,MNE,29429.3571428571,49.475,78424.7,28
0.5,0.5,DS Juv = 0,SAT,32583122.4826265,9521167.625,62869301.975,446
0.5,0.5,DS Juv = 0,SNE,285101,51017.75,651185,28
0.5,0.5,DS Juv = 0.1,CAN-NNE,37287784.011294,12891195.825,70343499.775,397
0.5,0.5,DS Juv = 0.1,MAT,30864511.435513,8561903.675,57370866.675,578
0.5,0.5,DS Juv = 0.1,MNE,31766.88,170,107622,25
0.5,0.5,DS Juv = 0.1,SAT,32044598.0618769,9462646.075,62786371.7,444
0.5,0.5,DS Juv = 0.1,SNE,318741.166666667,49893.175,664274.25,24
0.5,0.5,DS Juv = 0.2,CAN-NNE,37691718.5800333,11951543.375,72999868.2,417
0.5,0.5,DS Juv = 0.2,MAT,31113336.3997126,8585147.825,58659353.3,651
0.5,0.5,DS Juv = 0.2,MNE,41460.8205128205,66.8,110070.45,39
0.5,0.5,DS Juv = 0.2,SAT,31493315.8376644,10312450.075,65075174.55,451
0.5,0.5,DS Juv = 0.2,SNE,303578.807692308,12864.375,689948.875,26
0.5,0.5,DS Juv = 0.3,CAN-NNE,38517175.3536109,12982027.45,73175606.05,371
0.5,0.5,DS Juv = 0.3,MAT,30958951.4027093,9414150.65,60565068.175,594
0.5,0.5,DS Juv = 0.3,MNE,64733.2,3685.2,138318.4,25
0.5,0.5,DS Juv = 0.3,SAT,33650422.6942111,10298705.7,65400032.725,409
0.5,0.5,DS Juv = 0.3,SNE,415981.787878788,106862.6,756727.8,33
0.5,0.5,DS Juv = 0.4,CAN-NNE,39101964.9193699,12066906.25,71240807,370
0.5,0.5,DS Juv = 0.4,MAT,31333205.7127005,10122235.125,60218318.95,612
0.5,0.5,DS Juv = 0.4,MNE,67726.4516129032,2481.25,149037,31
0.5,0.5,DS Juv = 0.4,SAT,35454174.637734,10651744.925,66683549.65,398
0.5,0.5,DS Juv = 0.4,SNE,413816.428571429,72140.75,763169.625,28
0.5,0.5,DS Juv = 0.5,CAN-NNE,40175770.3781619,13532666.9,75898291.725,409
0.5,0.5,DS Juv = 0.5,MAT,31312385.0316268,10080686.825,61184838.05,620
0.5,0.5,DS Juv = 0.5,MNE,78139.3571428571,8376.625,202525.5,28
0.5,0.5,DS Juv = 0.5,SAT,35398986.5779183,10554090.85,71074929.525,412
0.5,0.5,DS Juv = 0.5,SNE,387259.322580645,88786,878714.25,31
0.5,0.5,DS Juv = 0.6,CAN-NNE,38885881.7530919,15059253.975,70809291.55,403
0.5,0.5,DS Juv = 0.6,MAT,34342761.0072531,10563794.175,64223785.2,634
0.5,0.5,DS Juv = 0.6,MNE,119518.708333333,9450.025,253424.975,24
0.5,0.5,DS Juv = 0.6,SAT,37394763.7398006,10976124.2,70693245.95,398
0.5,0.5,DS Juv = 0.6,SNE,430053.290322581,72826.5,912237,31
0.5,0.5,DS Juv = 0.7,CAN-NNE,41744791.0699645,13506554.25,73033360.225,413
0.5,0.5,DS Juv = 0.7,MAT,35175765.1633223,10986958.025,66857672.25,638
0.5,0.5,DS Juv = 0.7,MNE,149181.84375,11005.8,295551.45,32
0.5,0.5,DS Juv = 0.7,SAT,35346253.1722608,11248978.7,69646167.825,424
0.5,0.5,DS Juv = 0.7,SNE,358806.451612903,52999.75,740866.5,31
0.5,0.5,DS Juv = 0.8,CAN-NNE,39622442.189071,13814152.025,74056883.025,353
0.5,0.5,DS Juv = 0.8,MAT,36327124.4579933,12239481.75,66326301.05,632
0.5,0.5,DS Juv = 0.8,MNE,181168.9375,38689.05,352035.6,32
0.5,0.5,DS Juv = 0.8,SAT,38778744.9598375,12085511.6,74029165.875,420
0.5,0.5,DS Juv = 0.8,SNE,424964.055555556,29386.5,789467.375,36
0.5,0.5,DS Juv = 0.9,CAN-NNE,40087959.5934254,13932512.75,73156670.275,398
0.5,0.5,DS Juv = 0.9,MAT,37658362.5260789,11444562.375,71170104.975,646
0.5,0.5,DS Juv = 0.9,MNE,172382.8,44040.925,344849.3,30
0.5,0.5,DS Juv = 0.9,SAT,39252835.6141092,12452507.975,72395003.975,409
0.5,0.5,DS Juv = 0.9,SNE,489887.772727273,166496.475,857133.375,22
0.5,0.5,DS Juv = 1,CAN-NNE,40577271.3380401,13463958.25,78406171.575,385
0.5,0.5,DS Juv = 1,MAT,39043613.3873073,12861742.35,74152690.275,635
0.5,0.5,DS Juv = 1,MNE,222689.071428571,58758.475,419674.8,28
0.5,0.5,DS Juv = 1,SAT,34793839.9511318,12083920.425,70307416,425
0.5,0.5,DS Juv = 1,SNE,504764.058823529,137095.575,934007.875,34
0.5,0.6,DS Juv = 0,CAN-NNE,35776059.7951481,12279682.9,67415023.05,368
0.5,0.6,DS Juv = 0,MAT,30147927.8450579,9416857.675,57272227.4,603
0.5,0.6,DS Juv = 0,MNE,23949.65,23.875,103531.625,40
0.5,0.6,DS Juv = 0,SAT,34396811.170375,9341200.45,69370118.475,460
0.5,0.6,DS Juv = 0,SNE,294443.25,64372,639589.75,32
0.5,0.6,DS Juv = 0.1,CAN-NNE,37308400.38705,11308754.15,71808035.85,398
0.5,0.6,DS Juv = 0.1,MAT,32483029.4455717,9304338.325,61127662.4,616
0.5,0.6,DS Juv = 0.1,MNE,36226.5142857143,410.4,101082.75,35
0.5,0.6,DS Juv = 0.1,SAT,32682734.0650317,8409990.15,69304450,441
0.5,0.6,DS Juv = 0.1,SNE,386030.551724138,78518.2,685041.9,29
0.5,0.6,DS Juv = 0.2,CAN-NNE,38531227.3074227,13185147.85,71504855.575,409
0.5,0.6,DS Juv = 0.2,MAT,32393119.2281505,8604044.275,61049407.125,648
0.5,0.6,DS Juv = 0.2,MNE,45502.3793103448,397.5,122139.4,29
0.5,0.6,DS Juv = 0.2,SAT,31707376.5590722,9468809.725,59465998.225,402
0.5,0.6,DS Juv = 0.2,SNE,313946.517241379,61692.4,751569.8,29
0.5,0.6,DS Juv = 0.3,CAN-NNE,39702588.1623774,13216894.975,72152116.325,412
0.5,0.6,DS Juv = 0.3,MAT,31833242.5048917,9187964.475,60664291.875,592
0.5,0.6,DS Juv = 0.3,MNE,58679.358974359,1046.35,142996.6,39
0.5,0.6,DS Juv = 0.3,SAT,33641662.5365177,10117243.725,66802569.35,413
0.5,0.6,DS Juv = 0.3,SNE,333637.838709677,40893.25,718546.75,31
0.5,0.6,DS Juv = 0.4,CAN-NNE,36783401.1930144,14648052.625,66306395.075,412
0.5,0.6,DS Juv = 0.4,MAT,32691750.291658,10414620.55,63212984.225,574
0.5,0.6,DS Juv = 0.4,MNE,94461.4642857143,6254.6,209856.8,28
0.5,0.6,DS Juv = 0.4,SAT,35949479.6362628,10818210.85,67538028.65,435
0.5,0.6,DS Juv = 0.4,SNE,434042.34375,65874.55,874910.55,32
0.5,0.6,DS Juv = 0.5,CAN-NNE,40959006.4190729,13724820.15,74643264.025,414
0.5,0.6,DS Juv = 0.5,MAT,34297977.3733304,10382711.35,65459174.3,601
0.5,0.6,DS Juv = 0.5,MNE,100545.5625,13366.025,194998.45,32
0.5,0.6,DS Juv = 0.5,SAT,34714787.4898584,9716651.575,71141083.2,457
0.5,0.6,DS Juv = 0.5,SNE,347326.294117647,108161.475,825635.4,34
0.5,0.6,DS Juv = 0.6,CAN-NNE,39052053.5420834,14826847.475,75917890.05,375
0.5,0.6,DS Juv = 0.6,MAT,33816442.2260236,10577240.95,66338891.6,623
0.5,0.6,DS Juv = 0.6,MNE,115142.441176471,17557.325,249356.95,34
0.5,0.6,DS Juv = 0.6,SAT,35972622.0471338,11446575.075,74646052.55,435
0.5,0.6,DS Juv = 0.6,SNE,384888.46875,96333.25,821751.225,32
0.5,0.6,DS Juv = 0.7,CAN-NNE,38755057.811827,13727577.425,71597835.425,406
0.5,0.6,DS Juv = 0.7,MAT,36327762.1360683,11716889.35,66644180.45,646
0.5,0.6,DS Juv = 0.7,MNE,147669.678571429,11252.05,320317.975,28
0.5,0.6,DS Juv = 0.7,SAT,35468525.1032356,11874381.675,66945419.875,427
0.5,0.6,DS Juv = 0.7,SNE,473485.378378378,87518.4,870255.9,37
0.5,0.6,DS Juv = 0.8,CAN-NNE,38423895.7084409,15105285.6,66392829.725,384
0.5,0.6,DS Juv = 0.8,MAT,35708990.8929908,11890641.3,68653978.7,623
0.5,0.6,DS Juv = 0.8,MNE,160655.891891892,30279.2,353971.1,37
0.5,0.6,DS Juv = 0.8,SAT,37478649.4894796,13434448.825,75066744.725,426
0.5,0.6,DS Juv = 0.8,SNE,425803.975609756,119611,956019,41
0.5,0.6,DS Juv = 0.9,CAN-NNE,40175548.4605363,12433950.45,77853334.225,387
0.5,0.6,DS Juv = 0.9,MAT,36509252.5784229,11958413.5,69261635.825,605
0.5,0.6,DS Juv = 0.9,MNE,209825.483870968,37532.5,381273.75,31
0.5,0.6,DS Juv = 0.9,SAT,38288782.6563999,11618591.15,74638139.05,459
0.5,0.6,DS Juv = 0.9,SNE,431754.028571429,131870.9,777727.6,35
0.5,0.6,DS Juv = 1,CAN-NNE,41445409.136264,14565767.4,77910028.45,368
0.5,0.6,DS Juv = 1,MAT,39654422.7481737,12943356.15,72998727.575,571
0.5,0.6,DS Juv = 1,MNE,257215.451612903,77027,564537,31
0.5,0.6,DS Juv = 1,SAT,39414623.5999245,12763041.125,75371463.7,419
0.5,0.6,DS Juv = 1,SNE,506108.636363636,145128.8,1108669.2,33
0.5,0.7,DS Juv = 0,CAN-NNE,37201361.4351969,11850249.525,72958736.1,373
0.5,0.7,DS Juv = 0,MAT,30939440.0915802,9112700.025,61361522.075,621
0.5,0.7,DS Juv = 0,MNE,31186.2666666667,36.225,96452.225,30
0.5,0.7,DS Juv = 0,SAT,34416406.8135319,9450054.325,66372297.875,426
0.5,0.7,DS Juv = 0,SNE,337734.461538462,72849.25,662982.625,26
0.5,0.7,DS Juv = 0.1,CAN-NNE,37165774.0237669,13265358.4,68819331.925,395
0.5,0.7,DS Juv = 0.1,MAT,31455126.3258234,8654599.775,60315848.5,588
0.5,0.7,DS Juv = 0.1,MNE,40296.7692307692,333.45,101884.9,39
0.5,0.7,DS Juv = 0.1,SAT,34422052.3258384,10180506.075,65902653.425,441
0.5,0.7,DS Juv = 0.1,SNE,480321.24,113879.2,838217.4,25
0.5,0.7,DS Juv = 0.2,CAN-NNE,38417038.1865578,12954817.475,71511896.575,410
0.5,0.7,DS Juv = 0.2,MAT,32125832.5337017,9857554.975,60819145.875,615
0.5,0.7,DS Juv = 0.2,MNE,61136.3870967742,892.75,146290.25,31
0.5,0.7,DS Juv = 0.2,SAT,33297772.7670609,9879068.5,63833033.325,441
0.5,0.7,DS Juv = 0.2,SNE,431281.827586207,78828.6,956096.3,29
0.5,0.7,DS Juv = 0.3,CAN-NNE,38352328.9339273,14650236.025,69978621.5,396
0.5,0.7,DS Juv = 0.3,MAT,31723613.3569964,10154887.675,61985120.375,652
0.5,0.7,DS Juv = 0.3,MNE,79321.6451612903,5189.25,215609.25,31
0.5,0.7,DS Juv = 0.3,SAT,36972095.4717922,10635747.45,68282457.55,468
0.5,0.7,DS Juv = 0.3,SNE,407447.27027027,72745.2,738128.4,37
0.5,0.7,DS Juv = 0.4,CAN-NNE,36264679.7291391,13643228.5,70271486.125,373
0.5,0.7,DS Juv = 0.4,MAT,32236927.4921021,9865318.75,63142150.4,626
0.5,0.7,DS Juv = 0.4,MNE,94733.8571428571,3453.55,257808.675,28
0.5,0.7,DS Juv = 0.4,SAT,34774989.0112584,9227278.325,66914271.1,426
0.5,0.7,DS Juv = 0.4,SNE,358048.117647059,61650.875,853314.25,34
0.5,0.7,DS Juv = 0.5,CAN-NNE,38707321.9352852,13938661.7,73762393.15,408
0.5,0.7,DS Juv = 0.5,MAT,33952820.3742616,10109354.025,63679340.925,580
0.5,0.7,DS Juv = 0.5,MNE,121739.551724138,16173.6,238948.5,29
0.5,0.7,DS Juv = 0.5,SAT,36766398.536579,11115720.275,70414626.55,435
0.5,0.7,DS Juv = 0.5,SNE,415616.967741935,60685,865426.75,31
0.5,0.7,DS Juv = 0.6,CAN-NNE,38614292.6160586,13578669.475,73647665.475,399
0.5,0.7,DS Juv = 0.6,MAT,35326331.7635032,10890692.575,67122867.325,636
0.5,0.7,DS Juv = 0.6,MNE,127655.88372093,16834.25,250840.2,43
0.5,0.7,DS Juv = 0.6,SAT,36727723.689023,11220926.8,68153923.4,460
0.5,0.7,DS Juv = 0.6,SNE,384132.195652174,78584,890358.125,46
0.5,0.7,DS Juv = 0.7,CAN-NNE,40412291.707137,14743812.65,75104000.4,423
0.5,0.7,DS Juv = 0.7,MAT,35753470.7547596,11398307.875,69695085.275,621
0.5,0.7,DS Juv = 0.7,MNE,150124.636363636,40085.8,327838,33
0.5,0.7,DS Juv = 0.7,SAT,40665239.542735,11761546.2,75089399.225,433
0.5,0.7,DS Juv = 0.7,SNE,430217.875,134960.575,1016592.225,32
0.5,0.7,DS Juv = 0.8,CAN-NNE,41080140.1086948,13614674.125,72240516.475,411
0.5,0.7,DS Juv = 0.8,MAT,36580416.9817691,11912573.35,68236864.45,644
0.5,0.7,DS Juv = 0.8,MNE,168181.314285714,61745.65,363365.35,35
0.5,0.7,DS Juv = 0.8,SAT,39385181.9526355,12165498.45,73108964.575,434
0.5,0.7,DS Juv = 0.8,SNE,498297.678571429,112900.675,880886.825,28
0.5,0.7,DS Juv = 0.9,CAN-NNE,41401034.6565529,14739060.575,75156829.75,390
0.5,0.7,DS Juv = 0.9,MAT,37484179.1141278,12337929.7,72473254.775,566
0.5,0.7,DS Juv = 0.9,MNE,231607.357142857,65011.825,511551.8,42
0.5,0.7,DS Juv = 0.9,SAT,40231492.4967783,12019637.8,73942509.425,423
0.5,0.7,DS Juv = 0.9,SNE,435989.870967742,95722.5,774428,31
0.5,0.7,DS Juv = 1,CAN-NNE,40485956.8487971,12423981.55,79841809.475,410
0.5,0.7,DS Juv = 1,MAT,41545030.1701603,13396168.225,77320388.4,596
0.5,0.7,DS Juv = 1,MNE,252355.523809524,86586.5,528222,21
0.5,0.7,DS Juv = 1,SAT,40265213.2672347,12287494,77493816.975,418
0.5,0.7,DS Juv = 1,SNE,527903.75,160845.45,1089993.675,24
0.5,0.8,DS Juv = 0,CAN-NNE,39008404.42393,12540473.075,71150535.65,425
0.5,0.8,DS Juv = 0,MAT,31624124.7735301,10454250.9,59158756.475,629
0.5,0.8,DS Juv = 0,MNE,36190.9642857143,286.7,90293.95,28
0.5,0.8,DS Juv = 0,SAT,33983967.8417853,9438306.4,64919151.825,489
0.5,0.8,DS Juv = 0,SNE,313182.928571429,38007.45,696176.225,28
0.5,0.8,DS Juv = 0.1,CAN-NNE,38251536.27223,13439914.925,72854047.375,413
0.5,0.8,DS Juv = 0.1,MAT,32140849.0569215,9709562.075,61646485.55,587
0.5,0.8,DS Juv = 0.1,MNE,50157.5172413793,265.5,114201.7,29
0.5,0.8,DS Juv = 0.1,SAT,35750180.1991151,10113929.95,69311136.025,427
0.5,0.8,DS Juv = 0.1,SNE,299287.575757576,36946.6,733723.600000001,33
0.5,0.8,DS Juv = 0.2,CAN-NNE,37718104.6724076,14759598.65,73325158.3,407
0.5,0.8,DS Juv = 0.2,MAT,33495214.45893,10005572.65,64222546.35,616
0.5,0.8,DS Juv = 0.2,MNE,54618.5151515152,298.2,149244.4,33
0.5,0.8,DS Juv = 0.2,SAT,34437417.1769657,11383691.95,64530120.75,402
0.5,0.8,DS Juv = 0.2,SNE,479871.942857143,110259.9,875640.85,35
0.5,0.8,DS Juv = 0.3,CAN-NNE,38946639.3055998,12777037.4,73962870.525,359
0.5,0.8,DS Juv = 0.3,MAT,32433283.1584317,9749961.1,64914478.3,580
0.5,0.8,DS Juv = 0.3,MNE,79932.2,2028.175,191329.875,30
0.5,0.8,DS Juv = 0.3,SAT,35318771.898285,10665356.75,65577345.425,443
0.5,0.8,DS Juv = 0.3,SNE,364380.487179487,67086.55,856483.2,39
0.5,0.8,DS Juv = 0.4,CAN-NNE,39336112.26062,14115621.95,72470083.075,391
0.5,0.8,DS Juv = 0.4,MAT,33792284.8610768,10659146.575,63949693.875,636
0.5,0.8,DS Juv = 0.4,MNE,97372.3,3861,211797.125,40
0.5,0.8,DS Juv = 0.4,SAT,39902664.7384828,12292773.375,72944616.55,439
0.5,0.8,DS Juv = 0.4,SNE,419586.592592593,127478.35,822843.05,27
0.5,0.8,DS Juv = 0.5,CAN-NNE,39398042.2146536,12536834.825,75122839.7,389
0.5,0.8,DS Juv = 0.5,MAT,35335157.3070744,10716031.525,66962012.7,588
0.5,0.8,DS Juv = 0.5,MNE,87472.935483871,12374,237900.25,31
0.5,0.8,DS Juv = 0.5,SAT,35239725.7268111,10795809.825,68859522.275,448
0.5,0.8,DS Juv = 0.5,SNE,469590.40625,115632.875,907651.249999999,32
0.5,0.8,DS Juv = 0.6,CAN-NNE,39652673.6282795,14855508.6,71379830.8,373
0.5,0.8,DS Juv = 0.6,MAT,36526846.9795779,12393598.125,68939677.475,614
0.5,0.8,DS Juv = 0.6,MNE,153278.166666667,38223.55,299197.975,42
0.5,0.8,DS Juv = 0.6,SAT,35778335.5724178,12096595.55,69358578.875,431
0.5,0.8,DS Juv = 0.6,SNE,374243.161290323,131075,847357.75,31
0.5,0.8,DS Juv = 0.7,CAN-NNE,40432591.0722399,14085831.175,79036279.65,421
0.5,0.8,DS Juv = 0.7,MAT,36898424.0305092,12181644.775,68990994.9,600
0.5,0.8,DS Juv = 0.7,MNE,161554.551724138,21193.8,376223.3,29
0.5,0.8,DS Juv = 0.7,SAT,39388000.3779587,12031940.2,76163419.15,445
0.5,0.8,DS Juv = 0.7,SNE,456506.033333333,122227.075,914576.35,30
0.5,0.8,DS Juv = 0.8,CAN-NNE,41481571.3233434,14652876.2,75130343.5,394
0.5,0.8,DS Juv = 0.8,MAT,39503830.4967246,12893542.575,75315813.775,641
0.5,0.8,DS Juv = 0.8,MNE,238368.391304348,75109.75,443983.55,23
0.5,0.8,DS Juv = 0.8,SAT,38981111.6112474,11555443,72762470.65,470
0.5,0.8,DS Juv = 0.8,SNE,447713.535714286,160400.7,974148.675,28
0.5,0.8,DS Juv = 0.9,CAN-NNE,40781567.0314981,13759872.4,76876056.15,420
0.5,0.8,DS Juv = 0.9,MAT,40325388.8686236,13622728.65,78627171.925,597
0.5,0.8,DS Juv = 0.9,MNE,276890.333333333,89656,513587.975,30
0.5,0.8,DS Juv = 0.9,SAT,39408039.2865515,12853789.15,76131233.85,449
0.5,0.8,DS Juv = 0.9,SNE,499044.588235294,80588.325,925531.325,34
0.5,0.8,DS Juv = 1,CAN-NNE,41123281.2522299,15049469.675,77055148.3,393
0.5,0.8,DS Juv = 1,MAT,42743615.8810829,14531177.025,79213788.375,592
0.5,0.8,DS Juv = 1,MNE,323556.625,70964.75,570062.775,32
0.5,0.8,DS Juv = 1,SAT,40414884.7710403,13083858.55,81639991.05,409
0.5,0.8,DS Juv = 1,SNE,605487,234276.05,1063369.9,23
0.5,0.9,DS Juv = 0,CAN-NNE,40403606.5538246,14838560.225,71801217.975,383
0.5,0.9,DS Juv = 0,MAT,32222267.63634,10794755.75,63821357.175,616
0.5,0.9,DS Juv = 0,MNE,56582,499.8,128125.45,27
0.5,0.9,DS Juv = 0,SAT,36755465.752428,11086178.925,68362648.05,459
0.5,0.9,DS Juv = 0,SNE,392870.258064516,74320.25,872913.75,31
0.5,0.9,DS Juv = 0.1,CAN-NNE,42015190.963683,14323735.175,75788653.975,375
0.5,0.9,DS Juv = 0.1,MAT,34575489.7167882,10509586.975,65561345.55,652
0.5,0.9,DS Juv = 0.1,MNE,44369.1538461538,1484,106598.375,26
0.5,0.9,DS Juv = 0.1,SAT,33665360.6024016,10518691.45,65027515.275,416
0.5,0.9,DS Juv = 0.1,SNE,400598,77712.15,836376.65,28
0.5,0.9,DS Juv = 0.2,CAN-NNE,36108505.7472199,11536135.4,69735705.9,439
0.5,0.9,DS Juv = 0.2,MAT,34041987.6154251,9950185.5,65419259.5,580
0.5,0.9,DS Juv = 0.2,MNE,81107.8518518519,1794.25,153892.75,27
0.5,0.9,DS Juv = 0.2,SAT,35157037.6844408,11337746.65,69005781.925,424
0.5,0.9,DS Juv = 0.2,SNE,428152.782608696,39265.55,936622.45,23
0.5,0.9,DS Juv = 0.3,CAN-NNE,38527073.7207751,12998743.9,73199954.125,418
0.5,0.9,DS Juv = 0.3,MAT,35115887.9625131,11379873.125,68448476.35,593
0.5,0.9,DS Juv = 0.3,MNE,97239.6666666667,3565.85,221253.35,27
0.5,0.9,DS Juv = 0.3,SAT,39757355.5142497,12155924.95,70023777.175,416
0.5,0.9,DS Juv = 0.3,SNE,453005.444444444,128470.35,861842.55,27
0.5,0.9,DS Juv = 0.4,CAN-NNE,38143742.9556287,14743425.175,72231238.275,401
0.5,0.9,DS Juv = 0.4,MAT,35746924.8286973,11309689.225,68437898.05,588
0.5,0.9,DS Juv = 0.4,MNE,125625.724137931,17415,262587.5,29
0.5,0.9,DS Juv = 0.4,SAT,37037893.6986364,12173388.5,68447952.25,437
0.5,0.9,DS Juv = 0.4,SNE,516260,72962.425,914269.975,22
0.5,0.9,DS Juv = 0.5,CAN-NNE,39559965.5892951,15570850.125,73218149.55,407
0.5,0.9,DS Juv = 0.5,MAT,36377393.71517,11870671.45,69264730.85,643
0.5,0.9,DS Juv = 0.5,MNE,103805.769230769,10802.625,243700.5,26
0.5,0.9,DS Juv = 0.5,SAT,38120506.5411835,11852005.075,74788258.625,424
0.5,0.9,DS Juv = 0.5,SNE,501750.56,83936.4,1035066.4,25
0.5,0.9,DS Juv = 0.6,CAN-NNE,36482528.3895479,13959585.8,69378300,405
0.5,0.9,DS Juv = 0.6,MAT,37682415.4934883,12650087.2,69412830.8,566
0.5,0.9,DS Juv = 0.6,MNE,162464.666666667,41800.5,338846,21
0.5,0.9,DS Juv = 0.6,SAT,36077975.518017,11691254.925,71482433.025,431
0.5,0.9,DS Juv = 0.6,SNE,452409.571428571,45829.775,903663.9,28
0.5,0.9,DS Juv = 0.7,CAN-NNE,40539858.466705,14634165.4,75351628.25,405
0.5,0.9,DS Juv = 0.7,MAT,38154928.5302427,13459813.625,72023283.8,597
0.5,0.9,DS Juv = 0.7,MNE,211408.36,59334,442144.8,25
0.5,0.9,DS Juv = 0.7,SAT,37497076.7838026,12011026.675,71190300.525,435
0.5,0.9,DS Juv = 0.7,SNE,411019.84,75181,782626.8,25
0.5,0.9,DS Juv = 0.8,CAN-NNE,39065707.9456519,13118260.5,74322831.8,393
0.5,0.9,DS Juv = 0.8,MAT,40451384.7809268,13488311.525,74695227.025,608
0.5,0.9,DS Juv = 0.8,MNE,239058.358974359,65870.25,478189.95,39
0.5,0.9,DS Juv = 0.8,SAT,35609971.1578857,11745173.7,71147204.85,439
0.5,0.9,DS Juv = 0.8,SNE,580150.206896552,150692.1,1099457.5,29
0.5,0.9,DS Juv = 0.9,CAN-NNE,41645632.1321401,13864136.05,79199253.15,408
0.5,0.9,DS Juv = 0.9,MAT,41669753.1334182,14200651.025,76780184.125,573
0.5,0.9,DS Juv = 0.9,MNE,273313.25,79897.725,545873.75,20
0.5,0.9,DS Juv = 0.9,SAT,41382705.7691605,13035634.225,81078931.1,403
0.5,0.9,DS Juv = 0.9,SNE,489247.04,100856.4,962092.8,25
0.5,0.9,DS Juv = 1,CAN-NNE,42079573.7406782,13302858,78882156.9,434
0.5,0.9,DS Juv = 1,MAT,43745310.90517,14644107.625,80914056.225,591
0.5,0.9,DS Juv = 1,MNE,276429.814814815,57097.8,607204.9,27
0.5,0.9,DS Juv = 1,SAT,40750375.5517467,13525447.225,76773556.125,449
0.5,0.9,DS Juv = 1,SNE,454436.846153846,131914.1,963633.1,39
0.5,1,DS Juv = 0,CAN-NNE,37183488.9487786,14204579.975,70452246.975,389
0.5,1,DS Juv = 0,MAT,33484382.5280176,10212766.725,66887284.175,633
0.5,1,DS Juv = 0,MNE,46476.6388888889,171.625,142192.25,36
0.5,1,DS Juv = 0,SAT,33534291.0232404,9669785.075,65931342.8,424
0.5,1,DS Juv = 0,SNE,447055.942857143,87237,908278.25,35
0.5,1,DS Juv = 0.1,CAN-NNE,38998968.8025973,13101417.725,70230193.25,411
0.5,1,DS Juv = 0.1,MAT,34338799.232832,11265450.375,67261817.45,596
0.5,1,DS Juv = 0.1,MNE,75629.2222222222,3017.125,196420,36
0.5,1,DS Juv = 0.1,SAT,35438644.930264,10444003.775,64195282.775,425
0.5,1,DS Juv = 0.1,SNE,342853.379310345,45918,821103.5,29
0.5,1,DS Juv = 0.2,CAN-NNE,39327164.8650243,12682682.75,76068764.375,394
0.5,1,DS Juv = 0.2,MAT,34833611.1169058,10717941.575,68247642.925,622
0.5,1,DS Juv = 0.2,MNE,84396.0588235294,3945.2,235260.9,34
0.5,1,DS Juv = 0.2,SAT,35930965.1113468,10198464.4,72626442.725,444
0.5,1,DS Juv = 0.2,SNE,475521.96875,83419.9,987378.775,32
0.5,1,DS Juv = 0.3,CAN-NNE,38354006.7386556,14187187.55,71958532.25,405
0.5,1,DS Juv = 0.3,MAT,36865406.4276518,12150673.45,70759811.525,572
0.5,1,DS Juv = 0.3,MNE,134327.806451613,8749,291853,31
0.5,1,DS Juv = 0.3,SAT,34863994.0314679,11168510.425,70308004.975,419
0.5,1,DS Juv = 0.3,SNE,426800.242424242,82492,865749.2,33
0.5,1,DS Juv = 0.4,CAN-NNE,39047935.3166301,13416760.775,73828485.45,415
0.5,1,DS Juv = 0.4,MAT,36234420.9533724,11605134.2,70872375.625,627
0.5,1,DS Juv = 0.4,MNE,134618.581395349,16222.65,311875.05,43
0.5,1,DS Juv = 0.4,SAT,37378901.5436274,12341187,72879529.375,434
0.5,1,DS Juv = 0.4,SNE,374449.258064516,97189,823778.5,31
0.5,1,DS Juv = 0.5,CAN-NNE,39616994.5521965,14326614.575,73815277.2,374
0.5,1,DS Juv = 0.5,MAT,38056714.3176314,12719051.8,72184565.575,589
0.5,1,DS Juv = 0.5,MNE,159622.147058824,26472.275,333116.9,34
0.5,1,DS Juv = 0.5,SAT,37861544.029284,12116994.575,74302551.575,449
0.5,1,DS Juv = 0.5,SNE,421943.730769231,102882.875,831707.5,26
0.5,1,DS Juv = 0.6,CAN-NNE,40456906.3797769,14433682.225,73615992.7,387
0.5,1,DS Juv = 0.6,MAT,38955689.46129,13093348.175,74503654.15,603
0.5,1,DS Juv = 0.6,MNE,221997.28125,39864.8,382999.3,32
0.5,1,DS Juv = 0.6,SAT,37763876.7777609,13056692.975,74128275.1,436
0.5,1,DS Juv = 0.6,SNE,516881.181818182,156914.3,959175.85,22
0.5,1,DS Juv = 0.7,CAN-NNE,41252266.6683422,15618794.825,76262183.5,414
0.5,1,DS Juv = 0.7,MAT,41129050.277386,13986775,79853255.725,623
0.5,1,DS Juv = 0.7,MNE,241117.777777778,62931.3,489083.8,27
0.5,1,DS Juv = 0.7,SAT,39736647.2448278,12396568.65,73666913.775,432
0.5,1,DS Juv = 0.7,SNE,492342.555555556,85912.625,854759.25,36
0.5,1,DS Juv = 0.8,CAN-NNE,39937445.7830515,13759898.375,76350017.15,405
0.5,1,DS Juv = 0.8,MAT,39688702.4228325,13774559.1,75666057.375,635
0.5,1,DS Juv = 0.8,MNE,318865.136363636,100607.85,548209.125,22
0.5,1,DS Juv = 0.8,SAT,41185372.8065573,14388605.725,78505303,421
0.5,1,DS Juv = 0.8,SNE,438747,119579,834684.5,31
0.5,1,DS Juv = 0.9,CAN-NNE,40067065.385763,14528055.125,78404711.175,404
0.5,1,DS Juv = 0.9,MAT,43276082.9862135,13589318.25,83393214.475,620
0.5,1,DS Juv = 0.9,MNE,450138.636363636,143891.6,696849.400000001,33
0.5,1,DS Juv = 0.9,SAT,40535685.9616789,14025183.125,79930867.3,426
0.5,1,DS Juv = 0.9,SNE,513900.761904762,168690.5,973451.475,42
0.5,1,DS Juv = 1,CAN-NNE,40305502.9278067,14069612.125,82856534.175,396
0.5,1,DS Juv = 1,MAT,43804217.0682355,15137628.4,86424499.5,630
0.5,1,DS Juv = 1,MNE,421569.342857143,124622.7,782396.8,35
0.5,1,DS Juv = 1,SAT,40984631.772436,13861620.525,82652054.825,418
0.5,1,DS Juv = 1,SNE,596016.088235294,152246.55,1164622.725,34
0.6,0,DS Juv = 0,CAN-NNE,37283034.327369,12995401.425,71248327.175,363
0.6,0,DS Juv = 0,MAT,26380900.9308239,6459584.325,50687303.6,625
0.6,0,DS Juv = 0,MNE,8582,0.75,37594.75,31
0.6,0,DS Juv = 0,SAT,30517362.6929562,7933712.35,60092641.6,427
0.6,0,DS Juv = 0,SNE,279704.060606061,45468.6,612161.4,33
0.6,0,DS Juv = 0.1,CAN-NNE,37796206.4897794,12311335.625,69653777.05,395
0.6,0,DS Juv = 0.1,MAT,27606930.8597456,7215207.175,54811781.275,627
0.6,0,DS Juv = 0.1,MNE,12803.0689655172,4.9,44602.3,29
0.6,0,DS Juv = 0.1,SAT,29821913.6773816,8433393.325,57017023.425,469
0.6,0,DS Juv = 0.1,SNE,294046.25,46465.625,555850.125,36
0.6,0,DS Juv = 0.2,CAN-NNE,36326761.2319455,11990449.325,71844875.625,374
0.6,0,DS Juv = 0.2,MAT,27808542.7760093,7790888.925,54194856.2,627
0.6,0,DS Juv = 0.2,MNE,19960.275862069,11.1,79183.5,29
0.6,0,DS Juv = 0.2,SAT,29864143.4786431,9371439.775,59535014.175,436
0.6,0,DS Juv = 0.2,SNE,236724.647058824,10649.25,544388.925,34
0.6,0,DS Juv = 0.3,CAN-NNE,34364815.5814827,12454032.45,65468855.9,390
0.6,0,DS Juv = 0.3,MAT,26925946.6071054,7301207.675,54570001.825,620
0.6,0,DS Juv = 0.3,MNE,30069.7941176471,8.95,103168.3,34
0.6,0,DS Juv = 0.3,SAT,31656952.3713869,9287481.05,58394001.45,457
0.6,0,DS Juv = 0.3,SNE,320747.387096774,34584.5,702858.5,31
0.6,0,DS Juv = 0.4,CAN-NNE,39812005.8206382,13260546.7,75984193.8,395
0.6,0,DS Juv = 0.4,MAT,29547862.5646495,7314930.925,56403670.275,617
0.6,0,DS Juv = 0.4,MNE,41574.3714285714,33.6,132890.25,35
0.6,0,DS Juv = 0.4,SAT,32818253.3742953,8841336.8,60641993.875,408
0.6,0,DS Juv = 0.4,SNE,279043.457142857,4404.7,647284.3,35
0.6,0,DS Juv = 0.5,CAN-NNE,37155035.7450932,14224892.25,66316312.35,398
0.6,0,DS Juv = 0.5,MAT,30487257.0005044,8137812.825,56650869.375,616
0.6,0,DS Juv = 0.5,MNE,80083.6086956522,2410.55,155867.6,23
0.6,0,DS Juv = 0.5,SAT,33946569.6758083,8945004.3,65390063.225,427
0.6,0,DS Juv = 0.5,SNE,285104.9,22320.65,759914.925,40
0.6,0,DS Juv = 0.6,CAN-NNE,38142698.3292401,12694515.725,71056150.05,381
0.6,0,DS Juv = 0.6,MAT,30231314.5878614,7558974.375,57341347.6,602
0.6,0,DS Juv = 0.6,MNE,84660.5652173913,3557.9,188052.5,23
0.6,0,DS Juv = 0.6,SAT,33868820.2515759,10636564.625,63665373.9,421
0.6,0,DS Juv = 0.6,SNE,435671,24614.5,828813.45,35
0.6,0,DS Juv = 0.7,CAN-NNE,36189633.6668889,13099114.575,69180432.9,425
0.6,0,DS Juv = 0.7,MAT,32618705.7859532,10144692.275,61364306.325,623
0.6,0,DS Juv = 0.7,MNE,122001.837837838,2158.4,323198.6,37
0.6,0,DS Juv = 0.7,SAT,34225621.7293559,10659977.225,67426557.525,428
0.6,0,DS Juv = 0.7,SNE,399123.181818182,64552.6,823474.8,33
0.6,0,DS Juv = 0.8,CAN-NNE,38695113.106471,12465579.025,72647925.95,379
0.6,0,DS Juv = 0.8,MAT,32185072.1002137,9716034.025,65554281.35,574
0.6,0,DS Juv = 0.8,MNE,157290.7,14484.375,333325.65,30
0.6,0,DS Juv = 0.8,SAT,35384871.5228121,11713323.9,67776489.575,428
0.6,0,DS Juv = 0.8,SNE,346504.65625,54414.6,779686.925,32
0.6,0,DS Juv = 0.9,CAN-NNE,39715668.7590786,14698412.625,71312252.4,447
0.6,0,DS Juv = 0.9,MAT,34678875.2059925,10113011.175,65223526.725,640
0.6,0,DS Juv = 0.9,MNE,230213.7,81458.025,346304.175,30
0.6,0,DS Juv = 0.9,SAT,36304420.6624317,11252140.025,75309515.9,437
0.6,0,DS Juv = 0.9,SNE,423984.705882353,116877.075,759648.5,34
0.6,0,DS Juv = 1,CAN-NNE,41602739.474268,13464721.375,74407724.475,379
0.6,0,DS Juv = 1,MAT,37106176.8674501,11532035.1,70693807.1,600
0.6,0,DS Juv = 1,MNE,272130.652173913,61102.35,513709.85,23
0.6,0,DS Juv = 1,SAT,38772259.0789175,12634455.225,75435664.225,464
0.6,0,DS Juv = 1,SNE,531345.611111111,103658.875,1106968.75,36
0.6,0.1,DS Juv = 0,CAN-NNE,35353840.0031064,12332892.375,69533871.875,407
0.6,0.1,DS Juv = 0,MAT,27326181.3624426,7196969.275,52766603.575,595
0.6,0.1,DS Juv = 0,MNE,4852.58620689655,0,26667.5,29
0.6,0.1,DS Juv = 0,SAT,29383320.3063276,7399041.2,54953227.7,441
0.6,0.1,DS Juv = 0,SNE,277654.526315789,41478.5,560434.175,38
0.6,0.1,DS Juv = 0.1,CAN-NNE,34198336.2091311,13262574.525,63691176.525,392
0.6,0.1,DS Juv = 0.1,MAT,26771123.8880825,7587912.2,52663451.025,638
0.6,0.1,DS Juv = 0.1,MNE,15416.2647058824,2.475,64478.9499999999,34
0.6,0.1,DS Juv = 0.1,SAT,30037091.1758763,9414601.45,60186462.4,431
0.6,0.1,DS Juv = 0.1,SNE,239961.323529412,651.725,546788.8,34
0.6,0.1,DS Juv = 0.2,CAN-NNE,37171998.8022841,12527760.925,66063732.6,360
0.6,0.1,DS Juv = 0.2,MAT,27764652.5590942,7173449.55,54276577.825,628
0.6,0.1,DS Juv = 0.2,MNE,21655.3421052632,3.85,84143.6999999999,38
0.6,0.1,DS Juv = 0.2,SAT,32141270.1428715,10376592.1,63979106.125,451
0.6,0.1,DS Juv = 0.2,SNE,216921.851851852,22341.3,497466.2,27
0.6,0.1,DS Juv = 0.3,CAN-NNE,34897247.5190317,11867649.1,70375238.15,400
0.6,0.1,DS Juv = 0.3,MAT,27054872.6318053,7627204.55,53432018.975,632
0.6,0.1,DS Juv = 0.3,MNE,31969.3666666667,13.525,123462.675,30
0.6,0.1,DS Juv = 0.3,SAT,32056553.1654679,9138877.4,61657318.775,443
0.6,0.1,DS Juv = 0.3,SNE,312482.388888889,30832.875,754721.125,36
0.6,0.1,DS Juv = 0.4,CAN-NNE,37946997.1321713,13626683.975,74234311.7,358
0.6,0.1,DS Juv = 0.4,MAT,29478179.9192253,8408065.825,56528757.35,620
0.6,0.1,DS Juv = 0.4,MNE,41253.44,113.8,128665.2,25
0.6,0.1,DS Juv = 0.4,SAT,32349957.8354174,8289660.75,63266199.85,431
0.6,0.1,DS Juv = 0.4,SNE,341892.8,46626.35,710042.75,30
0.6,0.1,DS Juv = 0.5,CAN-NNE,35826721.8075575,13290688.975,70904264.7,354
0.6,0.1,DS Juv = 0.5,MAT,28808029.5818829,8586977.425,58422735.125,597
0.6,0.1,DS Juv = 0.5,MNE,77244.9310344828,560.7,193770.8,29
0.6,0.1,DS Juv = 0.5,SAT,33293798.1738461,10146109.55,63332412.25,408
0.6,0.1,DS Juv = 0.5,SNE,321317.741935484,52768.75,717803,31
0.6,0.1,DS Juv = 0.6,CAN-NNE,35585674.9581507,12489738,73908162.4,389
0.6,0.1,DS Juv = 0.6,MAT,30793922.0384277,8174258.75,59656136.35,633
0.6,0.1,DS Juv = 0.6,MNE,93231.9090909091,3775.725,196001.875,22
0.6,0.1,DS Juv = 0.6,SAT,33118193.3344296,9347393.225,64444381.9,426
0.6,0.1,DS Juv = 0.6,SNE,336820.172413793,35234,805729.6,29
0.6,0.1,DS Juv = 0.7,CAN-NNE,38564046.0772513,14242389.925,70694040.725,427
0.6,0.1,DS Juv = 0.7,MAT,30633069.9244611,9164458.6,59351786.425,614
0.6,0.1,DS Juv = 0.7,MNE,93035.625,6997.9,249268.15,32
0.6,0.1,DS Juv = 0.7,SAT,34792321.6813652,10599715.375,68036817.5,440
0.6,0.1,DS Juv = 0.7,SNE,318092.8,54012.2,692544.4,25
0.6,0.1,DS Juv = 0.8,CAN-NNE,39588918.9560747,13260913.95,73186523.475,402
0.6,0.1,DS Juv = 0.8,MAT,33116744.9719964,10656656.125,61952026.825,579
0.6,0.1,DS Juv = 0.8,MNE,143712.294117647,14461.275,346804.9,34
0.6,0.1,DS Juv = 0.8,SAT,34400970.2117122,10926189.35,64063406.325,415
0.6,0.1,DS Juv = 0.8,SNE,429506,66878.95,983064.4,35
0.6,0.1,DS Juv = 0.9,CAN-NNE,39030883.3835252,13037313.2,73292682.075,389
0.6,0.1,DS Juv = 0.9,MAT,35156927.8627866,11446102.9,68396751.45,660
0.6,0.1,DS Juv = 0.9,MNE,208815.695652174,13616.6,490673.4,23
0.6,0.1,DS Juv = 0.9,SAT,37197309.9706043,10694738.925,71924377.975,418
0.6,0.1,DS Juv = 0.9,SNE,417578.222222222,57428,771231.5,27
0.6,0.1,DS Juv = 1,CAN-NNE,38463336.0571914,12772976.475,74887713.45,417
0.6,0.1,DS Juv = 1,MAT,38933714.5320134,12016286.3,73197073.45,637
0.6,0.1,DS Juv = 1,MNE,240370.264705882,80956.325,500368.525,34
0.6,0.1,DS Juv = 1,SAT,39304891.2863787,11642042.675,76645050.45,420
0.6,0.1,DS Juv = 1,SNE,485435,91061.675,1080258.075,24
0.6,0.2,DS Juv = 0,CAN-NNE,38480105.8664405,12714893.875,70094569.4,384
0.6,0.2,DS Juv = 0,MAT,26368231.213229,7481067.275,50620438.275,633
0.6,0.2,DS Juv = 0,MNE,5126.33333333333,2,35381.925,30
0.6,0.2,DS Juv = 0,SAT,30963071.7478845,8576811.7,60735949.975,403
0.6,0.2,DS Juv = 0,SNE,282600.444444444,44271.85,579525.35,27
0.6,0.2,DS Juv = 0.1,CAN-NNE,34764969.1987599,11588999.2,64976002.6,382
0.6,0.2,DS Juv = 0.1,MAT,27866704.5534495,7829613.95,52006466.4,619
0.6,0.2,DS Juv = 0.1,MNE,15188.04,1.2,55572.8,25
0.6,0.2,DS Juv = 0.1,SAT,28941258.1580695,7732699.15,58817962.5,403
0.6,0.2,DS Juv = 0.1,SNE,279787.780487805,27492,784602,41
0.6,0.2,DS Juv = 0.2,CAN-NNE,36668617.1342499,10745988.65,67590437.15,399
0.6,0.2,DS Juv = 0.2,MAT,28289027.0678104,7633925.9,54826556.15,641
0.6,0.2,DS Juv = 0.2,MNE,21914,8.8,83356.4,33
0.6,0.2,DS Juv = 0.2,SAT,32456254.549977,9422183.3,64242493.95,407
0.6,0.2,DS Juv = 0.2,SNE,293473.259259259,21172.85,693158.65,27
0.6,0.2,DS Juv = 0.3,CAN-NNE,39435073.9691421,12976183.75,72416401.5,412
0.6,0.2,DS Juv = 0.3,MAT,28788740.1811541,8329533.325,56501823.3,614
0.6,0.2,DS Juv = 0.3,MNE,41014.4333333333,87.65,114078.425,30
0.6,0.2,DS Juv = 0.3,SAT,32388412.5840238,9213703.5,60824761.125,413
0.6,0.2,DS Juv = 0.3,SNE,294399.53125,17366.775,687852.4,32
0.6,0.2,DS Juv = 0.4,CAN-NNE,36123677.1509948,12577992.35,70061513.825,364
0.6,0.2,DS Juv = 0.4,MAT,27771120.9787898,8210875.675,55155314.175,617
0.6,0.2,DS Juv = 0.4,MNE,52873.2333333333,121.35,153814.85,30
0.6,0.2,DS Juv = 0.4,SAT,32624241.7057534,9609368.05,61793668.575,420
0.6,0.2,DS Juv = 0.4,SNE,300580.03030303,44249.2,621827.2,33
0.6,0.2,DS Juv = 0.5,CAN-NNE,40320060.9839448,13694076.15,67641570.375,396
0.6,0.2,DS Juv = 0.5,MAT,30821941.0792577,8975544.55,57667721.1,644
0.6,0.2,DS Juv = 0.5,MNE,85699.7857142857,1313.325,185361.65,28
0.6,0.2,DS Juv = 0.5,SAT,35007600.0939075,11017906.05,64074074.75,430
0.6,0.2,DS Juv = 0.5,SNE,357686.5,62989.475,784210.074999999,34
0.6,0.2,DS Juv = 0.6,CAN-NNE,37022092.0763063,13659898.05,77885140.925,412
0.6,0.2,DS Juv = 0.6,MAT,31013022.3158919,9073507.8,63327551.7,607
0.6,0.2,DS Juv = 0.6,MNE,94930.1875,615.025,223984.825,32
0.6,0.2,DS Juv = 0.6,SAT,34779726.6646425,11391942.475,65216900.4,427
0.6,0.2,DS Juv = 0.6,SNE,341478.205128205,62579.15,629312.7,39
0.6,0.2,DS Juv = 0.7,CAN-NNE,40510842.8555355,14569443.8,74963738.625,389
0.6,0.2,DS Juv = 0.7,MAT,30935826.8747832,9893310.5,61572934.95,653
0.6,0.2,DS Juv = 0.7,MNE,114949.571428571,7236,248651.5,21
0.6,0.2,DS Juv = 0.7,SAT,34013042.6109619,10263832.75,67716007.05,396
0.6,0.2,DS Juv = 0.7,SNE,366573.884615385,103422.875,798564.375,26
0.6,0.2,DS Juv = 0.8,CAN-NNE,39151804.8811508,13641208.025,74233898.475,389
0.6,0.2,DS Juv = 0.8,MAT,33251151.8630413,10497268.075,65857073.175,599
0.6,0.2,DS Juv = 0.8,MNE,132541.24137931,7987.8,349393.8,29
0.6,0.2,DS Juv = 0.8,SAT,36262090.2855852,11481559.175,69656072.425,452
0.6,0.2,DS Juv = 0.8,SNE,401617.375,107916.9,934789.2,32
0.6,0.2,DS Juv = 0.9,CAN-NNE,43203947.3992363,14990392.275,77614291.35,385
0.6,0.2,DS Juv = 0.9,MAT,36064307.0484773,10903574.975,69885635.9,608
0.6,0.2,DS Juv = 0.9,MNE,191716.285714286,30861.5,485121,21
0.6,0.2,DS Juv = 0.9,SAT,36794988.3401312,10562690.55,72888481.275,450
0.6,0.2,DS Juv = 0.9,SNE,388550.269230769,87531.125,748894.875,26
0.6,0.2,DS Juv = 1,CAN-NNE,41279070.1635763,15267662.1,77306147.3,374
0.6,0.2,DS Juv = 1,MAT,39258630.3956302,11408681.825,76470410.675,619
0.6,0.2,DS Juv = 1,MNE,248073.290322581,74440.75,450283.75,31
0.6,0.2,DS Juv = 1,SAT,35550730.3948638,10709194.525,71058742.85,423
0.6,0.2,DS Juv = 1,SNE,479721.243243243,93040,899811.2,37
0.6,0.3,DS Juv = 0,CAN-NNE,36285897.5185466,11775688.475,66677250.95,366
0.6,0.3,DS Juv = 0,MAT,27121407.9398054,7049889.2,51564155.4,608
0.6,0.3,DS Juv = 0,MNE,9340.47619047619,0,45436,21
0.6,0.3,DS Juv = 0,SAT,29635395.5054746,7575832.075,58618957.375,455
0.6,0.3,DS Juv = 0,SNE,225187.5,14926.2,502716.05,30
0.6,0.3,DS Juv = 0.1,CAN-NNE,37906580.0892254,14477743.225,68571033.975,375
0.6,0.3,DS Juv = 0.1,MAT,28393434.7906022,8475206.7,53567107.375,512
0.6,0.3,DS Juv = 0.1,MNE,18855.3870967742,4,79540.75,31
0.6,0.3,DS Juv = 0.1,SAT,30132961.9325061,8344966.775,58519809.4,429
0.6,0.3,DS Juv = 0.1,SNE,305218.264705882,14438.775,647132.175,34
0.6,0.3,DS Juv = 0.2,CAN-NNE,35139898.4572488,13291598.475,68430593.775,386
0.6,0.3,DS Juv = 0.2,MAT,28369202.2767991,7841379.75,56307168.8,605
0.6,0.3,DS Juv = 0.2,MNE,26716.9428571429,22.25,91431.05,35
0.6,0.3,DS Juv = 0.2,SAT,30860377.3748712,9592947.325,60530448.2,446
0.6,0.3,DS Juv = 0.2,SNE,310484.470588235,34926,693659,17
0.6,0.3,DS Juv = 0.3,CAN-NNE,37925822.751838,13219540.525,71376013.525,394
0.6,0.3,DS Juv = 0.3,MAT,30570852.4291704,8398410.925,57728583.275,632
0.6,0.3,DS Juv = 0.3,MNE,40520.1666666667,40.875,113324.625,30
0.6,0.3,DS Juv = 0.3,SAT,32994103.5165599,9785522.875,63884811.75,435
0.6,0.3,DS Juv = 0.3,SNE,414657.166666667,49158.3,796547.625,24
0.6,0.3,DS Juv = 0.4,CAN-NNE,36733497.978763,12906178.25,68184401.65,401
0.6,0.3,DS Juv = 0.4,MAT,29082026.5577626,8853452.325,56150648.5,617
0.6,0.3,DS Juv = 0.4,MNE,61127.8947368421,208.8,156378.9,38
0.6,0.3,DS Juv = 0.4,SAT,33050077.3731588,9132019.1,65306055.875,417
0.6,0.3,DS Juv = 0.4,SNE,394981.464285714,8348.25,840652.7,28
0.6,0.3,DS Juv = 0.5,CAN-NNE,41844274.5835118,13319961.475,72919576.275,405
0.6,0.3,DS Juv = 0.5,MAT,29204953.8857167,7956039.5,59270295.9,600
0.6,0.3,DS Juv = 0.5,MNE,86741.1875,1314.175,216267.95,32
0.6,0.3,DS Juv = 0.5,SAT,36811781.1784663,10136666.825,70442741.175,436
0.6,0.3,DS Juv = 0.5,SNE,330352.114285714,51786.55,788103.55,35
0.6,0.3,DS Juv = 0.6,CAN-NNE,39691281.649681,14343226.025,75683129.775,421
0.6,0.3,DS Juv = 0.6,MAT,32187572.2755608,9486318.2,61970215.475,616
0.6,0.3,DS Juv = 0.6,MNE,123061.033333333,5548.1,244264.575,30
0.6,0.3,DS Juv = 0.6,SAT,32588885.3999809,9868339.25,66521595.65,436
0.6,0.3,DS Juv = 0.6,SNE,332103.5,44963.525,793044,24
0.6,0.3,DS Juv = 0.7,CAN-NNE,42108387.8980062,13929328.8,75236112.35,377
0.6,0.3,DS Juv = 0.7,MAT,32794153.9358847,9742610.875,63573469.35,583
0.6,0.3,DS Juv = 0.7,MNE,126047.53125,21924.6,281849.45,32
0.6,0.3,DS Juv = 0.7,SAT,38288451.869671,11045389.525,75164075.9,408
0.6,0.3,DS Juv = 0.7,SNE,386328.307692308,98997.25,769316.125,26
0.6,0.3,DS Juv = 0.8,CAN-NNE,43239874.8663051,16009597.4,76654034.55,391
0.6,0.3,DS Juv = 0.8,MAT,34796771.4470058,10170469.1,67752585.425,650
0.6,0.3,DS Juv = 0.8,MNE,145950.15625,20518.45,332689.475,32
0.6,0.3,DS Juv = 0.8,SAT,35120938.5170428,10777780.8,71717344.525,462
0.6,0.3,DS Juv = 0.8,SNE,425025.730769231,63358.375,813615.75,26
0.6,0.3,DS Juv = 0.9,CAN-NNE,41745300.8183374,15309332.425,75218442.7,399
0.6,0.3,DS Juv = 0.9,MAT,37138204.1055035,11445669.225,70844173.425,614
0.6,0.3,DS Juv = 0.9,MNE,178515.8125,9473.85,376207,32
0.6,0.3,DS Juv = 0.9,SAT,38767794.9737613,12236917.15,71353767.4,434
0.6,0.3,DS Juv = 0.9,SNE,456119.375,148299.5,911893.325,24
0.6,0.3,DS Juv = 1,CAN-NNE,42140926.5469776,14236257.3,75380165.25,368
0.6,0.3,DS Juv = 1,MAT,36102459.420738,11600491.7,69754080.15,627
0.6,0.3,DS Juv = 1,MNE,322614,91163.05,650936.425,28
0.6,0.3,DS Juv = 1,SAT,38322488.9373599,11753879.3,77508266.1,454
0.6,0.3,DS Juv = 1,SNE,429682.655172414,109957.5,968150.5,29
0.6,0.4,DS Juv = 0,CAN-NNE,34113015.8220941,12201392.425,64709014.875,372
0.6,0.4,DS Juv = 0,MAT,27523921.2878872,8378873.975,53852762.7,609
0.6,0.4,DS Juv = 0,MNE,12899.6333333333,3,48076.65,30
0.6,0.4,DS Juv = 0,SAT,30602211.0723417,8479941.825,60433103.25,433
0.6,0.4,DS Juv = 0,SNE,317718.888888889,34185.125,665358,36
0.6,0.4,DS Juv = 0.1,CAN-NNE,41351666.8908296,13107503.2,68192990.775,417
0.6,0.4,DS Juv = 0.1,MAT,28186362.4131609,7303747.275,57312249.875,649
0.6,0.4,DS Juv = 0.1,MNE,21377.5238095238,25,65249.5,21
0.6,0.4,DS Juv = 0.1,SAT,30662922.681937,8649568.475,62118163.4,429
0.6,0.4,DS Juv = 0.1,SNE,289102.590909091,29770.675,709963.325,22
0.6,0.4,DS Juv = 0.2,CAN-NNE,40556858.8751728,13479719.3,70586515.55,419
0.6,0.4,DS Juv = 0.2,MAT,29749494.323027,8590521.45,56808494.325,616
0.6,0.4,DS Juv = 0.2,MNE,21762.5769230769,16.625,71002.125,26
0.6,0.4,DS Juv = 0.2,SAT,33273598.078375,10628069.15,61661499.725,447
0.6,0.4,DS Juv = 0.2,SNE,336376.740740741,33800.5,733400.1,27
0.6,0.4,DS Juv = 0.3,CAN-NNE,37698167.5423138,12427036.175,69209129.4,394
0.6,0.4,DS Juv = 0.3,MAT,30537021.1778793,8848774.975,59010756.925,561
0.6,0.4,DS Juv = 0.3,MNE,64702.2222222222,102.625,140531.875,36
0.6,0.4,DS Juv = 0.3,SAT,32584604.9464724,9432393.05,63866598.475,438
0.6,0.4,DS Juv = 0.3,SNE,358934.903225806,61110,896120,31
0.6,0.4,DS Juv = 0.4,CAN-NNE,37562590.5257149,13195725.5,70422664.725,408
0.6,0.4,DS Juv = 0.4,MAT,29876758.3638842,9129400.675,59149205.75,614
0.6,0.4,DS Juv = 0.4,MNE,58401.675,399.775,153351.575,40
0.6,0.4,DS Juv = 0.4,SAT,34238033.6401187,10463648.025,66389069.875,409
0.6,0.4,DS Juv = 0.4,SNE,345037.5,30461.25,700456.625,26
0.6,0.4,DS Juv = 0.5,CAN-NNE,38157976.6955112,12824361.9,67410121.95,422
0.6,0.4,DS Juv = 0.5,MAT,31427348.8164846,8455656.2,61157674.625,610
0.6,0.4,DS Juv = 0.5,MNE,67133.71875,374.675,173755.4,32
0.6,0.4,DS Juv = 0.5,SAT,35336821.222158,10437596.3,66895873.225,426
0.6,0.4,DS Juv = 0.5,SNE,347169.095238095,51499.825,777099.825,42
0.6,0.4,DS Juv = 0.6,CAN-NNE,39126088.2857257,12638874.425,72562017.775,394
0.6,0.4,DS Juv = 0.6,MAT,32269052.5921057,9287378.825,62071064,604
0.6,0.4,DS Juv = 0.6,MNE,111327.481481481,9337.4,293728.3,27
0.6,0.4,DS Juv = 0.6,SAT,38060942.5841961,10357860.825,71132887.975,414
0.6,0.4,DS Juv = 0.6,SNE,371486.371428571,76758.3,885527.9,35
0.6,0.4,DS Juv = 0.7,CAN-NNE,38351452.7780958,12395847.25,69680570.3,366
0.6,0.4,DS Juv = 0.7,MAT,34159006.2674103,9527035.9,65581953.325,580
0.6,0.4,DS Juv = 0.7,MNE,129099.7,2581.75,302210.95,30
0.6,0.4,DS Juv = 0.7,SAT,35835463.5880187,10532595.675,71415693.4,440
0.6,0.4,DS Juv = 0.7,SNE,450205.925925926,58433.55,804992.85,27
0.6,0.4,DS Juv = 0.8,CAN-NNE,38119921.6490202,14255814.475,71159293.225,389
0.6,0.4,DS Juv = 0.8,MAT,34918535.542548,10393044.4,66556406.875,597
0.6,0.4,DS Juv = 0.8,MNE,189320.242424242,19674.6,382133.4,33
0.6,0.4,DS Juv = 0.8,SAT,36545093.6118224,11091692.225,71503709.05,441
0.6,0.4,DS Juv = 0.8,SNE,455113.068965517,26605,974985,29
0.6,0.4,DS Juv = 0.9,CAN-NNE,38328018.9918252,13595349.075,71552118.2,384
0.6,0.4,DS Juv = 0.9,MAT,38465259.9212058,12603881.025,73747268.275,553
0.6,0.4,DS Juv = 0.9,MNE,223065.347826087,52403.1,517817.4,23
0.6,0.4,DS Juv = 0.9,SAT,38357337.4798748,12127140.7,71078889.75,420
0.6,0.4,DS Juv = 0.9,SNE,391665.64516129,67625.75,981083,31
0.6,0.4,DS Juv = 1,CAN-NNE,41459154.8398183,14590758.075,78587812.1,400
0.6,0.4,DS Juv = 1,MAT,40555417.5562237,12545625.425,77900675.1,590
0.6,0.4,DS Juv = 1,MNE,284797.391304348,57101.45,527349.95,23
0.6,0.4,DS Juv = 1,SAT,38544354.1187023,11467226.6,71046488.025,385
0.6,0.4,DS Juv = 1,SNE,485242.379310345,90505.8,985061,29
0.6,0.5,DS Juv = 0,CAN-NNE,34847896.2358933,12946341.75,62326245.875,410
0.6,0.5,DS Juv = 0,MAT,28380512.2240345,7927610.8,54774827,629
0.6,0.5,DS Juv = 0,MNE,14873,22.15,59206.65,23
0.6,0.5,DS Juv = 0,SAT,31527726.8213165,8082683.075,62138928.375,443
0.6,0.5,DS Juv = 0,SNE,292205.096774194,41180.25,614478,31
0.6,0.5,DS Juv = 0.1,CAN-NNE,35660014.6599585,13048035.3,71812132.175,439
0.6,0.5,DS Juv = 0.1,MAT,27496116.4274307,7031858.225,56555769.125,662
0.6,0.5,DS Juv = 0.1,MNE,21985.2352941176,27.225,69384.225,34
0.6,0.5,DS Juv = 0.1,SAT,33774502.9463931,8259532,62690560.975,415
0.6,0.5,DS Juv = 0.1,SNE,314893.5,44729.075,685961.525,28
0.6,0.5,DS Juv = 0.2,CAN-NNE,37677951.0836291,12092269.275,66655041.25,407
0.6,0.5,DS Juv = 0.2,MAT,30332443.5254753,9201585.775,57151347.525,619
0.6,0.5,DS Juv = 0.2,MNE,32459.7837837838,7.2,96753.9,37
0.6,0.5,DS Juv = 0.2,SAT,33498970.3640629,8754549.1,65414257.175,437
0.6,0.5,DS Juv = 0.2,SNE,358823.606060606,79493.4,744649.6,33
0.6,0.5,DS Juv = 0.3,CAN-NNE,39453939.690043,12703039.4,73021295.925,409
0.6,0.5,DS Juv = 0.3,MAT,28309873.8522802,8652922.375,59180033.675,619
0.6,0.5,DS Juv = 0.3,MNE,32872.0714285714,112.35,104505.925,28
0.6,0.5,DS Juv = 0.3,SAT,33932503.4471338,9259015.7,66968118.4,469
0.6,0.5,DS Juv = 0.3,SNE,290911.666666667,15548,783024.000000001,33
0.6,0.5,DS Juv = 0.4,CAN-NNE,39187544.848509,14364813.3,67934347.675,390
0.6,0.5,DS Juv = 0.4,MAT,30935012.0569595,8902836.3,59591982.7,565
0.6,0.5,DS Juv = 0.4,MNE,52012.4583333333,274.525,154828.8,24
0.6,0.5,DS Juv = 0.4,SAT,34096988.8144488,10145140.25,67522251.925,432
0.6,0.5,DS Juv = 0.4,SNE,396609.428571429,103260,849409,21
0.6,0.5,DS Juv = 0.5,CAN-NNE,37106835.6460591,13754278.725,71096458.575,376
0.6,0.5,DS Juv = 0.5,MAT,30951423.365639,8542589.75,60069360.3,654
0.6,0.5,DS Juv = 0.5,MNE,88952.2121212121,694.8,225600.8,33
0.6,0.5,DS Juv = 0.5,SAT,35927032.1449712,11942061.925,68218305.6,428
0.6,0.5,DS Juv = 0.5,SNE,308599.565217391,30320.85,786957.65,23
0.6,0.5,DS Juv = 0.6,CAN-NNE,40046681.8464827,13352086.425,76937020.125,392
0.6,0.5,DS Juv = 0.6,MAT,32870930.5638623,10047030.825,63283019.775,636
0.6,0.5,DS Juv = 0.6,MNE,120099.151515152,3917.8,270773.6,33
0.6,0.5,DS Juv = 0.6,SAT,34418949.6760675,11705283.525,67762910.775,419
0.6,0.5,DS Juv = 0.6,SNE,345977.266666667,36931.65,817425.225,30
0.6,0.5,DS Juv = 0.7,CAN-NNE,38523360.8939836,13340410.8,73015309.65,405
0.6,0.5,DS Juv = 0.7,MAT,35781592.1677217,10914540.65,68610979.875,584
0.6,0.5,DS Juv = 0.7,MNE,159488.966666667,10801.025,336460.175,30
0.6,0.5,DS Juv = 0.7,SAT,37662685.8916577,12328140.075,71336073.65,405
0.6,0.5,DS Juv = 0.7,SNE,484967.481481481,29700.9,859890.75,27
0.6,0.5,DS Juv = 0.8,CAN-NNE,40270849.435798,11769227.475,80254877.075,378
0.6,0.5,DS Juv = 0.8,MAT,36213441.669851,11712346.675,67079093.975,580
0.6,0.5,DS Juv = 0.8,MNE,173499.885714286,29887.45,354743.6,35
0.6,0.5,DS Juv = 0.8,SAT,37702989.0566997,12868985.2,71958123.95,444
0.6,0.5,DS Juv = 0.8,SNE,375025.516129032,54476.75,675251.75,31
0.6,0.5,DS Juv = 0.9,CAN-NNE,39892744.6220337,13278741.675,73862928.275,411
0.6,0.5,DS Juv = 0.9,MAT,37642810.6098607,12500662.85,71188525.425,577
0.6,0.5,DS Juv = 0.9,MNE,258188.647058824,28794.125,505600,34
0.6,0.5,DS Juv = 0.9,SAT,39415234.8944414,12930276.8,74570760.425,423
0.6,0.5,DS Juv = 0.9,SNE,487005.290322581,113093.75,1107306.5,31
0.6,0.5,DS Juv = 1,CAN-NNE,43567452.640029,13731736.625,76999095.425,377
0.6,0.5,DS Juv = 1,MAT,40391584.4924626,13272268.35,76032093.725,611
0.6,0.5,DS Juv = 1,MNE,353585.64516129,80803,648437,31
0.6,0.5,DS Juv = 1,SAT,37275544.0731217,12388275.55,73249802.025,437
0.6,0.5,DS Juv = 1,SNE,439929.452380952,83243.55,972961.975,42
0.6,0.6,DS Juv = 0,CAN-NNE,38137229.1470131,13696832.275,69164866.25,411
0.6,0.6,DS Juv = 0,MAT,28372717.0684539,8965964.925,53935093.05,612
0.6,0.6,DS Juv = 0,MNE,12481.8235294118,2.475,45719.725,34
0.6,0.6,DS Juv = 0,SAT,33357465.0152106,8683270.2,61766889.825,410
0.6,0.6,DS Juv = 0,SNE,277566.193548387,16220.75,545777.25,31
0.6,0.6,DS Juv = 0.1,CAN-NNE,36464552.246951,14217970.6,65371177.85,394
0.6,0.6,DS Juv = 0.1,MAT,30933268.0219665,8807045.6,57223758.35,571
0.6,0.6,DS Juv = 0.1,MNE,24685.1538461538,5.125,83210.625,26
0.6,0.6,DS Juv = 0.1,SAT,32830259.0998612,8984635,68486870.375,452
0.6,0.6,DS Juv = 0.1,SNE,307083.314285714,2861.7,627153.2,35
0.6,0.6,DS Juv = 0.2,CAN-NNE,36367382.8327271,13093805.975,68604055.175,423
0.6,0.6,DS Juv = 0.2,MAT,31596211.2220808,8325914.5,60882402.45,604
0.6,0.6,DS Juv = 0.2,MNE,36128.8888888889,6.125,125320.25,36
0.6,0.6,DS Juv = 0.2,SAT,34604461.5805184,9508069.675,65710235.1,444
0.6,0.6,DS Juv = 0.2,SNE,405857.413793103,78762.6,787943.8,29
0.6,0.6,DS Juv = 0.3,CAN-NNE,38707086.1346797,11668460.275,69526203.95,408
0.6,0.6,DS Juv = 0.3,MAT,31282536.3878338,8996015.775,60741343.425,678
0.6,0.6,DS Juv = 0.3,MNE,41219.9375,152.975,127813.1,32
0.6,0.6,DS Juv = 0.3,SAT,35204319.3041849,8875658.725,65875850,462
0.6,0.6,DS Juv = 0.3,SNE,331129.392857143,29941.3,664014.425,28
0.6,0.6,DS Juv = 0.4,CAN-NNE,35502952.9667496,12620992.45,69127249.875,412
0.6,0.6,DS Juv = 0.4,MAT,31141593.4203399,8947002.55,60880828.9,654
0.6,0.6,DS Juv = 0.4,MNE,71609.25,235.6,183783.875,48
0.6,0.6,DS Juv = 0.4,SAT,34813847.7192905,10876292.3,69768535.025,420
0.6,0.6,DS Juv = 0.4,SNE,298416.75,61810.475,648473.65,24
0.6,0.6,DS Juv = 0.5,CAN-NNE,39674935.799954,13395634.65,72226297.55,386
0.6,0.6,DS Juv = 0.5,MAT,33165822.6891683,9450468.85,63357200.4,613
0.6,0.6,DS Juv = 0.5,MNE,75551.2647058823,1458.675,230384.875,34
0.6,0.6,DS Juv = 0.5,SAT,36775338.5187098,9976001.475,69412092.225,423
0.6,0.6,DS Juv = 0.5,SNE,358164.342857143,84717.25,799632.35,35
0.6,0.6,DS Juv = 0.6,CAN-NNE,37372941.9602127,14979812.325,70843248.25,371
0.6,0.6,DS Juv = 0.6,MAT,32247437.4999031,9892742.275,65229144.2,603
0.6,0.6,DS Juv = 0.6,MNE,114192,8956.625,273082.625,36
0.6,0.6,DS Juv = 0.6,SAT,36906274.6743279,11815492.375,70444551.375,426
0.6,0.6,DS Juv = 0.6,SNE,366542.740740741,105703.25,709353.35,27
0.6,0.6,DS Juv = 0.7,CAN-NNE,38646847.7709913,11676971.15,70380586.6,373
0.6,0.6,DS Juv = 0.7,MAT,34557948.4338218,11342016.025,66889746,631
0.6,0.6,DS Juv = 0.7,MNE,160553.653846154,19576.125,340804.125,26
0.6,0.6,DS Juv = 0.7,SAT,37725761.4929553,11651303.125,70555651.925,395
0.6,0.6,DS Juv = 0.7,SNE,483389.676470588,94722.375,968623.875,34
0.6,0.6,DS Juv = 0.8,CAN-NNE,39403370.4013305,12595316.525,75582005.2,399
0.6,0.6,DS Juv = 0.8,MAT,38943538.4096951,13137956.575,69412877.45,588
0.6,0.6,DS Juv = 0.8,MNE,218991.113636364,38186.5,496307.65,44
0.6,0.6,DS Juv = 0.8,SAT,39189532.0317336,11662018.9,76145868.525,447
0.6,0.6,DS Juv = 0.8,SNE,433416.780487805,125091,863024,41
0.6,0.6,DS Juv = 0.9,CAN-NNE,39948766.311734,13407025.125,71532736.25,375
0.6,0.6,DS Juv = 0.9,MAT,39400185.3304086,13027476.85,75790372.675,583
0.6,0.6,DS Juv = 0.9,MNE,225342.428571429,68842.025,592320.675,28
0.6,0.6,DS Juv = 0.9,SAT,39331813.7906037,12911400.125,76483155.55,470
0.6,0.6,DS Juv = 0.9,SNE,479724.444444444,105693,1022734.375,36
0.6,0.6,DS Juv = 1,CAN-NNE,39815120.7707633,14921877.8,76346504.625,401
0.6,0.6,DS Juv = 1,MAT,40878390.5426005,12843046.7,77233607.825,633
0.6,0.6,DS Juv = 1,MNE,347709.208333333,84280.225,723164.875,24
0.6,0.6,DS Juv = 1,SAT,41216942.1337708,13073726.175,79062535.525,431
0.6,0.6,DS Juv = 1,SNE,581001.40625,161912.1,1037411.3,32
0.6,0.7,DS Juv = 0,CAN-NNE,38021138.455145,12581608.325,72223243.35,385
0.6,0.7,DS Juv = 0,MAT,29614776.0222857,8168920.75,56461287.775,594
0.6,0.7,DS Juv = 0,MNE,16553.8857142857,1.7,66118.65,35
0.6,0.7,DS Juv = 0,SAT,31274544.8629707,10024100.45,62099492.6,416
0.6,0.7,DS Juv = 0,SNE,332296.5625,55983.5,705927,32
0.6,0.7,DS Juv = 0.1,CAN-NNE,36953307.3006302,13088016.2,70845441.3,412
0.6,0.7,DS Juv = 0.1,MAT,29716529.4639194,8762802.325,57609955.15,581
0.6,0.7,DS Juv = 0.1,MNE,41754.5517241379,84.4,100586,29
0.6,0.7,DS Juv = 0.1,SAT,33658358.1894225,9649882.25,69976003.95,423
0.6,0.7,DS Juv = 0.1,SNE,281978.206896552,5690.6,580178.6,29
0.6,0.7,DS Juv = 0.2,CAN-NNE,37525417.1882234,12381900.1,68094539.525,389
0.6,0.7,DS Juv = 0.2,MAT,33071925.8978082,9216314.425,61962569.075,607
0.6,0.7,DS Juv = 0.2,MNE,40947.1,54.925,100858.325,30
0.6,0.7,DS Juv = 0.2,SAT,33628527.3628487,10329888.45,61955170.425,457
0.6,0.7,DS Juv = 0.2,SNE,346920.103448276,91254.5,856583.5,29
0.6,0.7,DS Juv = 0.3,CAN-NNE,37270512.898461,13725812.625,72494762.5,385
0.6,0.7,DS Juv = 0.3,MAT,31417799.8286826,9518063.825,62200762.15,598
0.6,0.7,DS Juv = 0.3,MNE,41652.0285714286,74.25,106344.5,35
0.6,0.7,DS Juv = 0.3,SAT,33916853.507413,9175381.925,65951382.625,412
0.6,0.7,DS Juv = 0.3,SNE,397286.735294118,65580.1,738859.15,34
0.6,0.7,DS Juv = 0.4,CAN-NNE,39090185.2902464,13973439.7,74942515.7,396
0.6,0.7,DS Juv = 0.4,MAT,32443025.757013,8961186.65,63186082.275,598
0.6,0.7,DS Juv = 0.4,MNE,73957.3902439024,1606,209324,41
0.6,0.7,DS Juv = 0.4,SAT,34983679.5535164,9692611.425,66643958.725,442
0.6,0.7,DS Juv = 0.4,SNE,428552.35483871,87952.5,878830,31
0.6,0.7,DS Juv = 0.5,CAN-NNE,39759253.0380579,13451181.75,73875199.05,371
0.6,0.7,DS Juv = 0.5,MAT,34361642.6382682,9618399.225,67890300.8,602
0.6,0.7,DS Juv = 0.5,MNE,78725.53125,3310.2,182373.825,32
0.6,0.7,DS Juv = 0.5,SAT,36991772.4034768,11836605.525,70872581.725,427
0.6,0.7,DS Juv = 0.5,SNE,401578.935483871,36245.25,759379,31
0.6,0.7,DS Juv = 0.6,CAN-NNE,38115236.100155,14094102.875,69850196.75,371
0.6,0.7,DS Juv = 0.6,MAT,35601217.5466461,9649907.325,69166603.675,591
0.6,0.7,DS Juv = 0.6,MNE,143963.826086957,6964.35,361150,23
0.6,0.7,DS Juv = 0.6,SAT,36007723.5650513,11576519.325,68948120.65,438
0.6,0.7,DS Juv = 0.6,SNE,512472.777777778,55554.25,898402.55,27
0.6,0.7,DS Juv = 0.7,CAN-NNE,39015492.5238731,14601387,72499385.625,399
0.6,0.7,DS Juv = 0.7,MAT,36699987.4517636,12000115,69240705.025,614
0.6,0.7,DS Juv = 0.7,MNE,153321.541666667,13334.125,439658.35,24
0.6,0.7,DS Juv = 0.7,SAT,37210177.3021184,10921850.775,74253459.225,418
0.6,0.7,DS Juv = 0.7,SNE,426232.052631579,55267.6,796871.85,19
0.6,0.7,DS Juv = 0.8,CAN-NNE,40196104.862013,14211958.8,77384524.125,376
0.6,0.7,DS Juv = 0.8,MAT,37424573.5432728,12058492.05,75397724.7,612
0.6,0.7,DS Juv = 0.8,MNE,245941.233333333,22661.425,487415.125,30
0.6,0.7,DS Juv = 0.8,SAT,38214000.5823345,12810313.25,72378842.725,424
0.6,0.7,DS Juv = 0.8,SNE,475208.547619048,93813.875,926214.225,42
0.6,0.7,DS Juv = 0.9,CAN-NNE,40432524.4901233,14658330.1,73601085.675,404
0.6,0.7,DS Juv = 0.9,MAT,41197547.0105802,13430699.95,77707547.4,582
0.6,0.7,DS Juv = 0.9,MNE,305656.052631579,105992.825,568512.45,38
0.6,0.7,DS Juv = 0.9,SAT,39906982.9252396,14774737.25,75460742.925,400
0.6,0.7,DS Juv = 0.9,SNE,510299.227272727,111536.2,1094448.1,22
0.6,0.7,DS Juv = 1,CAN-NNE,42548513.2898392,15353319.675,75863783.575,397
0.6,0.7,DS Juv = 1,MAT,42795539.3191954,13696589.7,84869086,621
0.6,0.7,DS Juv = 1,MNE,361012.515151515,79597.8,839106,33
0.6,0.7,DS Juv = 1,SAT,41324568.1213016,12483330.5,81072227.775,427
0.6,0.7,DS Juv = 1,SNE,526113.961538462,111261.875,869861.5,26
0.6,0.8,DS Juv = 0,CAN-NNE,35287745.6414523,12579665.625,69230840.2,402
0.6,0.8,DS Juv = 0,MAT,30187809.3361224,9208993.775,59972805.775,623
0.6,0.8,DS Juv = 0,MNE,23140.0416666667,6.275,96067.8749999999,48
0.6,0.8,DS Juv = 0,SAT,32047329.1701066,10311481.425,65765659.225,396
0.6,0.8,DS Juv = 0,SNE,352132.964285714,85139.1,750385.825,28
0.6,0.8,DS Juv = 0.1,CAN-NNE,37581846.3365829,13448410.225,65781935.775,399
0.6,0.8,DS Juv = 0.1,MAT,31122649.9034853,8996088.425,61626438.75,624
0.6,0.8,DS Juv = 0.1,MNE,34342.48,101.6,116726.2,25
0.6,0.8,DS Juv = 0.1,SAT,33255235.834282,10400005.025,66718761.35,465
0.6,0.8,DS Juv = 0.1,SNE,367976.36,19950.2,798727.2,25
0.6,0.8,DS Juv = 0.2,CAN-NNE,41424816.5890832,14305652.225,72557255.3,396
0.6,0.8,DS Juv = 0.2,MAT,31380245.6770119,8957107.725,59587960.3,601
0.6,0.8,DS Juv = 0.2,MNE,32381.9666666667,227.325,99426.4999999999,30
0.6,0.8,DS Juv = 0.2,SAT,34509597.4286226,10583034.675,64237287.825,412
0.6,0.8,DS Juv = 0.2,SNE,249881.225806452,36543.75,683146.75,31
0.6,0.8,DS Juv = 0.3,CAN-NNE,38130441.3507545,13151813.8,70751321.325,384
0.6,0.8,DS Juv = 0.3,MAT,30600152.1732951,8830717.425,60741521.525,601
0.6,0.8,DS Juv = 0.3,MNE,58422.9677419355,101,170250,31
0.6,0.8,DS Juv = 0.3,SAT,38836407.4744553,11322028.85,69721924,412
0.6,0.8,DS Juv = 0.3,SNE,439984,103021.15,949132.325,32
0.6,0.8,DS Juv = 0.4,CAN-NNE,38578716.0669813,13254180.5,68933667.825,389
0.6,0.8,DS Juv = 0.4,MAT,34402534.2236531,10409425.725,65658610.9,617
0.6,0.8,DS Juv = 0.4,MNE,77043.1176470588,2506.2,250967.675,34
0.6,0.8,DS Juv = 0.4,SAT,35678607.8103537,10725249.4,69618798.3,436
0.6,0.8,DS Juv = 0.4,SNE,395625.5,51204.275,753310.175,40
0.6,0.8,DS Juv = 0.5,CAN-NNE,40833149.2183786,14117867.475,75017258.825,375
0.6,0.8,DS Juv = 0.5,MAT,36736072.2117035,11234420.4,65969971.7,622
0.6,0.8,DS Juv = 0.5,MNE,91741.1034482759,1027.1,217548.1,29
0.6,0.8,DS Juv = 0.5,SAT,38998881.2123991,12070950.275,71622249.45,423
0.6,0.8,DS Juv = 0.5,SNE,379383.470588235,60866.825,816571.5,34
0.6,0.8,DS Juv = 0.6,CAN-NNE,40604847.2839984,13476705.45,72484243.775,412
0.6,0.8,DS Juv = 0.6,MAT,35442411.8773302,10762494.45,70531348.6,663
0.6,0.8,DS Juv = 0.6,MNE,185387.8,25719.625,301362.45,30
0.6,0.8,DS Juv = 0.6,SAT,36859469.4722418,10481124.475,70499035.225,398
0.6,0.8,DS Juv = 0.6,SNE,436502.464285714,53785.075,1116261.975,28
0.6,0.8,DS Juv = 0.7,CAN-NNE,42791936.9775504,14275113.65,76958977.075,399
0.6,0.8,DS Juv = 0.7,MAT,39896474.2026426,11890809.05,76601286.8,609
0.6,0.8,DS Juv = 0.7,MNE,168237.833333333,19744.775,395244.025,30
0.6,0.8,DS Juv = 0.7,SAT,35987217.5372157,12421907.9,69733573.9,407
0.6,0.8,DS Juv = 0.7,SNE,531229.482758621,93808,995660.4,29
0.6,0.8,DS Juv = 0.8,CAN-NNE,44079707.1760432,15574462.4,78397732.75,385
0.6,0.8,DS Juv = 0.8,MAT,40916478.0470647,13147865.075,76839407.775,629
0.6,0.8,DS Juv = 0.8,MNE,290177.173913043,57638.8,560572.05,23
0.6,0.8,DS Juv = 0.8,SAT,38112747.643709,12181579.275,72170016.85,423
0.6,0.8,DS Juv = 0.8,SNE,514554,76362.4,1139753.2,37
0.6,0.8,DS Juv = 0.9,CAN-NNE,42582539.1972001,14858505.025,82318171.5,420
0.6,0.8,DS Juv = 0.9,MAT,43461919.1609218,14616837.05,80910836.525,592
0.6,0.8,DS Juv = 0.9,MNE,313382.2,75632.4,617483.4,25
0.6,0.8,DS Juv = 0.9,SAT,41060269.9387975,13721674.55,75844203.6,448
0.6,0.8,DS Juv = 0.9,SNE,489085.735294118,64671.525,1041874.475,34
0.6,0.8,DS Juv = 1,CAN-NNE,44830911.9743544,13621001.075,80373914.6,425
0.6,0.8,DS Juv = 1,MAT,42725974.8289479,15247097.9,85727100.45,623
0.6,0.8,DS Juv = 1,MNE,466326.677419355,116738.5,960980,31
0.6,0.8,DS Juv = 1,SAT,43528149.4948586,12879084,78753262.35,444
0.6,0.8,DS Juv = 1,SNE,656835.939393939,110699,1184799,33
0.6,0.9,DS Juv = 0,CAN-NNE,36594120.6184786,13412863.8,65635669.95,384
0.6,0.9,DS Juv = 0,MAT,32016493.8546019,9578187.35,62538166.275,637
0.6,0.9,DS Juv = 0,MNE,45555.1333333333,179.575,114006.525,30
0.6,0.9,DS Juv = 0,SAT,33014278.4217513,10115040.075,66460908.975,418
0.6,0.9,DS Juv = 0,SNE,341925.964285714,47968.575,707392.55,28
0.6,0.9,DS Juv = 0.1,CAN-NNE,36033925.174296,11773553.2,69732102.85,385
0.6,0.9,DS Juv = 0.1,MAT,33418352.8837801,9419171.225,67790575.375,592
0.6,0.9,DS Juv = 0.1,MNE,29733.1935483871,333.75,111816.25,31
0.6,0.9,DS Juv = 0.1,SAT,31267622.5048458,9680563.175,66844827.55,430
0.6,0.9,DS Juv = 0.1,SNE,308079.5,49403.125,709020.025,30
0.6,0.9,DS Juv = 0.2,CAN-NNE,37382340.1237695,12961146.125,69755927.7,404
0.6,0.9,DS Juv = 0.2,MAT,33604839.3458075,9867566.525,63440405.725,604
0.6,0.9,DS Juv = 0.2,MNE,71334.5238095238,250.5,160573.5,21
0.6,0.9,DS Juv = 0.2,SAT,36462251.5019589,12298434.325,65588026.175,418
0.6,0.9,DS Juv = 0.2,SNE,375502.675675676,59569.3,821359.3,37
0.6,0.9,DS Juv = 0.3,CAN-NNE,35385033.2623852,11939955.7,70890345.7,404
0.6,0.9,DS Juv = 0.3,MAT,35208058.353768,10152313.65,66711807.825,652
0.6,0.9,DS Juv = 0.3,MNE,80121.8333333333,1325.5,200511.25,36
0.6,0.9,DS Juv = 0.3,SAT,36828472.6755231,11001542.025,70303279.025,448
0.6,0.9,DS Juv = 0.3,SNE,446076.444444444,78860.6,860818.3,27
0.6,0.9,DS Juv = 0.4,CAN-NNE,37713841.857124,12182974.175,70876223.05,408
0.6,0.9,DS Juv = 0.4,MAT,34420592.1269447,11053403.225,67676984.525,624
0.6,0.9,DS Juv = 0.4,MNE,105646.954545455,4503.85,251382.25,22
0.6,0.9,DS Juv = 0.4,SAT,36962215.4364136,10476395.15,70084794.425,432
0.6,0.9,DS Juv = 0.4,SNE,516854.653846154,106174.75,900715.625,26
0.6,0.9,DS Juv = 0.5,CAN-NNE,38162391.4528096,13509222.55,71929801.05,406
0.6,0.9,DS Juv = 0.5,MAT,36803138.7960392,10665312.25,69993552.95,590
0.6,0.9,DS Juv = 0.5,MNE,143519.678571429,9891.475,373449.725,28
0.6,0.9,DS Juv = 0.5,SAT,38749455.0546385,12173236.475,73899837.75,415
0.6,0.9,DS Juv = 0.5,SNE,481314.185185185,143990.25,949732.7,27
0.6,0.9,DS Juv = 0.6,CAN-NNE,42899475.1818991,14320423.625,77006979.85,389
0.6,0.9,DS Juv = 0.6,MAT,37596888.3256795,12695414.7,71746610.625,611
0.6,0.9,DS Juv = 0.6,MNE,192532.037037037,39076.3,346012.75,27
0.6,0.9,DS Juv = 0.6,SAT,39013778.4673869,12636546.175,72211433.15,421
0.6,0.9,DS Juv = 0.6,SNE,406798.958333333,101689.675,879271.5,24
0.6,0.9,DS Juv = 0.7,CAN-NNE,41600412.7778905,14100295.6,75564513.1,446
0.6,0.9,DS Juv = 0.7,MAT,39851574.9087022,12076923.075,76515787.425,598
0.6,0.9,DS Juv = 0.7,MNE,227155.75,37330.2,446979.65,28
0.6,0.9,DS Juv = 0.7,SAT,39632504.3533119,12015794.575,76642213.55,437
0.6,0.9,DS Juv = 0.7,SNE,475313.105263158,138113.05,1001961.75,38
0.6,0.9,DS Juv = 0.8,CAN-NNE,44757417.84329,14625607.225,81676254.6,366
0.6,0.9,DS Juv = 0.8,MAT,41113573.7894781,13754523.325,76527480.925,587
0.6,0.9,DS Juv = 0.8,MNE,256672.75,74570.875,579607.3,28
0.6,0.9,DS Juv = 0.8,SAT,37506571.3222561,12070434.975,76693873.575,412
0.6,0.9,DS Juv = 0.8,SNE,453697.72,88835.4,1056708,25
0.6,0.9,DS Juv = 0.9,CAN-NNE,39891631.5013957,13226780.05,74721598.45,388
0.6,0.9,DS Juv = 0.9,MAT,44745461.2644514,14235522.25,83284734.875,624
0.6,0.9,DS Juv = 0.9,MNE,411167.851851852,114377.95,699500.25,27
0.6,0.9,DS Juv = 0.9,SAT,42403163.7808603,13372487.3,81260165.475,442
0.6,0.9,DS Juv = 0.9,SNE,580903.482758621,147772.8,1191707.3,29
0.6,0.9,DS Juv = 1,CAN-NNE,44721311.6099458,15703467.175,83894999.1,378
0.6,0.9,DS Juv = 1,MAT,46018602.2713335,15632387.125,90490411.975,646
0.6,0.9,DS Juv = 1,MNE,414881.789473684,140054.2,948948.5,19
0.6,0.9,DS Juv = 1,SAT,42224165.9088956,14823989.025,83089549.325,428
0.6,0.9,DS Juv = 1,SNE,670839.833333333,243067.875,1192890.675,30
0.6,1,DS Juv = 0,CAN-NNE,33544712.9399373,11330647.35,68741628.575,389
0.6,1,DS Juv = 0,MAT,35081300.7650326,9881915.2,67450021.325,572
0.6,1,DS Juv = 0,MNE,39058.6,59.05,130808.35,35
0.6,1,DS Juv = 0,SAT,35337845.9649167,10334819.7,71631218.125,431
0.6,1,DS Juv = 0,SNE,343566.347826087,47530.65,697083.15,23
0.6,1,DS Juv = 0.1,CAN-NNE,40305348.5322378,13671578.825,73316788.325,370
0.6,1,DS Juv = 0.1,MAT,34601670.8268943,10827641.975,65363302.075,605
0.6,1,DS Juv = 0.1,MNE,52938.21875,732.55,148736.475,32
0.6,1,DS Juv = 0.1,SAT,35210887.1697838,9451587.975,67611035.05,450
0.6,1,DS Juv = 0.1,SNE,273092.580645161,28819.5,693134.75,31
0.6,1,DS Juv = 0.2,CAN-NNE,38183228.242929,12277773.425,69925620,404
0.6,1,DS Juv = 0.2,MAT,34702724.0153594,10088516,66021407.65,563
0.6,1,DS Juv = 0.2,MNE,73701.9512195122,1413,182800,41
0.6,1,DS Juv = 0.2,SAT,33615673.0183513,11371197.7,69292082.325,436
0.6,1,DS Juv = 0.2,SNE,407969.15625,58702.7,863360,32
0.6,1,DS Juv = 0.3,CAN-NNE,40460348.5949096,14654568.775,71446958.475,388
0.6,1,DS Juv = 0.3,MAT,36090111.6126819,11651695.6,68372498.85,624
0.6,1,DS Juv = 0.3,MNE,93990.75,2846.975,218714.5,40
0.6,1,DS Juv = 0.3,SAT,36017855.6757589,9216605.55,68511295.475,419
0.6,1,DS Juv = 0.3,SNE,441408.1,92713.425,966242.775,30
0.6,1,DS Juv = 0.4,CAN-NNE,41950325.1069198,14136265.875,75798489.675,408
0.6,1,DS Juv = 0.4,MAT,37540782.2067596,11252745.95,73248483.85,601
0.6,1,DS Juv = 0.4,MNE,133336.545454545,7054.6,324294,33
0.6,1,DS Juv = 0.4,SAT,37184489.7739506,11689607.7,70494407.425,426
0.6,1,DS Juv = 0.4,SNE,365753.423076923,50752.375,857636.125,26
0.6,1,DS Juv = 0.5,CAN-NNE,37929487.0596273,12982233.7,73852646.575,435
0.6,1,DS Juv = 0.5,MAT,38463245.1781209,12165465.775,74749770.85,614
0.6,1,DS Juv = 0.5,MNE,191241.09375,13551.25,382722.575,32
0.6,1,DS Juv = 0.5,SAT,35351794.1019478,11424612.65,73778712.575,412
0.6,1,DS Juv = 0.5,SNE,421714.043478261,100618.55,795414.7,23
0.6,1,DS Juv = 0.6,CAN-NNE,41149993.4059178,14644602.45,78878001.025,377
0.6,1,DS Juv = 0.6,MAT,38349843.3565715,11772992.025,73578594.95,607
0.6,1,DS Juv = 0.6,MNE,221894.461538462,16303.25,534309.625,26
0.6,1,DS Juv = 0.6,SAT,39165546.8400515,11643121.225,81133609.325,462
0.6,1,DS Juv = 0.6,SNE,529536.806451613,141141.75,912016.75,31
0.6,1,DS Juv = 0.7,CAN-NNE,42416644.9805087,15005462.375,75504487.125,392
0.6,1,DS Juv = 0.7,MAT,43861002.3363623,14252197.775,85060949.85,615
0.6,1,DS Juv = 0.7,MNE,252431.277777778,59005,550694,36
0.6,1,DS Juv = 0.7,SAT,40899239.9416477,12687138.625,75893065.2,446
0.6,1,DS Juv = 0.7,SNE,550302.181818182,43330.4,1031246.4,33
0.6,1,DS Juv = 0.8,CAN-NNE,44679648.8641851,15842708.9,82464542.775,350
0.6,1,DS Juv = 0.8,MAT,44592392.3234867,14162708.2,85343177.925,598
0.6,1,DS Juv = 0.8,MNE,359189.794871795,113610.4,757580.85,39
0.6,1,DS Juv = 0.8,SAT,40298147.9764201,12968610.85,78426832.925,420
0.6,1,DS Juv = 0.8,SNE,500239.451612903,86604,1196938.5,31
0.6,1,DS Juv = 0.9,CAN-NNE,43006663.1988176,15632379.6,81719088.225,359
0.6,1,DS Juv = 0.9,MAT,48207101.6408577,14922433.45,92728449.25,570
0.6,1,DS Juv = 0.9,MNE,485421.470588235,120660.775,987085.25,34
0.6,1,DS Juv = 0.9,SAT,42123326.7418157,13101192,79686463.5,434
0.6,1,DS Juv = 0.9,SNE,501756.172413793,106904.8,1232909.2,29
0.6,1,DS Juv = 1,CAN-NNE,45604745.5305129,16656184.175,81469638.8,404
0.6,1,DS Juv = 1,MAT,50424203.167718,16403449.375,96488819.5,645
0.6,1,DS Juv = 1,MNE,529862.108108108,186417.5,1035079.8,37
0.6,1,DS Juv = 1,SAT,42959048.1206432,13859597.325,80123846.5,435
0.6,1,DS Juv = 1,SNE,605435.961538462,197001.5,1097438,26
0.7,0,DS Juv = 0,CAN-NNE,36378944.2757745,12507572.875,66018495.675,412
0.7,0,DS Juv = 0,MAT,25361889.1205291,6378669.375,49465196.925,607
0.7,0,DS Juv = 0,MNE,707.793103448276,0,5800.40000000001,29
0.7,0,DS Juv = 0,SAT,28498179.6207149,6364566.975,53256752.65,420
0.7,0,DS Juv = 0,SNE,220060.628571429,3227.9,522069.05,35
0.7,0,DS Juv = 0.1,CAN-NNE,36409060.1915577,10599143.275,68495854.1,366
0.7,0,DS Juv = 0.1,MAT,24186569.2920473,6458166.7,49420383.075,666
0.7,0,DS Juv = 0.1,MNE,1976.03846153846,0,12564.5,26
0.7,0,DS Juv = 0.1,SAT,29295379.2436321,7450392.625,58619911.875,467
0.7,0,DS Juv = 0.1,SNE,229156.944444444,8268.75,611963,36
0.7,0,DS Juv = 0.2,CAN-NNE,37895925.798965,12093713.325,67827282.2,448
0.7,0,DS Juv = 0.2,MAT,24223332.04343,6427573.175,49863850.275,681
0.7,0,DS Juv = 0.2,MNE,10628.5185185185,0,56779.1999999999,27
0.7,0,DS Juv = 0.2,SAT,30629573.2081578,7997775.125,59499286.725,450
0.7,0,DS Juv = 0.2,SNE,262941.037037037,46727.95,521513.05,27
0.7,0,DS Juv = 0.3,CAN-NNE,37847138.0464368,11345588.4,70406631.375,372
0.7,0,DS Juv = 0.3,MAT,25243974.1481226,6245911.7,52130286.075,623
0.7,0,DS Juv = 0.3,MNE,22776.4642857143,2.7,107335.8,28
0.7,0,DS Juv = 0.3,SAT,29364150.8715016,8250405.175,58498421.075,434
0.7,0,DS Juv = 0.3,SNE,252854.678571429,29020.325,599200.625,28
0.7,0,DS Juv = 0.4,CAN-NNE,37711253.0565651,12764812.5,73666533.575,389
0.7,0,DS Juv = 0.4,MAT,26835637.1937835,7392530.425,52756179.625,575
0.7,0,DS Juv = 0.4,MNE,44004.4814814815,2.95,126764.4,27
0.7,0,DS Juv = 0.4,SAT,31427969.2627852,8485426.725,62879499.25,455
0.7,0,DS Juv = 0.4,SNE,290196.512820513,49696.1,630993.55,39
0.7,0,DS Juv = 0.5,CAN-NNE,36493745.275571,11604459.05,71834821.2,439
0.7,0,DS Juv = 0.5,MAT,27518442.5678687,7129807.325,56925765.3,616
0.7,0,DS Juv = 0.5,MNE,46899.0810810811,39.5,149707.2,37
0.7,0,DS Juv = 0.5,SAT,31875279.1774499,9962132.225,62713222.725,406
0.7,0,DS Juv = 0.5,SNE,324817.945945946,3789.8,708573.9,37
0.7,0,DS Juv = 0.6,CAN-NNE,35932912.5335087,13811508.475,71956628.825,420
0.7,0,DS Juv = 0.6,MAT,29679452.6538834,7386092.55,57990154.675,621
0.7,0,DS Juv = 0.6,MNE,77853.2121212121,118.4,211480.4,33
0.7,0,DS Juv = 0.6,SAT,33663703.0082815,10215740.3,62250078.275,410
0.7,0,DS Juv = 0.6,SNE,253990.961538462,20120,594327,26
0.7,0,DS Juv = 0.7,CAN-NNE,40354616.0652959,13128400.525,70711257.425,409
0.7,0,DS Juv = 0.7,MAT,30001353.0832035,8718780.025,60627964.875,615
0.7,0,DS Juv = 0.7,MNE,128603.28125,1539.55,357036.375,32
0.7,0,DS Juv = 0.7,SAT,33935420.8015647,9095529.625,66846520.125,448
0.7,0,DS Juv = 0.7,SNE,383102.807692308,57215.75,829368.375,26
0.7,0,DS Juv = 0.8,CAN-NNE,39761867.1468301,12144848.45,72975822.4,424
0.7,0,DS Juv = 0.8,MAT,32786465.073434,8950222.975,63511614.425,610
0.7,0,DS Juv = 0.8,MNE,215885.25,23881.275,463223.225,24
0.7,0,DS Juv = 0.8,SAT,36895494.9844023,10910930.075,68756670.675,438
0.7,0,DS Juv = 0.8,SNE,341780.5,37030.125,688834.875,36
0.7,0,DS Juv = 0.9,CAN-NNE,38947304.741393,13444182.9,72136021.2,382
0.7,0,DS Juv = 0.9,MAT,33613599.4947251,9154240.85,67840785.8,620
0.7,0,DS Juv = 0.9,MNE,282838.051282051,35850.5,602558.55,39
0.7,0,DS Juv = 0.9,SAT,37702382.8906362,9855448.625,73209827.125,441
0.7,0,DS Juv = 0.9,SNE,382836.090909091,58812.6,826988,33
0.7,0,DS Juv = 1,CAN-NNE,40874214.1295704,14454796.075,76377447.625,417
0.7,0,DS Juv = 1,MAT,39723306.7550577,12987236.5,74097510.675,661
0.7,0,DS Juv = 1,MNE,365993.074074074,67094.1,701652.3,27
0.7,0,DS Juv = 1,SAT,38774449.7042048,11912179.525,76480861.75,421
0.7,0,DS Juv = 1,SNE,444901.032258065,61357.75,1055543.5,31
0.7,0.1,DS Juv = 0,CAN-NNE,36886056.1893201,12749855.875,69642691.15,391
0.7,0.1,DS Juv = 0,MAT,24472013.7241421,5892386.975,48476707.625,594
0.7,0.1,DS Juv = 0,MNE,2836.1935483871,0,24471.5,31
0.7,0.1,DS Juv = 0,SAT,28903354.0054012,7400853.725,56364043.675,430
0.7,0.1,DS Juv = 0,SNE,238793.125,19931.4,624267.45,32
0.7,0.1,DS Juv = 0.1,CAN-NNE,38304424.8933791,12021243.3,71373817.575,404
0.7,0.1,DS Juv = 0.1,MAT,23870768.4360981,5598157.9,47997748.25,588
0.7,0.1,DS Juv = 0.1,MNE,3653.76470588235,0,22153.275,34
0.7,0.1,DS Juv = 0.1,SAT,28514267.8496805,6887823.075,59699200.25,471
0.7,0.1,DS Juv = 0.1,SNE,268585.133333333,7692.95,570507.05,30
0.7,0.1,DS Juv = 0.2,CAN-NNE,36161933.1710226,13094905.275,68450095.225,398
0.7,0.1,DS Juv = 0.2,MAT,26323253.7354214,6523392.925,51899388.3,676
0.7,0.1,DS Juv = 0.2,MNE,11480.71875,0,55351.2499999999,32
0.7,0.1,DS Juv = 0.2,SAT,28621507.3689898,6567157.125,61520375.2,436
0.7,0.1,DS Juv = 0.2,SNE,297089.458333333,9494.15,630378.425,24
0.7,0.1,DS Juv = 0.3,CAN-NNE,37258577.4980894,11315117.55,70191818.5,383
0.7,0.1,DS Juv = 0.3,MAT,27135267.6520364,6970007.3,52632973.75,633
0.7,0.1,DS Juv = 0.3,MNE,21618.0882352941,1.65,76958.6749999998,34
0.7,0.1,DS Juv = 0.3,SAT,29179359.5735178,7712158.075,60541973.95,444
0.7,0.1,DS Juv = 0.3,SNE,261898.303030303,10942.6,727124.8,33
0.7,0.1,DS Juv = 0.4,CAN-NNE,36845007.1921297,12505035.8,71388114.625,398
0.7,0.1,DS Juv = 0.4,MAT,27583356.8404045,7051009.475,55189114.5,600
0.7,0.1,DS Juv = 0.4,MNE,23996.375,2.55,104623.85,32
0.7,0.1,DS Juv = 0.4,SAT,31974827.9919922,9003438.5,62452743.125,465
0.7,0.1,DS Juv = 0.4,SNE,275812.16,19757.6,644534.6,25
0.7,0.1,DS Juv = 0.5,CAN-NNE,39807393.1130661,12771328.425,72313216.7,379
0.7,0.1,DS Juv = 0.5,MAT,29309044.6230925,7655232.1,54998099.85,645
0.7,0.1,DS Juv = 0.5,MNE,65493.5555555556,17,208623,27
0.7,0.1,DS Juv = 0.5,SAT,32153047.1311162,9690637.95,62935778.425,399
0.7,0.1,DS Juv = 0.5,SNE,288763.170731707,12131,656738,41
0.7,0.1,DS Juv = 0.6,CAN-NNE,41900630.5317022,13916478.25,77860991.475,392
0.7,0.1,DS Juv = 0.6,MAT,30768475.129404,8417624.95,59221349.15,625
0.7,0.1,DS Juv = 0.6,MNE,90469.34375,511.125,231072.175,32
0.7,0.1,DS Juv = 0.6,SAT,35122667.7086438,9959240.525,65464832.25,412
0.7,0.1,DS Juv = 0.6,SNE,274233.864864865,12720.9,632582.9,37
0.7,0.1,DS Juv = 0.7,CAN-NNE,35555348.0813543,13369919.15,69995051.8,387
0.7,0.1,DS Juv = 0.7,MAT,31417798.9612921,8719220.55,60853710.5,611
0.7,0.1,DS Juv = 0.7,MNE,110411.5,6260.625,295121.5,38
0.7,0.1,DS Juv = 0.7,SAT,33265258.4150948,9503553.7,69628917.55,440
0.7,0.1,DS Juv = 0.7,SNE,371058.470588235,39493.2,770841.825,34
0.7,0.1,DS Juv = 0.8,CAN-NNE,41676046.5439623,13378040.85,77563753.225,406
0.7,0.1,DS Juv = 0.8,MAT,33110189.9524339,9244658.725,64703521.6,638
0.7,0.1,DS Juv = 0.8,MNE,190953.090909091,13566.6,393592,33
0.7,0.1,DS Juv = 0.8,SAT,35801962.7779724,10765646.125,70465184.2,462
0.7,0.1,DS Juv = 0.8,SNE,379519.275862069,75969.8,713929.2,29
0.7,0.1,DS Juv = 0.9,CAN-NNE,43822724.8509876,16248340.45,75913407.775,412
0.7,0.1,DS Juv = 0.9,MAT,35997327.1019718,10860779.9,70919842.15,595
0.7,0.1,DS Juv = 0.9,MNE,254925.9,43314.85,486592.275,40
0.7,0.1,DS Juv = 0.9,SAT,36065844.2364237,11549701.925,72371368,435
0.7,0.1,DS Juv = 0.9,SNE,492689.275862069,107803.4,1031533,29
0.7,0.1,DS Juv = 1,CAN-NNE,43146899.3120385,15597668.275,72583098.6,379
0.7,0.1,DS Juv = 1,MAT,40056688.8380433,12857063.8,76157339.9,599
0.7,0.1,DS Juv = 1,MNE,379340.285714286,43009.5,698544,21
0.7,0.1,DS Juv = 1,SAT,39682853.6303869,12434399.275,74507287.525,430
0.7,0.1,DS Juv = 1,SNE,468807.171428571,106695.5,949955.35,35
0.7,0.2,DS Juv = 0,CAN-NNE,35773426.2608529,12058673,65442274.65,432
0.7,0.2,DS Juv = 0,MAT,24318508.2067401,6472408.35,50343671.625,607
0.7,0.2,DS Juv = 0,MNE,849.057142857143,0,9485.9,35
0.7,0.2,DS Juv = 0,SAT,28810680.7417614,7832117.075,54890619.4,434
0.7,0.2,DS Juv = 0,SNE,224358.282051282,4492.4,572915.3,39
0.7,0.2,DS Juv = 0.1,CAN-NNE,36606746.0435067,11549778.925,69540769.35,437
0.7,0.2,DS Juv = 0.1,MAT,24294920.3418657,6252584.425,47400633.975,634
0.7,0.2,DS Juv = 0.1,MNE,7511.05882352941,0,29258.7,34
0.7,0.2,DS Juv = 0.1,SAT,33355583.2591971,8451078.5,61623594.2,431
0.7,0.2,DS Juv = 0.1,SNE,264650.481481481,14947.75,563752.9,27
0.7,0.2,DS Juv = 0.2,CAN-NNE,34049634.5054459,12203920.175,65777239.725,406
0.7,0.2,DS Juv = 0.2,MAT,26873617.6783468,7573109.525,52937374.2,601
0.7,0.2,DS Juv = 0.2,MNE,20051.2272727273,3,70231.925,22
0.7,0.2,DS Juv = 0.2,SAT,29221260.0751626,6292050.55,61205872.675,427
0.7,0.2,DS Juv = 0.2,SNE,284688,11940.2,612837,25
0.7,0.2,DS Juv = 0.3,CAN-NNE,35955731.7201602,11312171.275,65284946.45,398
0.7,0.2,DS Juv = 0.3,MAT,28306966.2302129,7842998.275,53836757.65,635
0.7,0.2,DS Juv = 0.3,MNE,27499.9615384615,14.75,64075.375,26
0.7,0.2,DS Juv = 0.3,SAT,30989789.2416928,9010704.35,59615747.675,389
0.7,0.2,DS Juv = 0.3,SNE,279772,42358,622629.6,25
0.7,0.2,DS Juv = 0.4,CAN-NNE,39175704.4363874,13955155.375,70811537.6,407
0.7,0.2,DS Juv = 0.4,MAT,28022025.5602698,7097113.9,52851521.575,628
0.7,0.2,DS Juv = 0.4,MNE,34376.1034482759,14.3,136803.4,29
0.7,0.2,DS Juv = 0.4,SAT,30011366.4428227,8199544.325,60876606.475,457
0.7,0.2,DS Juv = 0.4,SNE,232298.24,15694.8,757992.4,25
0.7,0.2,DS Juv = 0.5,CAN-NNE,39515616.0620372,12502014.675,73609385.6,372
0.7,0.2,DS Juv = 0.5,MAT,27925163.9421014,7322221.525,58083354,619
0.7,0.2,DS Juv = 0.5,MNE,66338.0857142857,19.7,165964.4,35
0.7,0.2,DS Juv = 0.5,SAT,33199218.7622193,9755191.6,66382460.625,440
0.7,0.2,DS Juv = 0.5,SNE,274869,40495.5,514346.25,36
0.7,0.2,DS Juv = 0.6,CAN-NNE,37510252.0622858,12039789.725,68413437.375,342
0.7,0.2,DS Juv = 0.6,MAT,30604739.7166593,8782923.825,58629526.65,620
0.7,0.2,DS Juv = 0.6,MNE,96172.6363636364,800.4,233841.8,33
0.7,0.2,DS Juv = 0.6,SAT,32906376.225309,7995894.6,67318452.125,440
0.7,0.2,DS Juv = 0.6,SNE,404345.375,42488.2,794547.225,24
0.7,0.2,DS Juv = 0.7,CAN-NNE,38416268.9760073,14986861.675,73239559.125,421
0.7,0.2,DS Juv = 0.7,MAT,33057631.6941954,9533496.15,63951292.5,591
0.7,0.2,DS Juv = 0.7,MNE,129553.03030303,601.8,355051,33
0.7,0.2,DS Juv = 0.7,SAT,34538425.812059,10174633.375,66405148.6,421
0.7,0.2,DS Juv = 0.7,SNE,400818.64516129,62838,778747.5,31
0.7,0.2,DS Juv = 0.8,CAN-NNE,39831919.9228076,13696939.775,71015970.275,401
0.7,0.2,DS Juv = 0.8,MAT,33731275.9554084,9222708.425,66024843.125,619
0.7,0.2,DS Juv = 0.8,MNE,243865.172413793,13036.5,459684.1,29
0.7,0.2,DS Juv = 0.8,SAT,37811137.8372335,11772127.6,70485249.2,444
0.7,0.2,DS Juv = 0.8,SNE,455134.189189189,39344.8,930901.5,37
0.7,0.2,DS Juv = 0.9,CAN-NNE,42545018.5736081,13442687.65,82604547.975,394
0.7,0.2,DS Juv = 0.9,MAT,38162251.1362194,11774740.825,71406950.325,624
0.7,0.2,DS Juv = 0.9,MNE,221838.740740741,64959.8,455589,27
0.7,0.2,DS Juv = 0.9,SAT,37320083.7399729,11002177.15,75020008.225,396
0.7,0.2,DS Juv = 0.9,SNE,387639.575,46293.325,933392.675,40
0.7,0.2,DS Juv = 1,CAN-NNE,42572760.5724726,15193104.45,77745505.125,377
0.7,0.2,DS Juv = 1,MAT,40208997.2349523,11638902.45,76703002.925,604
0.7,0.2,DS Juv = 1,MNE,376573.285714286,53151.125,790682.175,42
0.7,0.2,DS Juv = 1,SAT,39771519.185695,12153388.5,81304556.025,451
0.7,0.2,DS Juv = 1,SNE,476026.137931034,80516.7,1031427.9,29
0.7,0.3,DS Juv = 0,CAN-NNE,34535994.7944418,11196197.875,69401095.975,348
0.7,0.3,DS Juv = 0,MAT,25655478.5663416,6361116.2,49927012.7,619
0.7,0.3,DS Juv = 0,MNE,1566.65384615385,0,10743.5,26
0.7,0.3,DS Juv = 0,SAT,28522434.9191783,6960635.85,56533929.975,408
0.7,0.3,DS Juv = 0,SNE,264085.45,4554.825,522632.85,40
0.7,0.3,DS Juv = 0.1,CAN-NNE,36508220.4814446,13524744.55,66460914.625,420
0.7,0.3,DS Juv = 0.1,MAT,26889958.065971,7132659.525,53310668.975,603
0.7,0.3,DS Juv = 0.1,MNE,4500.82142857143,0,33466.3,28
0.7,0.3,DS Juv = 0.1,SAT,30514414.4421602,6779311.4,61003742.825,425
0.7,0.3,DS Juv = 0.1,SNE,294702.318181818,29365.85,636357.85,22
0.7,0.3,DS Juv = 0.2,CAN-NNE,36279694.2844689,12502151.95,68436660.125,402
0.7,0.3,DS Juv = 0.2,MAT,27026751.6006175,6502178.1,52837005.325,589
0.7,0.3,DS Juv = 0.2,MNE,7083.75757575758,0,47924.2,33
0.7,0.3,DS Juv = 0.2,SAT,32448021.8704252,8938622.725,62238090.075,428
0.7,0.3,DS Juv = 0.2,SNE,214419.294117647,13056.875,537448.85,34
0.7,0.3,DS Juv = 0.3,CAN-NNE,39231887.6854297,13420001.75,69763579.15,415
0.7,0.3,DS Juv = 0.3,MAT,26892287.5283073,6955436.675,52692808.75,619
0.7,0.3,DS Juv = 0.3,MNE,20000.9583333333,0.575,55851.775,24
0.7,0.3,DS Juv = 0.3,SAT,31600314.9742092,9730852.325,60627924.625,452
0.7,0.3,DS Juv = 0.3,SNE,332851.928571429,5336.25000000001,867818.875,42
0.7,0.3,DS Juv = 0.4,CAN-NNE,38805098.6408962,11985424.325,71939949.625,413
0.7,0.3,DS Juv = 0.4,MAT,28299202.4568151,7668150.5,56817566.95,558
0.7,0.3,DS Juv = 0.4,MNE,37221.4333333333,40.85,133247.9,30
0.7,0.3,DS Juv = 0.4,SAT,34522047.8627424,10717087.15,65566530.4,420
0.7,0.3,DS Juv = 0.4,SNE,298436.448275862,8433.4,761342.3,29
0.7,0.3,DS Juv = 0.5,CAN-NNE,38718070.3916598,13669484.15,71547747.425,412
0.7,0.3,DS Juv = 0.5,MAT,29535840.3264793,8117139.575,57031320.2,579
0.7,0.3,DS Juv = 0.5,MNE,73242.4848484848,85.2,153500,33
0.7,0.3,DS Juv = 0.5,SAT,35887434.6911335,9891503.8,67108209.725,409
0.7,0.3,DS Juv = 0.5,SNE,301665.6,16641.1,731644.25,35
0.7,0.3,DS Juv = 0.6,CAN-NNE,37009986.6614779,13207075.025,71240866.2,429
0.7,0.3,DS Juv = 0.6,MAT,32645734.7076511,9016253.425,60082254.475,602
0.7,0.3,DS Juv = 0.6,MNE,66958.6129032258,724.25,210207,31
0.7,0.3,DS Juv = 0.6,SAT,35579096.87384,11017041.4,66956509.6,423
0.7,0.3,DS Juv = 0.6,SNE,314495.787878788,20178.8,710838.4,33
0.7,0.3,DS Juv = 0.7,CAN-NNE,40062980.1773321,12805685.025,81807331.1,438
0.7,0.3,DS Juv = 0.7,MAT,33040183.1447595,9012634.55,66936136.675,616
0.7,0.3,DS Juv = 0.7,MNE,104522.652173913,1763.05,362801.25,23
0.7,0.3,DS Juv = 0.7,SAT,35347275.6890188,10666699.425,69505942.5,415
0.7,0.3,DS Juv = 0.7,SNE,380004.514285714,39335.1,790673.85,35
0.7,0.3,DS Juv = 0.8,CAN-NNE,41040140.2974067,13923862.075,76082046.75,397
0.7,0.3,DS Juv = 0.8,MAT,36021821.8488997,10282255.675,67874104.675,607
0.7,0.3,DS Juv = 0.8,MNE,207468.46875,11382.125,431155.375,32
0.7,0.3,DS Juv = 0.8,SAT,38262604.3861317,11728825.75,70268193.6,426
0.7,0.3,DS Juv = 0.8,SNE,468950,121917.8,765964,17
0.7,0.3,DS Juv = 0.9,CAN-NNE,41513574.6156515,13977293.575,78191252.775,395
0.7,0.3,DS Juv = 0.9,MAT,37530368.7913521,11285336.6,72161052.775,643
0.7,0.3,DS Juv = 0.9,MNE,277293.653846154,33609.75,701194,26
0.7,0.3,DS Juv = 0.9,SAT,39895960.3211508,12228953.525,74784434.8,450
0.7,0.3,DS Juv = 0.9,SNE,413444.344827586,41317.1,937462.3,29
0.7,0.3,DS Juv = 1,CAN-NNE,42196853.8244066,14803115.9,77257693.775,404
0.7,0.3,DS Juv = 1,MAT,40485214.0768872,12325654.7,78194243.825,626
0.7,0.3,DS Juv = 1,MNE,352468.071428571,89260.4,733997.7,28
0.7,0.3,DS Juv = 1,SAT,39578714.8899423,13021246.275,76345757.825,403
0.7,0.3,DS Juv = 1,SNE,483423,151162.95,1168269.625,32
0.7,0.4,DS Juv = 0,CAN-NNE,37387473.7834534,10790045.275,68279723.9,408
0.7,0.4,DS Juv = 0,MAT,26402012.3684415,6966664.95,50028547.825,614
0.7,0.4,DS Juv = 0,MNE,1060,0,7886.1,28
0.7,0.4,DS Juv = 0,SAT,31407645.8297317,9080842.125,64251907.975,411
0.7,0.4,DS Juv = 0,SNE,325951.212121212,34994.2,696909,33
0.7,0.4,DS Juv = 0.1,CAN-NNE,37728989.2069471,13334389.575,69898560.7,377
0.7,0.4,DS Juv = 0.1,MAT,26333643.4208513,7308071.8,53388820.7,609
0.7,0.4,DS Juv = 0.1,MNE,2278.10714285714,0,13025.9,28
0.7,0.4,DS Juv = 0.1,SAT,30386459.5186752,7837054.725,63960158.15,431
0.7,0.4,DS Juv = 0.1,SNE,270062.714285714,5068,593191.2,35
0.7,0.4,DS Juv = 0.2,CAN-NNE,37870153.2263495,13135197.95,67352128.9,398
0.7,0.4,DS Juv = 0.2,MAT,26855209.1625775,7027749.125,53046501.7,565
0.7,0.4,DS Juv = 0.2,MNE,8499.75757575758,0,40359.6,33
0.7,0.4,DS Juv = 0.2,SAT,30767420.2587355,8424811.775,61688599.525,409
0.7,0.4,DS Juv = 0.2,SNE,263433.933333333,3530.85,639294.875,30
0.7,0.4,DS Juv = 0.3,CAN-NNE,37684466.932447,14569983.075,67627596.9,404
0.7,0.4,DS Juv = 0.3,MAT,30116084.8930281,7453109.525,57075185.15,610
0.7,0.4,DS Juv = 0.3,MNE,22735.0789473684,1.85,87636.475,38
0.7,0.4,DS Juv = 0.3,SAT,32570995.1846878,8700666.475,62202736.15,401
0.7,0.4,DS Juv = 0.3,SNE,356263.489795918,19808.8,717634,49
0.7,0.4,DS Juv = 0.4,CAN-NNE,37934974.8327271,12187435.9,70105788.775,408
0.7,0.4,DS Juv = 0.4,MAT,27859934.4715673,7265362.075,55491038.375,624
0.7,0.4,DS Juv = 0.4,MNE,37678.5,26.8,119296.875,30
0.7,0.4,DS Juv = 0.4,SAT,33376045.3056264,9217155.45,67158111.675,452
0.7,0.4,DS Juv = 0.4,SNE,227196.310344828,14313.3,662351.1,29
0.7,0.4,DS Juv = 0.5,CAN-NNE,37550718.8459312,12774810.575,69800131.375,384
0.7,0.4,DS Juv = 0.5,MAT,30660195.3416164,7911016.975,59320599.6,638
0.7,0.4,DS Juv = 0.5,MNE,87504.9230769231,12.375,207779.75,26
0.7,0.4,DS Juv = 0.5,SAT,32886499.5757689,8888107.425,67003611.125,444
0.7,0.4,DS Juv = 0.5,SNE,353562,16419.8,782365.6,33
0.7,0.4,DS Juv = 0.6,CAN-NNE,40371540.41578,11993762.375,74023337.55,375
0.7,0.4,DS Juv = 0.6,MAT,31761861.0572361,9072053.975,59619377.775,559
0.7,0.4,DS Juv = 0.6,MNE,112032.513513514,415.2,280788.8,37
0.7,0.4,DS Juv = 0.6,SAT,35510301.8801278,10627137.9,68694553.55,449
0.7,0.4,DS Juv = 0.6,SNE,420768.060606061,48995.8,827792.6,33
0.7,0.4,DS Juv = 0.7,CAN-NNE,40279200.3607192,11563224.075,74664641.525,415
0.7,0.4,DS Juv = 0.7,MAT,34333904.2535479,9514758.225,65252379.175,559
0.7,0.4,DS Juv = 0.7,MNE,206028.6,8318.525,383149.25,30
0.7,0.4,DS Juv = 0.7,SAT,37862600.4434831,10975362.55,73738782.7,445
0.7,0.4,DS Juv = 0.7,SNE,370724.96969697,43517.2,865547,33
0.7,0.4,DS Juv = 0.8,CAN-NNE,38166833.2577172,13388383.025,74284786.125,427
0.7,0.4,DS Juv = 0.8,MAT,35476838.4717334,10139260.675,67678490.75,620
0.7,0.4,DS Juv = 0.8,MNE,262004.878787879,8250,510429,33
0.7,0.4,DS Juv = 0.8,SAT,38554544.1766388,11292957.175,71508588.975,459
0.7,0.4,DS Juv = 0.8,SNE,443985.78125,36574,1169121.625,32
0.7,0.4,DS Juv = 0.9,CAN-NNE,43087763.1346079,14709979.8,76394376.55,371
0.7,0.4,DS Juv = 0.9,MAT,38082557.5795764,11150713.775,72035871.7,579
0.7,0.4,DS Juv = 0.9,MNE,307414,40010.05,626271.875,28
0.7,0.4,DS Juv = 0.9,SAT,37121903.0642621,12570273.625,72603654.9,437
0.7,0.4,DS Juv = 0.9,SNE,476663.709677419,106373.75,913353.5,31
0.7,0.4,DS Juv = 1,CAN-NNE,42316548.1341838,15258715.725,77961469.5,390
0.7,0.4,DS Juv = 1,MAT,41130555.7422432,12157155.925,78211899.925,604
0.7,0.4,DS Juv = 1,MNE,313955.677419355,54218,690500.75,31
0.7,0.4,DS Juv = 1,SAT,41447805.1368783,11993334.5,83347084.95,376
0.7,0.4,DS Juv = 1,SNE,496774.107142857,139780.3,971773.725,28
0.7,0.5,DS Juv = 0,CAN-NNE,36467648.8169254,12502524.2,68312123.4,408
0.7,0.5,DS Juv = 0,MAT,27009529.9344735,7443306.6,52792334.275,622
0.7,0.5,DS Juv = 0,MNE,2479.09302325581,0,17884.15,43
0.7,0.5,DS Juv = 0,SAT,29278240.626201,8516508,60089193.075,435
0.7,0.5,DS Juv = 0,SNE,299341.307692308,4725.875,704382.75,26
0.7,0.5,DS Juv = 0.1,CAN-NNE,38340966.4069557,12919613.825,68594462.25,391
0.7,0.5,DS Juv = 0.1,MAT,29041113.0040695,7715789.75,55401741.075,681
0.7,0.5,DS Juv = 0.1,MNE,4388.76923076923,0,22123.25,26
0.7,0.5,DS Juv = 0.1,SAT,32141104.1358779,7463546.55,63451840,400
0.7,0.5,DS Juv = 0.1,SNE,266766.5,6373,590761.05,22
0.7,0.5,DS Juv = 0.2,CAN-NNE,35899535.7469685,12513498.125,68243477.975,398
0.7,0.5,DS Juv = 0.2,MAT,27972690.42922,7351030.025,56057209.15,587
0.7,0.5,DS Juv = 0.2,MNE,17870.8181818182,0,80481.6,33
0.7,0.5,DS Juv = 0.2,SAT,32298040.3989873,8458133.375,64098748.05,455
0.7,0.5,DS Juv = 0.2,SNE,223348.464285714,15635.8,640373.575,28
0.7,0.5,DS Juv = 0.3,CAN-NNE,35955581.0216309,13051684.15,71392081.5,395
0.7,0.5,DS Juv = 0.3,MAT,30116979.3269754,7628884.6,58228680.4,637
0.7,0.5,DS Juv = 0.3,MNE,22080.2857142857,29.575,108293.275,28
0.7,0.5,DS Juv = 0.3,SAT,35060615.2681687,9610343.6,67031211.175,449
0.7,0.5,DS Juv = 0.3,SNE,242122.84,25135.8,646749.6,25
0.7,0.5,DS Juv = 0.4,CAN-NNE,38108570.8319637,13387975.5,73925385.85,416
0.7,0.5,DS Juv = 0.4,MAT,29400677.8623474,7467339.075,60512040.175,650
0.7,0.5,DS Juv = 0.4,MNE,56587,17.2,149642.6,25
0.7,0.5,DS Juv = 0.4,SAT,34199682.2469526,10972642.125,65973581.8,415
0.7,0.5,DS Juv = 0.4,SNE,286107.95,46148.9,686988.175,20
0.7,0.5,DS Juv = 0.5,CAN-NNE,40863399.8298925,14656373.85,73114610.325,356
0.7,0.5,DS Juv = 0.5,MAT,30613968.6735118,8235084.15,62085726.9,618
0.7,0.5,DS Juv = 0.5,MNE,97592.2307692308,252.625,215773.875,26
0.7,0.5,DS Juv = 0.5,SAT,34685129.0950665,9487840.425,72698863.675,407
0.7,0.5,DS Juv = 0.5,SNE,346041.742857143,14293.55,764320.35,35
0.7,0.5,DS Juv = 0.6,CAN-NNE,38030128.9000034,12716308.775,73888181,389
0.7,0.5,DS Juv = 0.6,MAT,33388129.2741763,9514789.4,63902224.425,597
0.7,0.5,DS Juv = 0.6,MNE,106007.636363636,1042,249853.8,33
0.7,0.5,DS Juv = 0.6,SAT,36946416.3975523,10168504.2,67640629.175,429
0.7,0.5,DS Juv = 0.6,SNE,319457.09375,36637.2,766921.175,32
0.7,0.5,DS Juv = 0.7,CAN-NNE,38936290.6570515,13601325.95,74802452.6,410
0.7,0.5,DS Juv = 0.7,MAT,36070775.6863785,10105869.5,66358320.325,627
0.7,0.5,DS Juv = 0.7,MNE,135275.472222222,6563.375,339920,36
0.7,0.5,DS Juv = 0.7,SAT,36681194.8686649,11822649.025,70635978.575,437
0.7,0.5,DS Juv = 0.7,SNE,385444.895833333,79952.475,754434.075,48
0.7,0.5,DS Juv = 0.8,CAN-NNE,41529534.5309945,14691189.175,74305511.95,394
0.7,0.5,DS Juv = 0.8,MAT,36288088.0526943,10777707.775,69838861.775,650
0.7,0.5,DS Juv = 0.8,MNE,203195.451612903,28525.25,414589.5,31
0.7,0.5,DS Juv = 0.8,SAT,39060578.4187476,11710660.4,71553406.625,446
0.7,0.5,DS Juv = 0.8,SNE,421688.259259259,30961.15,880470.9,27
0.7,0.5,DS Juv = 0.9,CAN-NNE,40393321.3969668,13678850.125,80244229.725,405
0.7,0.5,DS Juv = 0.9,MAT,40530244.6505722,12546922.2,74960893.55,545
0.7,0.5,DS Juv = 0.9,MNE,272727.371428571,50787.9,709222.95,35
0.7,0.5,DS Juv = 0.9,SAT,39504005.0293618,12942122.725,77420049.35,387
0.7,0.5,DS Juv = 0.9,SNE,425597.25,128150,778906.25,16
0.7,0.5,DS Juv = 1,CAN-NNE,43508254.7454178,14643348.8,81806341.175,418
0.7,0.5,DS Juv = 1,MAT,43656337.0329005,12985412.95,82608572.7,634
0.7,0.5,DS Juv = 1,MNE,455171.882352941,163931.325,796062.25,34
0.7,0.5,DS Juv = 1,SAT,41796556.9884934,12927338.725,80212399.4,441
0.7,0.5,DS Juv = 1,SNE,530570.5,127337.725,1073318.975,34
0.7,0.6,DS Juv = 0,CAN-NNE,34781183.3660715,11332204.375,71065860.275,412
0.7,0.6,DS Juv = 0,MAT,28100485.2555062,7566492.65,54874691.325,597
0.7,0.6,DS Juv = 0,MNE,1980.96774193548,0,15713,31
0.7,0.6,DS Juv = 0,SAT,29581261.353025,7961467.775,60551686.325,388
0.7,0.6,DS Juv = 0,SNE,243874.59375,4506.2,566896.775,32
0.7,0.6,DS Juv = 0.1,CAN-NNE,38583817.6235272,12695493.775,70413888.55,374
0.7,0.6,DS Juv = 0.1,MAT,28205225.1701224,7666299.225,54482008.625,622
0.7,0.6,DS Juv = 0.1,MNE,11852.7083333333,0,56430.975,24
0.7,0.6,DS Juv = 0.1,SAT,31774971.3250043,8464050.4,65723550.6,412
0.7,0.6,DS Juv = 0.1,SNE,267330.613636364,21491.775,641281.925,44
0.7,0.6,DS Juv = 0.2,CAN-NNE,36446306.1509703,12789146.9,69531942.675,405
0.7,0.6,DS Juv = 0.2,MAT,30220765.3186997,8181912,58687393.6,577
0.7,0.6,DS Juv = 0.2,MNE,16469.9310344828,2,76982.6,29
0.7,0.6,DS Juv = 0.2,SAT,32075835.6070976,9495081.9,64045774.475,441
0.7,0.6,DS Juv = 0.2,SNE,283229.833333333,41201.65,599083.925,42
0.7,0.6,DS Juv = 0.3,CAN-NNE,37808834.678903,12746862.925,70033610.525,406
0.7,0.6,DS Juv = 0.3,MAT,30463181.3222296,8517050.975,59247977,609
0.7,0.6,DS Juv = 0.3,MNE,46877.8421052632,9.25,132938.75,38
0.7,0.6,DS Juv = 0.3,SAT,34289595.850039,9450542.075,65109239.15,431
0.7,0.6,DS Juv = 0.3,SNE,302981.75862069,12920.5,620713.9,29
0.7,0.6,DS Juv = 0.4,CAN-NNE,38086296.7371264,13760659.65,69081814.15,389
0.7,0.6,DS Juv = 0.4,MAT,30152018.9634481,8362814.7,59788092.45,631
0.7,0.6,DS Juv = 0.4,MNE,52006.037037037,24.05,127020.25,27
0.7,0.6,DS Juv = 0.4,SAT,34394635.9278238,10183924.6,65264553.2,440
0.7,0.6,DS Juv = 0.4,SNE,410925.966666667,26406.95,793260.625,30
0.7,0.6,DS Juv = 0.5,CAN-NNE,38107236.6458298,12795853.825,67762828.85,396
0.7,0.6,DS Juv = 0.5,MAT,32778037.9744422,9073506.475,61400962.15,619
0.7,0.6,DS Juv = 0.5,MNE,78845.7692307692,241.125,198639.25,26
0.7,0.6,DS Juv = 0.5,SAT,35188770.8493872,8680066.025,72227664.725,422
0.7,0.6,DS Juv = 0.5,SNE,336302.935483871,12326.25,855626.5,31
0.7,0.6,DS Juv = 0.6,CAN-NNE,39066076.3846743,13678765.375,73205187.55,406
0.7,0.6,DS Juv = 0.6,MAT,31964588.8476743,9884532.425,65209266.3,612
0.7,0.6,DS Juv = 0.6,MNE,92823.5384615385,508.875,234426.875,26
0.7,0.6,DS Juv = 0.6,SAT,37287285.5371626,11265793.275,72140712.4,380
0.7,0.6,DS Juv = 0.6,SNE,393501.84,73766,865743,25
0.7,0.6,DS Juv = 0.7,CAN-NNE,37432069.5392497,13734472.375,73452166.625,419
0.7,0.6,DS Juv = 0.7,MAT,35950693.2134886,9924310.025,68516126,638
0.7,0.6,DS Juv = 0.7,MNE,180011.40625,4828.55,484915.75,32
0.7,0.6,DS Juv = 0.7,SAT,37527456.0500468,11732200.8,71478445.2,442
0.7,0.6,DS Juv = 0.7,SNE,425099.72,54801.4,867826.6,25
0.7,0.6,DS Juv = 0.8,CAN-NNE,39935830.497134,12913909.1,77652387,421
0.7,0.6,DS Juv = 0.8,MAT,39015559.1420733,10954297.875,72451130.35,605
0.7,0.6,DS Juv = 0.8,MNE,220494.541666667,13827.425,436626.9,48
0.7,0.6,DS Juv = 0.8,SAT,39764895.509016,11044958.75,75881139.35,435
0.7,0.6,DS Juv = 0.8,SNE,586192.848484849,115218.8,989284.6,33
0.7,0.6,DS Juv = 0.9,CAN-NNE,43680086.5432513,14379442.1,77708871.65,400
0.7,0.6,DS Juv = 0.9,MAT,39918017.199994,10884166.725,75111276.3,632
0.7,0.6,DS Juv = 0.9,MNE,281095.928571429,70960.225,596333.95,28
0.7,0.6,DS Juv = 0.9,SAT,40503315.709957,11859059.825,79144088.525,445
0.7,0.6,DS Juv = 0.9,SNE,528847.5,107269.55,1029875.05,32
0.7,0.6,DS Juv = 1,CAN-NNE,43988208.7709147,14910132.35,77598457.15,393
0.7,0.6,DS Juv = 1,MAT,44868573.8405466,14414368.9,84283381.95,638
0.7,0.6,DS Juv = 1,MNE,511894.294117647,173734.4,830321.8,17
0.7,0.6,DS Juv = 1,SAT,44073115.5432511,12138259.85,84508710.125,418
0.7,0.6,DS Juv = 1,SNE,574477.92,114532,1143432,25
0.7,0.7,DS Juv = 0,CAN-NNE,35323874.7842324,11749557.875,66303441.65,425
0.7,0.7,DS Juv = 0,MAT,27969793.8274184,7234212.425,56438519.65,655
0.7,0.7,DS Juv = 0,MNE,3465.81818181818,0,20750.6,33
0.7,0.7,DS Juv = 0,SAT,30569704.8024559,8838405.85,62490178.525,464
0.7,0.7,DS Juv = 0,SNE,271331,18756.3,682435.65,35
0.7,0.7,DS Juv = 0.1,CAN-NNE,37771790.4132453,12597693.525,71053314.3,383
0.7,0.7,DS Juv = 0.1,MAT,30739689.8950765,7842069.75,55405326.4,635
0.7,0.7,DS Juv = 0.1,MNE,15706.5,0,71878.4,32
0.7,0.7,DS Juv = 0.1,SAT,33081042.7514647,8202578.8,65275021.1,427
0.7,0.7,DS Juv = 0.1,SNE,203614.916666667,13968.775,564418.95,24
0.7,0.7,DS Juv = 0.2,CAN-NNE,36656879.9820875,11900313.725,69792218.775,364
0.7,0.7,DS Juv = 0.2,MAT,29501665.7453979,9056377.15,56764370.4,585
0.7,0.7,DS Juv = 0.2,MNE,21679.3783783784,16.4,91010.4,37
0.7,0.7,DS Juv = 0.2,SAT,33063948.1143187,8488693.25,65425893.3,438
0.7,0.7,DS Juv = 0.2,SNE,334839.605263158,19030.925,699506.699999999,38
0.7,0.7,DS Juv = 0.3,CAN-NNE,38542330.9172597,13175740.325,68362182.9,367
0.7,0.7,DS Juv = 0.3,MAT,30654713.6878369,8538286.8,58848571.325,584
0.7,0.7,DS Juv = 0.3,MNE,36990.724137931,10.5,172365.4,29
0.7,0.7,DS Juv = 0.3,SAT,34574219.2092236,10057395.05,69316967.475,422
0.7,0.7,DS Juv = 0.3,SNE,330159.194444444,16819.75,677165.375,36
0.7,0.7,DS Juv = 0.4,CAN-NNE,37867701.5099553,12966377.225,70660631.05,386
0.7,0.7,DS Juv = 0.4,MAT,31284376.9900258,9233256.25,61414064.3,615
0.7,0.7,DS Juv = 0.4,MNE,55886.8285714286,37.6,183051.75,35
0.7,0.7,DS Juv = 0.4,SAT,37417191.190162,10950645.25,71237611.675,414
0.7,0.7,DS Juv = 0.4,SNE,312065.787878788,9148.2,643353.8,33
0.7,0.7,DS Juv = 0.5,CAN-NNE,36571827.2645872,13841300.475,70982017.45,372
0.7,0.7,DS Juv = 0.5,MAT,33604025.8214296,9635262.325,64682150.6,586
0.7,0.7,DS Juv = 0.5,MNE,78844.2162162162,617.8,269255.1,37
0.7,0.7,DS Juv = 0.5,SAT,35493153.5692355,10905081.5,68817779.85,473
0.7,0.7,DS Juv = 0.5,SNE,476742.695652174,73690.4,813785.85,23
0.7,0.7,DS Juv = 0.6,CAN-NNE,41570130.2624508,12292749.45,76819708.65,391
0.7,0.7,DS Juv = 0.6,MAT,34408865.2559486,10293396.5,66182892.875,641
0.7,0.7,DS Juv = 0.6,MNE,133840.035714286,851.125,274820.25,28
0.7,0.7,DS Juv = 0.6,SAT,35714845.408421,11448366.075,72413289.7,411
0.7,0.7,DS Juv = 0.6,SNE,325172.52173913,66955.55,770571.35,23
0.7,0.7,DS Juv = 0.7,CAN-NNE,39976148.1335016,14435848.375,75080268.125,376
0.7,0.7,DS Juv = 0.7,MAT,37856875.7830901,11482955.125,70285357.425,677
0.7,0.7,DS Juv = 0.7,MNE,164908.607142857,6899.375,340328.55,28
0.7,0.7,DS Juv = 0.7,SAT,37792612.3234758,12498357.075,73376001.225,430
0.7,0.7,DS Juv = 0.7,SNE,479254.545454545,63253.2,997985.000000001,33
0.7,0.7,DS Juv = 0.8,CAN-NNE,42664647.072561,14791138.75,79520479.675,400
0.7,0.7,DS Juv = 0.8,MAT,41462439.8117536,12152855.7,77106742.175,623
0.7,0.7,DS Juv = 0.8,MNE,240069.24137931,15148.1,552200.7,29
0.7,0.7,DS Juv = 0.8,SAT,39319202.8533346,12741710.55,72296845.575,447
0.7,0.7,DS Juv = 0.8,SNE,455873.875,68049.85,991728.775,32
0.7,0.7,DS Juv = 0.9,CAN-NNE,40615822.6591003,13814819.55,77960384.35,420
0.7,0.7,DS Juv = 0.9,MAT,42795941.2834311,12646432.475,80784994.6,594
0.7,0.7,DS Juv = 0.9,MNE,384246.652173913,74020.7,827069.45,23
0.7,0.7,DS Juv = 0.9,SAT,38520227.8659463,12079173.525,75544444.05,400
0.7,0.7,DS Juv = 0.9,SNE,518990.724137931,75015.5,1063677.8,29
0.7,0.7,DS Juv = 1,CAN-NNE,40968056.7886314,14816664.05,78312141.975,416
0.7,0.7,DS Juv = 1,MAT,47061756.2546749,16002968.55,86969731,606
0.7,0.7,DS Juv = 1,MNE,527093.594594595,130036.3,958492.6,37
0.7,0.7,DS Juv = 1,SAT,45685183.2539648,14154556.825,82473614.2,430
0.7,0.7,DS Juv = 1,SNE,574750.255319149,100062.05,1265775.15,47
0.7,0.8,DS Juv = 0,CAN-NNE,35064456.0166695,12218093.15,63710910.225,439
0.7,0.8,DS Juv = 0,MAT,29810502.4757178,8662205.475,58987145.1,640
0.7,0.8,DS Juv = 0,MNE,9103.94285714286,0,36629.65,35
0.7,0.8,DS Juv = 0,SAT,32839351.8636992,10799913.4,64676064.375,448
0.7,0.8,DS Juv = 0,SNE,214564.444444444,5402.25,491049.65,27
0.7,0.8,DS Juv = 0.1,CAN-NNE,39764577.523052,12876265.125,77215951.1,422
0.7,0.8,DS Juv = 0.1,MAT,31465863.2661726,8139191.45,60861752,583
0.7,0.8,DS Juv = 0.1,MNE,13797.2692307692,2,79430,26
0.7,0.8,DS Juv = 0.1,SAT,33369283.1921509,9307400.7,63811943.425,450
0.7,0.8,DS Juv = 0.1,SNE,313312.9,16149.1,799031.3,30
0.7,0.8,DS Juv = 0.2,CAN-NNE,38028756.1237237,13305910.575,71155673.125,393
0.7,0.8,DS Juv = 0.2,MAT,30948302.2293544,8479380.325,60730130.725,603
0.7,0.8,DS Juv = 0.2,MNE,29755.8333333333,9.875,114573.5,36
0.7,0.8,DS Juv = 0.2,SAT,35634570.4175205,10937243.45,67191913.325,442
0.7,0.8,DS Juv = 0.2,SNE,312736.769230769,49823.625,750709.125,26
0.7,0.8,DS Juv = 0.3,CAN-NNE,39344814.8872658,12363659.6,75913166.25,404
0.7,0.8,DS Juv = 0.3,MAT,30903843.5865807,9190381.95,63868593.2,599
0.7,0.8,DS Juv = 0.3,MNE,52074.5909090909,641.325,139929.65,22
0.7,0.8,DS Juv = 0.3,SAT,36231234.7011142,11161512.275,70282631.825,424
0.7,0.8,DS Juv = 0.3,SNE,367075.567567568,51909.9,794722.4,37
0.7,0.8,DS Juv = 0.4,CAN-NNE,38583969.6305887,13424612.05,72424119.9,421
0.7,0.8,DS Juv = 0.4,MAT,32504972.5653805,9126791.925,62482653.975,589
0.7,0.8,DS Juv = 0.4,MNE,66243.1052631579,273.55,159576.1,19
0.7,0.8,DS Juv = 0.4,SAT,37284732.2607174,10475107.075,70936077.6,414
0.7,0.8,DS Juv = 0.4,SNE,442052.058823529,66566.775,892491.775,34
0.7,0.8,DS Juv = 0.5,CAN-NNE,40985670.581476,13850892.05,78011798.275,413
0.7,0.8,DS Juv = 0.5,MAT,34681480.8059348,9767370.9,66663847.675,624
0.7,0.8,DS Juv = 0.5,MNE,92892.1290322581,1870.75,225034,31
0.7,0.8,DS Juv = 0.5,SAT,37626955.9939518,9727603.325,72121701.6,482
0.7,0.8,DS Juv = 0.5,SNE,484149.64516129,119284.5,1030827.25,31
0.7,0.8,DS Juv = 0.6,CAN-NNE,39381100.6346044,14361399.825,72307440.2,383
0.7,0.8,DS Juv = 0.6,MAT,36463882.6559464,11708477.9,69952632.175,618
0.7,0.8,DS Juv = 0.6,MNE,176854.741935484,6911,463239.75,31
0.7,0.8,DS Juv = 0.6,SAT,39438786.6791945,10920939.525,74243146.4,444
0.7,0.8,DS Juv = 0.6,SNE,458476.055555556,58670.25,954406,36
0.7,0.8,DS Juv = 0.7,CAN-NNE,39767684.138702,13585535.275,74058064.525,416
0.7,0.8,DS Juv = 0.7,MAT,39312790.1642099,12336130,70780508.175,625
0.7,0.8,DS Juv = 0.7,MNE,219997,19793.8,509828.4,33
0.7,0.8,DS Juv = 0.7,SAT,40003311.7466927,12564855.625,76340435.375,437
0.7,0.8,DS Juv = 0.7,SNE,485186,102303.5,1009410.75,31
0.7,0.8,DS Juv = 0.8,CAN-NNE,41943153.4438286,15269990.3,76786639.85,395
0.7,0.8,DS Juv = 0.8,MAT,41195466.9323221,13171082.525,77609184.075,612
0.7,0.8,DS Juv = 0.8,MNE,290235.081081081,60066.3,593868.6,37
0.7,0.8,DS Juv = 0.8,SAT,41604340.2610597,12239208.85,80116574.65,449
0.7,0.8,DS Juv = 0.8,SNE,389325.866666667,34754.725,854640.85,30
0.7,0.8,DS Juv = 0.9,CAN-NNE,42384849.494069,14489767.775,81688997.925,416
0.7,0.8,DS Juv = 0.9,MAT,46188959.7570236,14503951.925,84237476.7,600
0.7,0.8,DS Juv = 0.9,MNE,443750,96283.5,855064.25,26
0.7,0.8,DS Juv = 0.9,SAT,42362722.6078886,13588520.75,88111175.075,424
0.7,0.8,DS Juv = 0.9,SNE,592429.380952381,74078,1229207,21
0.7,0.8,DS Juv = 1,CAN-NNE,42904052.4308528,15987510.2,84357933.15,419
0.7,0.8,DS Juv = 1,MAT,47146908.9752225,15192249.325,91493368.2,622
0.7,0.8,DS Juv = 1,MNE,482770.8125,142839.05,1050932,32
0.7,0.8,DS Juv = 1,SAT,44140857.1545764,14640051,83685529.35,426
0.7,0.8,DS Juv = 1,SNE,622628.793103448,190781.2,1432565.3,29
0.7,0.9,DS Juv = 0,CAN-NNE,38779347.2934654,11849497.825,73514366.275,393
0.7,0.9,DS Juv = 0,MAT,31323270.281665,8072259.625,60021505.125,580
0.7,0.9,DS Juv = 0,MNE,13419.1944444444,3.875,76744.25,36
0.7,0.9,DS Juv = 0,SAT,30422437.1351597,7571813.875,64917893.325,441
0.7,0.9,DS Juv = 0,SNE,340060.655172414,28287.1,672556.3,29
0.7,0.9,DS Juv = 0.1,CAN-NNE,37140472.8466811,13187048.8,67562246,368
0.7,0.9,DS Juv = 0.1,MAT,31844965.8309646,8447389.625,62363097,631
0.7,0.9,DS Juv = 0.1,MNE,37922.8928571429,6.75,116015,28
0.7,0.9,DS Juv = 0.1,SAT,35695460.8202135,10469478.525,69511308.35,416
0.7,0.9,DS Juv = 0.1,SNE,347760.615384615,71100.35,710861.449999999,39
0.7,0.9,DS Juv = 0.2,CAN-NNE,38022691.1352724,13388619.475,74650529.575,366
0.7,0.9,DS Juv = 0.2,MAT,32294231.6442286,9113897.125,62995487.025,640
0.7,0.9,DS Juv = 0.2,MNE,32088.4166666667,91.9,94783.975,24
0.7,0.9,DS Juv = 0.2,SAT,35528024.400832,10285134.6,70378338.575,461
0.7,0.9,DS Juv = 0.2,SNE,382488.1,62404.95,935197.725,30
0.7,0.9,DS Juv = 0.3,CAN-NNE,39502696.6734432,11839079.55,77370612.35,405
0.7,0.9,DS Juv = 0.3,MAT,34237629.8678628,8925845.975,67014044.625,658
0.7,0.9,DS Juv = 0.3,MNE,66942.32,124.8,188941.2,25
0.7,0.9,DS Juv = 0.3,SAT,36129819.4176975,9095049.425,70576001.925,458
0.7,0.9,DS Juv = 0.3,SNE,415153.75,58305.825,894639.275,40
0.7,0.9,DS Juv = 0.4,CAN-NNE,41192794.2800958,14251702.625,78651958.825,384
0.7,0.9,DS Juv = 0.4,MAT,34266976.2131012,10537221.5,67947320.7,556
0.7,0.9,DS Juv = 0.4,MNE,101465.466666667,155.175,229372.675,30
0.7,0.9,DS Juv = 0.4,SAT,35895504.640598,8993277.95,71401109.125,417
0.7,0.9,DS Juv = 0.4,SNE,331405.590909091,47492.55,684377.6,22
0.7,0.9,DS Juv = 0.5,CAN-NNE,38323158.4518764,13424539.35,70464742.15,403
0.7,0.9,DS Juv = 0.5,MAT,37068114.9432621,11314334.05,70304529.95,645
0.7,0.9,DS Juv = 0.5,MNE,165320.8,7011.25,345402.15,35
0.7,0.9,DS Juv = 0.5,SAT,38674250.4401822,11460658.025,75595524.35,434
0.7,0.9,DS Juv = 0.5,SNE,414251.285714286,68154,921022.4,49
0.7,0.9,DS Juv = 0.6,CAN-NNE,40709214.6266872,12776170.375,80975220.05,411
0.7,0.9,DS Juv = 0.6,MAT,39623882.0936615,10855861.775,75533987.6,595
0.7,0.9,DS Juv = 0.6,MNE,190268.512195122,21236,351995,41
0.7,0.9,DS Juv = 0.6,SAT,40763843.5829161,11282476.375,75961730.225,458
0.7,0.9,DS Juv = 0.6,SNE,465817.733333333,64498.7,919291.35,30
0.7,0.9,DS Juv = 0.7,CAN-NNE,39344774.0516874,14507354.375,80242334.2,419
0.7,0.9,DS Juv = 0.7,MAT,40851715.5861102,12318151.95,76687855.1,634
0.7,0.9,DS Juv = 0.7,MNE,279732.243243243,40187.3,585579.6,37
0.7,0.9,DS Juv = 0.7,SAT,40516726.2501887,13313378.25,78467749,414
0.7,0.9,DS Juv = 0.7,SNE,543975.03030303,172121.8,1108034.2,33
0.7,0.9,DS Juv = 0.8,CAN-NNE,41528287.1954315,13847903.3,82489680.95,412
0.7,0.9,DS Juv = 0.8,MAT,43421424.7582087,13489585.9,81973639.4,626
0.7,0.9,DS Juv = 0.8,MNE,376332.806451613,66798,712441.5,31
0.7,0.9,DS Juv = 0.8,SAT,37987162.2021519,11692359.7,74025523.75,406
0.7,0.9,DS Juv = 0.8,SNE,548636.848484849,94758.2,1100428.8,33
0.7,0.9,DS Juv = 0.9,CAN-NNE,44237760.8488067,15675768.575,80219410.375,412
0.7,0.9,DS Juv = 0.9,MAT,46299508.5673049,15070394.775,91928249.6,646
0.7,0.9,DS Juv = 0.9,MNE,495274.352941176,124293.425,970649.525,34
0.7,0.9,DS Juv = 0.9,SAT,45218085.1221851,13846763.5,86332738.4,392
0.7,0.9,DS Juv = 0.9,SNE,546750.95,147208.9,1023932.625,20
0.7,0.9,DS Juv = 1,CAN-NNE,44584116.1267303,16600634.625,79977788.7,393
0.7,0.9,DS Juv = 1,MAT,51787862.6043375,16380640.275,96685537.2,641
0.7,0.9,DS Juv = 1,MNE,594995.583333333,156324.875,1268250.875,36
0.7,0.9,DS Juv = 1,SAT,45788244.0824575,15083706.925,86790396.5,411
0.7,0.9,DS Juv = 1,SNE,669062.34375,153775.875,1342593.4,32
0.7,1,DS Juv = 0,CAN-NNE,35912075.6965459,13488964.475,70106609.075,361
0.7,1,DS Juv = 0,MAT,32644548.2750776,8530161.95,64090357.1,636
0.7,1,DS Juv = 0,MNE,12247,10.6,95019.1,39
0.7,1,DS Juv = 0,SAT,34699289.7254239,10422964.55,68140250.575,441
0.7,1,DS Juv = 0,SNE,264876.909090909,19413.125,628098.675,22
0.7,1,DS Juv = 0.1,CAN-NNE,37259034.0640005,13189353.65,72023812.2,387
0.7,1,DS Juv = 0.1,MAT,33529765.5527306,9427170.85,65611879.875,639
0.7,1,DS Juv = 0.1,MNE,30290.1428571429,64.225,129569.1,28
0.7,1,DS Juv = 0.1,SAT,35364041.1795029,11405831.675,67536342.5,424
0.7,1,DS Juv = 0.1,SNE,450955.961538462,75990.125,954277,26
0.7,1,DS Juv = 0.2,CAN-NNE,38781431.1240487,12911100.65,74021053.6,396
0.7,1,DS Juv = 0.2,MAT,35268586.0459064,10645098.925,66495865.225,590
0.7,1,DS Juv = 0.2,MNE,44857.9677419355,229.5,116292.5,31
0.7,1,DS Juv = 0.2,SAT,34048404.6214449,11661177.4,65871879.125,424
0.7,1,DS Juv = 0.2,SNE,356216.447368421,89461.175,917576.425,38
0.7,1,DS Juv = 0.3,CAN-NNE,40187921.8561504,13108915.775,73120615.175,429
0.7,1,DS Juv = 0.3,MAT,36961415.5156416,10886534.45,68873272.425,601
0.7,1,DS Juv = 0.3,MNE,80988.5,1246.6,218354.975,24
0.7,1,DS Juv = 0.3,SAT,35674556.3427397,9919340.975,71635340.95,436
0.7,1,DS Juv = 0.3,SNE,389994.774193548,57671.5,701584.75,31
0.7,1,DS Juv = 0.4,CAN-NNE,40318756.9352858,14909410.6,74913277.275,395
0.7,1,DS Juv = 0.4,MAT,36447924.4472116,10625003.325,68833984.65,591
0.7,1,DS Juv = 0.4,MNE,141393.71875,11428.825,335159.65,32
0.7,1,DS Juv = 0.4,SAT,39049312.84598,11978075.1,76514963.15,404
0.7,1,DS Juv = 0.4,SNE,344587.962962963,53408.65,836522.7,27
0.7,1,DS Juv = 0.5,CAN-NNE,36904576.3795305,13120690.075,75598601.475,398
0.7,1,DS Juv = 0.5,MAT,40040768.7678678,12740064.4,76632466,575
0.7,1,DS Juv = 0.5,MNE,189069.709677419,16506.75,370227.75,31
0.7,1,DS Juv = 0.5,SAT,38263516.6205661,11797272.45,75004226.8,462
0.7,1,DS Juv = 0.5,SNE,423443,101452.65,907015.2,24
0.7,1,DS Juv = 0.6,CAN-NNE,42566142.8144205,14740166.05,77948153.925,380
0.7,1,DS Juv = 0.6,MAT,39412090.2192866,12766027.225,78583199.35,617
0.7,1,DS Juv = 0.6,MNE,230503.366666667,3981.85,540334.025,30
0.7,1,DS Juv = 0.6,SAT,40439983.7440242,13410493.775,77665256.725,405
0.7,1,DS Juv = 0.6,SNE,442322.827586207,99062.8,1041344.1,29
0.7,1,DS Juv = 0.7,CAN-NNE,41233455.1618712,13976054.175,76978728.5,390
0.7,1,DS Juv = 0.7,MAT,43612210.2071635,13270746.425,84140945.65,586
0.7,1,DS Juv = 0.7,MNE,305153.5,53786.8,653618.325,28
0.7,1,DS Juv = 0.7,SAT,39432099.6868761,12991354.425,79555622.475,453
0.7,1,DS Juv = 0.7,SNE,467197.805555556,75231.875,1213555.375,36
0.7,1,DS Juv = 0.8,CAN-NNE,40510823.7932976,14061564.05,82508842.25,389
0.7,1,DS Juv = 0.8,MAT,47668020.657171,14413535.725,89190326.425,605
0.7,1,DS Juv = 0.8,MNE,488141.2,142203.825,876665.45,30
0.7,1,DS Juv = 0.8,SAT,44555156.8316876,14017428.05,83019022.225,443
0.7,1,DS Juv = 0.8,SNE,505201.212121212,107291.4,1193011.2,33
0.7,1,DS Juv = 0.9,CAN-NNE,42259336.6102962,15026033.475,82399939.875,436
0.7,1,DS Juv = 0.9,MAT,51885321.0727551,17013784.15,98331255.85,595
0.7,1,DS Juv = 0.9,MNE,561836.65625,170429.1,1190104.4,32
0.7,1,DS Juv = 0.9,SAT,46359523.9269495,13146615.525,92212210.05,395
0.7,1,DS Juv = 0.9,SNE,602539.043478261,245253.55,952935.7,23
0.7,1,DS Juv = 1,CAN-NNE,45381169.4394443,16301864.225,84287593.75,393
0.7,1,DS Juv = 1,MAT,53870907.8252719,19550448.05,100761799.4,565
0.7,1,DS Juv = 1,MNE,760233.588235294,230811.775,1414182.475,34
0.7,1,DS Juv = 1,SAT,46308644.0895192,14729272.5,89972343.875,443
0.7,1,DS Juv = 1,SNE,711154.137931034,193629,1492993.1,29
0.8,0,DS Juv = 0,CAN-NNE,35104762.5091751,11899569.325,68817140.925,392
0.8,0,DS Juv = 0,MAT,22816306.4134504,5077915.05,46742067.575,615
0.8,0,DS Juv = 0,MNE,248.390243902439,0,2943,41
0.8,0,DS Juv = 0,SAT,27489791.4790788,5497833.35,55577075.35,412
0.8,0,DS Juv = 0,SNE,178464.424242424,614.4,558008.8,33
0.8,0,DS Juv = 0.1,CAN-NNE,36541528.3795848,12553761.8,65442462.9,393
0.8,0,DS Juv = 0.1,MAT,24894826.8965854,5609959.7,50048462.55,642
0.8,0,DS Juv = 0.1,MNE,607.310344827586,0,3884.4,29
0.8,0,DS Juv = 0.1,SAT,26522002.9811118,5917240.75,52821620.725,363
0.8,0,DS Juv = 0.1,SNE,212517.705882353,3776.975,487948.9,34
0.8,0,DS Juv = 0.2,CAN-NNE,35014609.8750022,11475439.525,69040975.025,376
0.8,0,DS Juv = 0.2,MAT,23480595.0468052,5658952.55,45948639.375,623
0.8,0,DS Juv = 0.2,MNE,1399.6,0,10918.6,25
0.8,0,DS Juv = 0.2,SAT,29604045.5333205,6863459.125,58744361.9,416
0.8,0,DS Juv = 0.2,SNE,269598.727272727,22834.375,499490.9,22
0.8,0,DS Juv = 0.3,CAN-NNE,37588156.257354,12917249.225,68086374.6,406
0.8,0,DS Juv = 0.3,MAT,25281637.9873801,5621994.4,48743898.75,624
0.8,0,DS Juv = 0.3,MNE,6484.65384615385,0,41007,26
0.8,0,DS Juv = 0.3,SAT,29025320.1538321,7240583.275,58963355.75,430
0.8,0,DS Juv = 0.3,SNE,213748.5,3511.175,510294.95,28
0.8,0,DS Juv = 0.4,CAN-NNE,37324899.5653346,13182899.1,73645800.975,395
0.8,0,DS Juv = 0.4,MAT,26527262.9809196,5743237.625,51255383.775,616
0.8,0,DS Juv = 0.4,MNE,20052.9333333333,0,96192.5749999999,30
0.8,0,DS Juv = 0.4,SAT,31150508.8382699,7725789.925,60137282.4,464
0.8,0,DS Juv = 0.4,SNE,315969.25,4936.575,662063.35,32
0.8,0,DS Juv = 0.5,CAN-NNE,36031647.4480423,13030724.075,68118642.95,388
0.8,0,DS Juv = 0.5,MAT,27526168.915395,6225458.025,54063365.15,602
0.8,0,DS Juv = 0.5,MNE,48805.3103448276,20.1,163184.3,29
0.8,0,DS Juv = 0.5,SAT,34524966.5864483,9110150.6,62941236.05,413
0.8,0,DS Juv = 0.5,SNE,349172.727272727,11678,746880.6,33
0.8,0,DS Juv = 0.6,CAN-NNE,38255762.7446118,13881038.4,71659013.05,377
0.8,0,DS Juv = 0.6,MAT,28149548.5090822,7661320.1,56795788.95,600
0.8,0,DS Juv = 0.6,MNE,94571.6,151.35,235391.25,30
0.8,0,DS Juv = 0.6,SAT,31533742.6103476,7786806.275,62609903.775,430
0.8,0,DS Juv = 0.6,SNE,349857.75,69522.1,770229.725,28
0.8,0,DS Juv = 0.7,CAN-NNE,38441527.0206674,13559296.9,74864315.2,424
0.8,0,DS Juv = 0.7,MAT,32906027.5168569,7926479,61185099.05,627
0.8,0,DS Juv = 0.7,MNE,146619.435897436,2503.8,377682.3,39
0.8,0,DS Juv = 0.7,SAT,33411767.2778787,8506405.325,66805000.6,436
0.8,0,DS Juv = 0.7,SNE,306270.351351351,7494.1,698943.6,37
0.8,0,DS Juv = 0.8,CAN-NNE,34653048.83945,11881491.45,66109367.25,370
0.8,0,DS Juv = 0.8,MAT,32442001.577775,8093261.8,65098610.75,596
0.8,0,DS Juv = 0.8,MNE,235116.666666667,21184.025,488257.85,18
0.8,0,DS Juv = 0.8,SAT,33908083.5660258,10396318.875,65997365.55,456
0.8,0,DS Juv = 0.8,SNE,399140.730769231,3172.5,922925,26
0.8,0,DS Juv = 0.9,CAN-NNE,43139570.4256164,14621649.325,80136422.75,413
0.8,0,DS Juv = 0.9,MAT,37285849.261861,10762843.2,71329632.475,597
0.8,0,DS Juv = 0.9,MNE,346168,31303.375,734171.9,32
0.8,0,DS Juv = 0.9,SAT,35704573.3710477,11653340.575,70620637.2,440
0.8,0,DS Juv = 0.9,SNE,388829.944444444,15107.75,918551.375,36
0.8,0,DS Juv = 1,CAN-NNE,44623460.9010854,13831797.375,81679098.425,414
0.8,0,DS Juv = 1,MAT,42996981.8373742,12255609.25,80734056.975,624
0.8,0,DS Juv = 1,MNE,477971,89283,975776.5,36
0.8,0,DS Juv = 1,SAT,38962596.0333631,11471303.75,75196294.075,436
0.8,0,DS Juv = 1,SNE,546543.428571429,63775.3,1166887.5,35
0.8,0.1,DS Juv = 0,CAN-NNE,34715139.3058672,12505339.825,65082326.725,391
0.8,0.1,DS Juv = 0,MAT,23164701.5238114,4809834.675,45271286.45,600
0.8,0.1,DS Juv = 0,MNE,20.6451612903226,0,133.25,31
0.8,0.1,DS Juv = 0,SAT,27378675.4838354,7693969.725,55962326.3,421
0.8,0.1,DS Juv = 0,SNE,242824.970588235,7071.325,586877.924999999,34
0.8,0.1,DS Juv = 0.1,CAN-NNE,34385180.8255421,10696925.875,68314872.625,414
0.8,0.1,DS Juv = 0.1,MAT,23042887.0376877,5421771.375,46021638.825,612
0.8,0.1,DS Juv = 0.1,MNE,450.72972972973,0,3913.2,37
0.8,0.1,DS Juv = 0.1,SAT,28475041.0898325,7219076.475,56519934.275,437
0.8,0.1,DS Juv = 0.1,SNE,174691.321428571,1694.4,437719.8,28
0.8,0.1,DS Juv = 0.2,CAN-NNE,37069873.4059431,12958039.9,66971135.5,387
0.8,0.1,DS Juv = 0.2,MAT,23738467.231889,5568100.375,46605527.975,607
0.8,0.1,DS Juv = 0.2,MNE,2778.75,0,18040.4,28
0.8,0.1,DS Juv = 0.2,SAT,28175733.0026132,6350819.275,58201432.225,437
0.8,0.1,DS Juv = 0.2,SNE,231197.206896552,11895.8,525265.5,29
0.8,0.1,DS Juv = 0.3,CAN-NNE,36573778.5283612,12426207.4,63924053,414
0.8,0.1,DS Juv = 0.3,MAT,26209422.6462851,5871502.7,50641528.675,634
0.8,0.1,DS Juv = 0.3,MNE,4883.38461538462,0,28870.75,26
0.8,0.1,DS Juv = 0.3,SAT,30169960.1386578,6925084.85,59577535.625,472
0.8,0.1,DS Juv = 0.3,SNE,271736.518518519,13506.1,623147.6,27
0.8,0.1,DS Juv = 0.4,CAN-NNE,38415912.5590664,12248724.3,71348444.7,392
0.8,0.1,DS Juv = 0.4,MAT,26892682.3840298,6700940.975,52828241.7,638
0.8,0.1,DS Juv = 0.4,MNE,17864.12,0,79127.6,25
0.8,0.1,DS Juv = 0.4,SAT,32918546.0556885,9760238.95,64468321.65,436
0.8,0.1,DS Juv = 0.4,SNE,248019.3,12702.85,563379.175,30
0.8,0.1,DS Juv = 0.5,CAN-NNE,37447170.1090689,12324560.625,68552676.625,395
0.8,0.1,DS Juv = 0.5,MAT,26828573.5219521,6540902.35,53296241.275,610
0.8,0.1,DS Juv = 0.5,MNE,36448,11.625,169463.075,32
0.8,0.1,DS Juv = 0.5,SAT,32805253.8387753,9621552.55,65661398.875,410
0.8,0.1,DS Juv = 0.5,SNE,299330.935483871,26600.75,641015.75,31
0.8,0.1,DS Juv = 0.6,CAN-NNE,38022433.7412838,12809771.575,71380987.4,414
0.8,0.1,DS Juv = 0.6,MAT,29768509.5280007,7824876.375,56607017.925,548
0.8,0.1,DS Juv = 0.6,MNE,73429.4242424242,40.2,266564,33
0.8,0.1,DS Juv = 0.6,SAT,33205924.8533025,8964413.35,63852710.8,441
0.8,0.1,DS Juv = 0.6,SNE,335119.208333333,15734.875,782824.7,24
0.8,0.1,DS Juv = 0.7,CAN-NNE,39590543.3496502,13260149.2,69300265.95,410
0.8,0.1,DS Juv = 0.7,MAT,30220985.3726739,7106359.55,60897073.525,606
0.8,0.1,DS Juv = 0.7,MNE,157652.787878788,880.8,384546.4,33
0.8,0.1,DS Juv = 0.7,SAT,33145672.4462188,8929869.975,67813072.7,399
0.8,0.1,DS Juv = 0.7,SNE,428399.68,93557.8,811686,25
0.8,0.1,DS Juv = 0.8,CAN-NNE,37118449.6300268,12750658.875,73970350.9,379
0.8,0.1,DS Juv = 0.8,MAT,33188476.5287437,8614529.525,68471427.175,590
0.8,0.1,DS Juv = 0.8,MNE,223502.305555556,6604.625,537735.625,36
0.8,0.1,DS Juv = 0.8,SAT,37213696.4890277,10657011.1,67874102.4,457
0.8,0.1,DS Juv = 0.8,SNE,438542.423076923,12900.625,964681.875,26
0.8,0.1,DS Juv = 0.9,CAN-NNE,40694153.5961325,14289260.875,74303491.75,403
0.8,0.1,DS Juv = 0.9,MAT,36806646.138588,10117470.075,72922512.425,574
0.8,0.1,DS Juv = 0.9,MNE,393863.269230769,35821.125,867620.25,26
0.8,0.1,DS Juv = 0.9,SAT,40168368.5227152,12094779.8,74078908.3,464
0.8,0.1,DS Juv = 0.9,SNE,468715.433333333,83702.025,1091705.85,30
0.8,0.1,DS Juv = 1,CAN-NNE,39633982.1979984,15568803.05,75482507.025,399
0.8,0.1,DS Juv = 1,MAT,41818183.8311567,12016339.3,78576594.2,606
0.8,0.1,DS Juv = 1,MNE,522710.451612903,122472.25,1164407.75,31
0.8,0.1,DS Juv = 1,SAT,40387267.5533728,11587588.1,76855203.8,459
0.8,0.1,DS Juv = 1,SNE,397688.857142857,44468.35,1246557.3,35
0.8,0.2,DS Juv = 0,CAN-NNE,35524319.9503392,11307688.975,69471839.575,405
0.8,0.2,DS Juv = 0,MAT,21820230.7664624,5099202.55,47074494.775,637
0.8,0.2,DS Juv = 0,MNE,148.212121212121,0,848.400000000001,33
0.8,0.2,DS Juv = 0,SAT,28827259.2050602,6580330.925,58660039.6,432
0.8,0.2,DS Juv = 0,SNE,218266.34375,979.45,566673.2,32
0.8,0.2,DS Juv = 0.1,CAN-NNE,35695547.8470684,12437832.475,69129534,410
0.8,0.2,DS Juv = 0.1,MAT,23782293.6388039,5549037.725,47215729.375,641
0.8,0.2,DS Juv = 0.1,MNE,1419.89743589744,0,12647.6999999999,39
0.8,0.2,DS Juv = 0.1,SAT,29756666.6126653,6782804.625,60431689.8,427
0.8,0.2,DS Juv = 0.1,SNE,163961.451612903,1979,402724,31
0.8,0.2,DS Juv = 0.2,CAN-NNE,37523325.0347884,13169810.65,70113294.7,404
0.8,0.2,DS Juv = 0.2,MAT,24853346.2018525,5419252.2,51221486.175,592
0.8,0.2,DS Juv = 0.2,MNE,627.363636363636,0,5560.60000000001,33
0.8,0.2,DS Juv = 0.2,SAT,30038019.5772494,7665384.975,59221626.125,412
0.8,0.2,DS Juv = 0.2,SNE,189084.1875,4079.825,491349.85,32
0.8,0.2,DS Juv = 0.3,CAN-NNE,35473293.2337333,12265010.425,67109197.275,379
0.8,0.2,DS Juv = 0.3,MAT,25143773.9846917,6188341.9,49182950.85,603
0.8,0.2,DS Juv = 0.3,MNE,11769.3846153846,0,82308.25,26
0.8,0.2,DS Juv = 0.3,SAT,29871031.0640867,8282835.025,64453921.725,400
0.8,0.2,DS Juv = 0.3,SNE,251740.780487805,22617,597330,41
0.8,0.2,DS Juv = 0.4,CAN-NNE,35809113.0491417,12961990.25,66642478.375,381
0.8,0.2,DS Juv = 0.4,MAT,27351875.9101328,6210176.775,54790596.525,630
0.8,0.2,DS Juv = 0.4,MNE,12259.0714285714,0,103251.1,28
0.8,0.2,DS Juv = 0.4,SAT,31401726.9595354,8864348.025,62234361.2,432
0.8,0.2,DS Juv = 0.4,SNE,257110.947368421,7451.75,594120.124999999,38
0.8,0.2,DS Juv = 0.5,CAN-NNE,35572475.3821061,12672885.55,71062488.725,377
0.8,0.2,DS Juv = 0.5,MAT,28912197.586751,6195590.275,55838944.625,612
0.8,0.2,DS Juv = 0.5,MNE,74114.6296296296,30.55,259448.45,27
0.8,0.2,DS Juv = 0.5,SAT,33372615.0976528,8166453.375,62755893.775,426
0.8,0.2,DS Juv = 0.5,SNE,256839.515151515,17576.8,727111.8,33
0.8,0.2,DS Juv = 0.6,CAN-NNE,36639260.1828576,11304538,70102965.2,389
0.8,0.2,DS Juv = 0.6,MAT,28704032.0297197,8151050.475,57198023.575,644
0.8,0.2,DS Juv = 0.6,MNE,58802.0714285714,54,224491.3,28
0.8,0.2,DS Juv = 0.6,SAT,34802714.6583839,9884985.7,67726319.65,443
0.8,0.2,DS Juv = 0.6,SNE,222236.459459459,2966.1,627876.5,37
0.8,0.2,DS Juv = 0.7,CAN-NNE,37697488.0255001,12895960.225,67910541.675,379
0.8,0.2,DS Juv = 0.7,MAT,32179919.8266732,8464372.95,63269240.45,589
0.8,0.2,DS Juv = 0.7,MNE,84106.0857142857,993.6,283086.25,35
0.8,0.2,DS Juv = 0.7,SAT,34911944.9560007,9624214.975,68877730.975,430
0.8,0.2,DS Juv = 0.7,SNE,258171,23643.25,709742.3,27
0.8,0.2,DS Juv = 0.8,CAN-NNE,41508219.169907,13360928.65,75259208.375,377
0.8,0.2,DS Juv = 0.8,MAT,35404023.9901471,9816554.9,68787273.725,649
0.8,0.2,DS Juv = 0.8,MNE,232907.794871795,2996.25,496832.9,39
0.8,0.2,DS Juv = 0.8,SAT,35997684.8074815,11642514.15,70501584.05,411
0.8,0.2,DS Juv = 0.8,SNE,361586.909090909,7783.4,929996.000000001,33
0.8,0.2,DS Juv = 0.9,CAN-NNE,43755286.8913456,13928674.625,75929693.325,378
0.8,0.2,DS Juv = 0.9,MAT,37272834.9230478,10160421.225,74094498.075,590
0.8,0.2,DS Juv = 0.9,MNE,366977.027027027,37174,797784.7,37
0.8,0.2,DS Juv = 0.9,SAT,38876878.2107107,10968750.9,72899194.7,455
0.8,0.2,DS Juv = 0.9,SNE,456200.696969697,58830.4,956130.600000001,33
0.8,0.2,DS Juv = 1,CAN-NNE,42816859.1089311,15321303.725,82553828.05,417
0.8,0.2,DS Juv = 1,MAT,41793001.2779399,12980379.925,80359432.175,585
0.8,0.2,DS Juv = 1,MNE,373045.933333333,117061.7,852305.15,30
0.8,0.2,DS Juv = 1,SAT,40651749.4965435,12757779.675,79482662.775,428
0.8,0.2,DS Juv = 1,SNE,507030.117647059,41096.6,974652.8,17
0.8,0.3,DS Juv = 0,CAN-NNE,34051717.3720668,12293835.875,68977618.925,381
0.8,0.3,DS Juv = 0,MAT,22791753.5558145,6067747.025,46377060.95,596
0.8,0.3,DS Juv = 0,MNE,163.322580645161,0,1023.25,31
0.8,0.3,DS Juv = 0,SAT,28594875.8257426,7742783.225,59479186.3,399
0.8,0.3,DS Juv = 0,SNE,206656.878787879,772.8,573952.8,33
0.8,0.3,DS Juv = 0.1,CAN-NNE,38552335.1975946,13274110.6,71663645.75,359
0.8,0.3,DS Juv = 0.1,MAT,24634868.8989576,5311655.375,50072541.575,630
0.8,0.3,DS Juv = 0.1,MNE,660.269230769231,0,4147.75,26
0.8,0.3,DS Juv = 0.1,SAT,28860231.5916658,8062443.875,55465167.975,440
0.8,0.3,DS Juv = 0.1,SNE,240249.647058824,6501.375,570951.8,34
0.8,0.3,DS Juv = 0.2,CAN-NNE,36607160.6146591,12701765.9,65653590.5,401
0.8,0.3,DS Juv = 0.2,MAT,24908650.9379079,6230858.15,50824446.35,633
0.8,0.3,DS Juv = 0.2,MNE,1943.10344827586,0,12035.5,29
0.8,0.3,DS Juv = 0.2,SAT,31737794.6403607,7917956,62403274.675,441
0.8,0.3,DS Juv = 0.2,SNE,252004.918918919,5284.3,534612.2,37
0.8,0.3,DS Juv = 0.3,CAN-NNE,37057956.2252468,13084411.7,66317996.85,427
0.8,0.3,DS Juv = 0.3,MAT,26344396.3271598,5999278.375,54088209.725,650
0.8,0.3,DS Juv = 0.3,MNE,5797.7,0,28683.65,30
0.8,0.3,DS Juv = 0.3,SAT,30803925.9460146,7592835.8,60362394.325,443
0.8,0.3,DS Juv = 0.3,SNE,225540.205882353,5455.375,519476.625,34
0.8,0.3,DS Juv = 0.4,CAN-NNE,36087434.4088,12762597.5,69346272.8,440
0.8,0.3,DS Juv = 0.4,MAT,26852035.6587549,6256491.125,54460395.425,579
0.8,0.3,DS Juv = 0.4,MNE,25423.44,0,113996.6,25
0.8,0.3,DS Juv = 0.4,SAT,33448376.2734125,7826541.3,65639294.125,434
0.8,0.3,DS Juv = 0.4,SNE,224838.28125,5264.15,726111.575,32
0.8,0.3,DS Juv = 0.5,CAN-NNE,38624127.4044898,12851926.55,72300213.675,406
0.8,0.3,DS Juv = 0.5,MAT,28442626.7597469,7392675.85,56192596.425,608
0.8,0.3,DS Juv = 0.5,MNE,22156.8064516129,22.5,120511.25,31
0.8,0.3,DS Juv = 0.5,SAT,34093865.0782006,9920284.2,66779582.975,458
0.8,0.3,DS Juv = 0.5,SNE,312360.419354839,5002,808796.5,31
0.8,0.3,DS Juv = 0.6,CAN-NNE,37688144.8956638,11582792.1,69902121.375,384
0.8,0.3,DS Juv = 0.6,MAT,30325953.3134514,7322146.9,59904474.275,618
0.8,0.3,DS Juv = 0.6,MNE,118143.04,80.2,321686.6,25
0.8,0.3,DS Juv = 0.6,SAT,33029150.6601299,8980275.4,67872329.05,444
0.8,0.3,DS Juv = 0.6,SNE,311837.567567568,2036.8,693718.1,37
0.8,0.3,DS Juv = 0.7,CAN-NNE,44127779.0980895,13201250.975,80593622.9,361
0.8,0.3,DS Juv = 0.7,MAT,31620660.6347202,8808145.125,61275909.15,623
0.8,0.3,DS Juv = 0.7,MNE,177926.84,1947.6,395347.6,25
0.8,0.3,DS Juv = 0.7,SAT,37402351.9219017,11340960.325,71500422.325,429
0.8,0.3,DS Juv = 0.7,SNE,400944.391304348,57263.7,758222.7,23
0.8,0.3,DS Juv = 0.8,CAN-NNE,37743463.929631,13334113.925,77434838.825,428
0.8,0.3,DS Juv = 0.8,MAT,35392958.6311983,9243053,70894864.95,615
0.8,0.3,DS Juv = 0.8,MNE,242993.793103448,7893.8,486992.3,29
0.8,0.3,DS Juv = 0.8,SAT,35766043.5495478,11066571.725,69135885.65,372
0.8,0.3,DS Juv = 0.8,SNE,352569.2,37722.2,766107.675,30
0.8,0.3,DS Juv = 0.9,CAN-NNE,41414447.6940488,14540955.225,72810733.225,424
0.8,0.3,DS Juv = 0.9,MAT,39372582.4226253,10940282.675,75898624.325,578
0.8,0.3,DS Juv = 0.9,MNE,427880.681818182,43044.45,834520.05,22
0.8,0.3,DS Juv = 0.9,SAT,39596424.6840873,11621767.875,72546785.825,401
0.8,0.3,DS Juv = 0.9,SNE,483481.260869565,62780.6,1082561.2,23
0.8,0.3,DS Juv = 1,CAN-NNE,45325889.0869731,15538950.8,82432771.3,388
0.8,0.3,DS Juv = 1,MAT,42066296.510376,12177108.2,85933052.325,674
0.8,0.3,DS Juv = 1,MNE,372572.731707317,96649,849378,41
0.8,0.3,DS Juv = 1,SAT,43903186.6074073,12238216.375,81610630.525,423
0.8,0.3,DS Juv = 1,SNE,575107.291666667,119317.425,1027332.125,24
0.8,0.4,DS Juv = 0,CAN-NNE,38235234.9132025,12342595.425,72041050.15,390
0.8,0.4,DS Juv = 0,MAT,22913442.9526272,5766937.025,48375428.75,581
0.8,0.4,DS Juv = 0,MNE,208.354838709677,0,1904.5,31
0.8,0.4,DS Juv = 0,SAT,28311639.6794042,6714668.25,55485659.875,436
0.8,0.4,DS Juv = 0,SNE,261814.15,1808.6,576949.225,40
0.8,0.4,DS Juv = 0.1,CAN-NNE,33595359.2531947,12268818.15,63619897.4,437
0.8,0.4,DS Juv = 0.1,MAT,24332162.2958555,6155291.1,47820071.125,586
0.8,0.4,DS Juv = 0.1,MNE,1054.64,0,9466.19999999998,25
0.8,0.4,DS Juv = 0.1,SAT,30815631.7368213,8903660.2,56969735.275,438
0.8,0.4,DS Juv = 0.1,SNE,218889.552631579,3121.475,581484.7,38
0.8,0.4,DS Juv = 0.2,CAN-NNE,36451454.127713,13444287.575,69238307.725,397
0.8,0.4,DS Juv = 0.2,MAT,25573478.3294084,6300891.075,49498381.325,599
0.8,0.4,DS Juv = 0.2,MNE,1823.88888888889,0,18647.5,27
0.8,0.4,DS Juv = 0.2,SAT,31104939.3565173,8571761.175,58767680.15,427
0.8,0.4,DS Juv = 0.2,SNE,201751.206896552,8524.1,617303.5,29
0.8,0.4,DS Juv = 0.3,CAN-NNE,35378567.7311381,12264067.85,67765835.85,404
0.8,0.4,DS Juv = 0.3,MAT,26238019.1203455,6392781.8,53381712.275,654
0.8,0.4,DS Juv = 0.3,MNE,10404.9642857143,0.675,67827.3,28
0.8,0.4,DS Juv = 0.3,SAT,29980221.0692557,7560071.675,58756214.7,453
0.8,0.4,DS Juv = 0.3,SNE,216214.085714286,3248.65,562189.2,35
0.8,0.4,DS Juv = 0.4,CAN-NNE,36421928.9273193,12143352.55,70793222.35,371
0.8,0.4,DS Juv = 0.4,MAT,27281492.5957771,6758330.25,55319919.175,581
0.8,0.4,DS Juv = 0.4,MNE,16259.1034482759,5.8,78414.2,29
0.8,0.4,DS Juv = 0.4,SAT,33294669.4164445,8013169.675,65776660.95,476
0.8,0.4,DS Juv = 0.4,SNE,296601.25,3089.875,631954.625,36
0.8,0.4,DS Juv = 0.5,CAN-NNE,37827084.9384192,11820546.325,70016015.975,398
0.8,0.4,DS Juv = 0.5,MAT,30072633.3560285,7925660.25,57553729.2,620
0.8,0.4,DS Juv = 0.5,MNE,58407,49.85,203128.35,40
0.8,0.4,DS Juv = 0.5,SAT,35282158.7167746,9211728.85,63699329.825,429
0.8,0.4,DS Juv = 0.5,SNE,295396.235294118,15671,645526.4,17
0.8,0.4,DS Juv = 0.6,CAN-NNE,36629568.840192,13784609,70671317.925,375
0.8,0.4,DS Juv = 0.6,MAT,30857302.8686575,8386852.45,58429383.725,571
0.8,0.4,DS Juv = 0.6,MNE,93994.2162162162,16.2,246181.3,37
0.8,0.4,DS Juv = 0.6,SAT,35047956.4328616,9514775.675,64613376.6,450
0.8,0.4,DS Juv = 0.6,SNE,380241.6875,48237.45,646045.675,32
0.8,0.4,DS Juv = 0.7,CAN-NNE,40806838.5818279,12925834.4,74468669.95,418
0.8,0.4,DS Juv = 0.7,MAT,32221529.4208131,8225575.325,61589967.875,570
0.8,0.4,DS Juv = 0.7,MNE,172820.722222222,2414.75,383000.25,36
0.8,0.4,DS Juv = 0.7,SAT,37890606.9709112,10811590.925,73342495.375,419
0.8,0.4,DS Juv = 0.7,SNE,292389.125,12889.575,704137.774999999,32
0.8,0.4,DS Juv = 0.8,CAN-NNE,43733523.1315743,15227040.175,78819007.225,385
0.8,0.4,DS Juv = 0.8,MAT,36954101.290102,9578465.275,71770080.9,616
0.8,0.4,DS Juv = 0.8,MNE,207827,2786.875,564333.3,38
0.8,0.4,DS Juv = 0.8,SAT,37744468.780484,10506755.1,72280583.3,385
0.8,0.4,DS Juv = 0.8,SNE,447881.103448276,9143.9,950880.7,29
0.8,0.4,DS Juv = 0.9,CAN-NNE,42122116.1267485,14390513.675,83686099,386
0.8,0.4,DS Juv = 0.9,MAT,42210239.9120335,12033474.35,79106333.35,623
0.8,0.4,DS Juv = 0.9,MNE,344073.615384615,54476,719034.875,26
0.8,0.4,DS Juv = 0.9,SAT,40889045.473185,11632110.25,82795953.65,439
0.8,0.4,DS Juv = 0.9,SNE,509711.074074074,94695.8,1040878.7,27
0.8,0.4,DS Juv = 1,CAN-NNE,44792463.703457,16294518.85,80750258.475,391
0.8,0.4,DS Juv = 1,MAT,43151883.5387323,12123814.125,84415106,607
0.8,0.4,DS Juv = 1,MNE,439570.590909091,96627.275,927318.125,22
0.8,0.4,DS Juv = 1,SAT,42623318.1933589,11687991.85,79564694.375,422
0.8,0.4,DS Juv = 1,SNE,562858.130434783,107198.3,1063943.2,23
0.8,0.5,DS Juv = 0,CAN-NNE,38227331.4080643,13071257.575,72510037.75,363
0.8,0.5,DS Juv = 0,MAT,25656071.5786835,5926075.725,51754437.525,623
0.8,0.5,DS Juv = 0,MNE,95.375,0,619.85,24
0.8,0.5,DS Juv = 0,SAT,29769175.722461,9135781,59279898.425,420
0.8,0.5,DS Juv = 0,SNE,213612.25,7227.15,454566.975,32
0.8,0.5,DS Juv = 0.1,CAN-NNE,34425218.7562748,13075481.4,64543096.175,414
0.8,0.5,DS Juv = 0.1,MAT,24699357.5172652,5682469.125,51052516.075,601
0.8,0.5,DS Juv = 0.1,MNE,1374.09090909091,0,11389.2,33
0.8,0.5,DS Juv = 0.1,SAT,32475665.7408394,7587936.55,64329485.175,410
0.8,0.5,DS Juv = 0.1,SNE,207149.25,523.825,614675.075,32
0.8,0.5,DS Juv = 0.2,CAN-NNE,38307490.103247,13710421.175,72063461.55,396
0.8,0.5,DS Juv = 0.2,MAT,25052242.2394787,6758803.175,54322810.425,580
0.8,0.5,DS Juv = 0.2,MNE,4428.32,0,18322.6,25
0.8,0.5,DS Juv = 0.2,SAT,32561257.256776,9127507.375,63120025.65,430
0.8,0.5,DS Juv = 0.2,SNE,251769.230769231,4140.625,560045,26
0.8,0.5,DS Juv = 0.3,CAN-NNE,35727479.8206106,13781353.65,68551782.25,384
0.8,0.5,DS Juv = 0.3,MAT,28433721.2819932,5783605.65,54392869.725,599
0.8,0.5,DS Juv = 0.3,MNE,8515.66666666667,0,43962,33
0.8,0.5,DS Juv = 0.3,SAT,33346926.5804946,9663852.825,64839298.675,421
0.8,0.5,DS Juv = 0.3,SNE,269953.447368421,9624.425,643622.574999999,38
0.8,0.5,DS Juv = 0.4,CAN-NNE,38335966.5490825,13242435.5,70362327.05,408
0.8,0.5,DS Juv = 0.4,MAT,29871443.3425282,7794449.75,56804810.525,616
0.8,0.5,DS Juv = 0.4,MNE,35333.0731707317,4,125011,41
0.8,0.5,DS Juv = 0.4,SAT,33405859.6631675,8252512.6,65365771.85,407
0.8,0.5,DS Juv = 0.4,SNE,291306.2,9099.575,740321.425,30
0.8,0.5,DS Juv = 0.5,CAN-NNE,38348449.1058203,12547219.75,74812372.75,370
0.8,0.5,DS Juv = 0.5,MAT,30327022.9799196,8463423.825,58600324.8,618
0.8,0.5,DS Juv = 0.5,MNE,41801.5142857143,51.6,159864.85,35
0.8,0.5,DS Juv = 0.5,SAT,35535395.2931052,11295486.35,69207140.2,412
0.8,0.5,DS Juv = 0.5,SNE,275526.75,21883.025,732359.375,28
0.8,0.5,DS Juv = 0.6,CAN-NNE,38230812.076294,12954959.025,71185789.225,423
0.8,0.5,DS Juv = 0.6,MAT,31214269.2743937,9066548.325,61332875.675,628
0.8,0.5,DS Juv = 0.6,MNE,114709.714285714,288.2,252236.95,35
0.8,0.5,DS Juv = 0.6,SAT,34943214.5234867,8482308.475,69941791.9,422
0.8,0.5,DS Juv = 0.6,SNE,382010.588235294,64763.275,724748.875,34
0.8,0.5,DS Juv = 0.7,CAN-NNE,39124580.0900991,14613912.8,77075782.875,395
0.8,0.5,DS Juv = 0.7,MAT,33331217.3698151,8615166.675,68523276.35,624
0.8,0.5,DS Juv = 0.7,MNE,181707.62962963,5735.65,430305.6,27
0.8,0.5,DS Juv = 0.7,SAT,38051030.7386195,12093996.275,74370368.575,420
0.8,0.5,DS Juv = 0.7,SNE,410087.466666667,70536.9,931637.75,30
0.8,0.5,DS Juv = 0.8,CAN-NNE,39886962.5414337,13915677.575,77787864.85,393
0.8,0.5,DS Juv = 0.8,MAT,36924329.800366,10292088.225,73161135.95,625
0.8,0.5,DS Juv = 0.8,MNE,331347.88,4915,687639.8,25
0.8,0.5,DS Juv = 0.8,SAT,38948036.2240083,11936721,77350128.675,421
0.8,0.5,DS Juv = 0.8,SNE,400617.84375,18417.275,911910.25,32
0.8,0.5,DS Juv = 0.9,CAN-NNE,43821966.3072561,15148960.85,81410004.25,401
0.8,0.5,DS Juv = 0.9,MAT,40908614.6559901,11130193.725,79095384.325,641
0.8,0.5,DS Juv = 0.9,MNE,407178.125,52668.275,887157.425,32
0.8,0.5,DS Juv = 0.9,SAT,40829867.2514477,12475152.425,76495657.85,398
0.8,0.5,DS Juv = 0.9,SNE,492709.516129032,45134,919038.25,31
0.8,0.5,DS Juv = 1,CAN-NNE,41532423.9635594,13690040.625,83809330.575,382
0.8,0.5,DS Juv = 1,MAT,44104489.3094448,13583242,90617188.1,630
0.8,0.5,DS Juv = 1,MNE,521560.137931034,215791.2,964433.5,29
0.8,0.5,DS Juv = 1,SAT,41533619.1203288,12137996.075,80503101,403
0.8,0.5,DS Juv = 1,SNE,616589.541666667,168242.975,1040808.975,24
0.8,0.6,DS Juv = 0,CAN-NNE,39698093.9861142,13080341.025,72745249.325,404
0.8,0.6,DS Juv = 0,MAT,25562856.0118397,6089043.5,55157350.95,631
0.8,0.6,DS Juv = 0,MNE,364.866666666667,0,2549.925,30
0.8,0.6,DS Juv = 0,SAT,28754132.9639583,8118744.625,60029928.4,437
0.8,0.6,DS Juv = 0,SNE,227983.878787879,3939,587837.200000001,33
0.8,0.6,DS Juv = 0.1,CAN-NNE,38022005.5925567,12006286.6,67056000.875,387
0.8,0.6,DS Juv = 0.1,MAT,27047654.3334371,6922580.725,52924719.35,613
0.8,0.6,DS Juv = 0.1,MNE,1628.55882352941,0,10287.575,34
0.8,0.6,DS Juv = 0.1,SAT,31396098.9668951,8860703.85,60647958.925,431
0.8,0.6,DS Juv = 0.1,SNE,275574.392857143,4299.85,815332.175,28
0.8,0.6,DS Juv = 0.2,CAN-NNE,39524306.5676001,12004841.55,73477103.05,374
0.8,0.6,DS Juv = 0.2,MAT,26457369.4570893,7186891.675,53000791.975,627
0.8,0.6,DS Juv = 0.2,MNE,8106.93548387097,0,43318.25,31
0.8,0.6,DS Juv = 0.2,SAT,31136285.0096915,7933393.075,60121403.725,403
0.8,0.6,DS Juv = 0.2,SNE,275033.269230769,18476.75,714205.375,26
0.8,0.6,DS Juv = 0.3,CAN-NNE,39019981.7843894,14089676.925,66591961.35,420
0.8,0.6,DS Juv = 0.3,MAT,28575628.9390772,7497024.3,58791590.975,620
0.8,0.6,DS Juv = 0.3,MNE,12025.1304347826,0,57494.8,23
0.8,0.6,DS Juv = 0.3,SAT,32302746.9130423,9220579.825,63777106.325,443
0.8,0.6,DS Juv = 0.3,SNE,319439.88,42145.6,645385,25
0.8,0.6,DS Juv = 0.4,CAN-NNE,38458706.7978182,13341703.75,71747248.45,414
0.8,0.6,DS Juv = 0.4,MAT,29734939.5710431,7682252.8,60004733.95,653
0.8,0.6,DS Juv = 0.4,MNE,29522.7608695652,12.375,131106.375,46
0.8,0.6,DS Juv = 0.4,SAT,33318475.6281737,8312937.55,65317113.875,440
0.8,0.6,DS Juv = 0.4,SNE,331690.787878788,16485.4,695229,33
0.8,0.6,DS Juv = 0.5,CAN-NNE,37840461.960266,12677465.275,68215796.95,376
0.8,0.6,DS Juv = 0.5,MAT,30800875.905172,8821608.95,60515749.5,585
0.8,0.6,DS Juv = 0.5,MNE,59990.7941176471,49.775,255917.7,34
0.8,0.6,DS Juv = 0.5,SAT,34967533.8544977,9305449.65,70280195.25,458
0.8,0.6,DS Juv = 0.5,SNE,375710.6,51270.4,786446.6,25
0.8,0.6,DS Juv = 0.6,CAN-NNE,39371216.8174713,12843570.075,73339067.7,404
0.8,0.6,DS Juv = 0.6,MAT,32609659.0473091,8793964.875,64685746.925,631
0.8,0.6,DS Juv = 0.6,MNE,130392.607142857,899.65,311633.9,28
0.8,0.6,DS Juv = 0.6,SAT,34499755.4144694,9582228.375,67864830.65,447
0.8,0.6,DS Juv = 0.6,SNE,370328.666666667,33053.625,740036.55,24
0.8,0.6,DS Juv = 0.7,CAN-NNE,40089851.1496403,13011334.875,73895222.775,387
0.8,0.6,DS Juv = 0.7,MAT,36002254.0541088,8987571.925,70939356.45,628
0.8,0.6,DS Juv = 0.7,MNE,213270.147058824,3880.175,454416.575,34
0.8,0.6,DS Juv = 0.7,SAT,37145541.0909456,12188089.5,70790357,430
0.8,0.6,DS Juv = 0.7,SNE,351208.965517241,7143.2,806370.3,29
0.8,0.6,DS Juv = 0.8,CAN-NNE,41179875.1416963,14490746.25,75624154.425,422
0.8,0.6,DS Juv = 0.8,MAT,37478001.0139644,10709341.3,74183053.55,556
0.8,0.6,DS Juv = 0.8,MNE,285993.125,15461.875,605636.025,32
0.8,0.6,DS Juv = 0.8,SAT,40977090.1611797,11920024.925,77856070.925,412
0.8,0.6,DS Juv = 0.8,SNE,424529.272727273,39660,842533,33
0.8,0.6,DS Juv = 0.9,CAN-NNE,42579901.6949639,14440664.725,82853913.425,401
0.8,0.6,DS Juv = 0.9,MAT,41471409.6856541,11711860.25,82821189.35,631
0.8,0.6,DS Juv = 0.9,MNE,428532.04,49332.4,814541.8,25
0.8,0.6,DS Juv = 0.9,SAT,41420403.4061994,13553785.9,79193454.9,458
0.8,0.6,DS Juv = 0.9,SNE,498093.666666667,103130.625,966198.65,24
0.8,0.6,DS Juv = 1,CAN-NNE,45425587.2777522,15368653.85,82014399.775,425
0.8,0.6,DS Juv = 1,MAT,47157115.1364618,14482481.65,92974801.625,581
0.8,0.6,DS Juv = 1,MNE,610638.9375,137989.075,1241654.675,32
0.8,0.6,DS Juv = 1,SAT,44568302.8211564,13441302.2,82575588.625,462
0.8,0.6,DS Juv = 1,SNE,613473.2,188306.5,1252993.05,30
0.8,0.7,DS Juv = 0,CAN-NNE,38155314.3290041,14096508.65,70843113.675,396
0.8,0.7,DS Juv = 0,MAT,27217185.8016218,6323343.75,53871219.975,579
0.8,0.7,DS Juv = 0,MNE,1113.16129032258,0,8148.25,31
0.8,0.7,DS Juv = 0,SAT,33607933.3901436,6887027.525,64363414.35,453
0.8,0.7,DS Juv = 0,SNE,275756,10871.875,666349.3,28
0.8,0.7,DS Juv = 0.1,CAN-NNE,34883084.1469313,12409666.15,65367996.025,393
0.8,0.7,DS Juv = 0.1,MAT,27193698.8235112,7498905.6,55403855.875,602
0.8,0.7,DS Juv = 0.1,MNE,1945.42857142857,0,10129.9,28
0.8,0.7,DS Juv = 0.1,SAT,32662016.4449368,9160603.925,60988531.15,434
0.8,0.7,DS Juv = 0.1,SNE,230377.535714286,2353.85,659422.65,28
0.8,0.7,DS Juv = 0.2,CAN-NNE,35699154.9620735,13056188.5,73176324,377
0.8,0.7,DS Juv = 0.2,MAT,29876752.626932,7686979.2,56058508.875,610
0.8,0.7,DS Juv = 0.2,MNE,4367.38709677419,1.5,25262,31
0.8,0.7,DS Juv = 0.2,SAT,31688796.446658,7078961.45,62288884.025,448
0.8,0.7,DS Juv = 0.2,SNE,338556.884615385,17332.625,699501.5,26
0.8,0.7,DS Juv = 0.3,CAN-NNE,39556742.5260938,15031605.475,74125379.975,395
0.8,0.7,DS Juv = 0.3,MAT,29736047.1962359,6711989.45,58364788.6,656
0.8,0.7,DS Juv = 0.3,MNE,20957.2083333333,0.575,101485.7,24
0.8,0.7,DS Juv = 0.3,SAT,32419478.7259913,9238195.45,66046678.575,439
0.8,0.7,DS Juv = 0.3,SNE,287763.678571429,9015.875,710122.7,28
0.8,0.7,DS Juv = 0.4,CAN-NNE,36871359.0045308,12906752.925,70013226.3,412
0.8,0.7,DS Juv = 0.4,MAT,29485442.1841043,7281141.725,58286152.625,650
0.8,0.7,DS Juv = 0.4,MNE,42213.0256410256,2,201687.3,39
0.8,0.7,DS Juv = 0.4,SAT,36076313.5285216,10079938.875,69200345.025,458
0.8,0.7,DS Juv = 0.4,SNE,397590.291666667,9399.95,755549.175,24
0.8,0.7,DS Juv = 0.5,CAN-NNE,39263770.8795826,11852881.4,74411710.125,438
0.8,0.7,DS Juv = 0.5,MAT,32070629.5989612,9649674.75,61981444.675,632
0.8,0.7,DS Juv = 0.5,MNE,81574.7567567568,117.9,274989,37
0.8,0.7,DS Juv = 0.5,SAT,37985126.8676967,10685614.975,66806031.925,428
0.8,0.7,DS Juv = 0.5,SNE,380772.896551724,36291.4,717319.9,29
0.8,0.7,DS Juv = 0.6,CAN-NNE,37730797.0373231,12631956.5,72694158.475,382
0.8,0.7,DS Juv = 0.6,MAT,33188835.8883504,8978886.725,66204526.85,630
0.8,0.7,DS Juv = 0.6,MNE,128707.548387097,177,346936.5,31
0.8,0.7,DS Juv = 0.6,SAT,37763141.2109972,11591347.525,75677246.15,420
0.8,0.7,DS Juv = 0.6,SNE,518613.541666667,58127.125,886959.725,24
0.8,0.7,DS Juv = 0.7,CAN-NNE,38816045.2814059,14113990.875,68988106.675,403
0.8,0.7,DS Juv = 0.7,MAT,36350010.5628081,10578460.075,70547413.1,579
0.8,0.7,DS Juv = 0.7,MNE,182822.571428571,6047.3,441252.15,28
0.8,0.7,DS Juv = 0.7,SAT,39687235.143258,10262137.7,74300419.525,449
0.8,0.7,DS Juv = 0.7,SNE,424751.696969697,79953.8,914720,33
0.8,0.7,DS Juv = 0.8,CAN-NNE,42320430.77833,13897483.625,86110020.475,378
0.8,0.7,DS Juv = 0.8,MAT,38520674.2379819,10772505.975,77463747.4,631
0.8,0.7,DS Juv = 0.8,MNE,250894.696969697,38390.6,592747,33
0.8,0.7,DS Juv = 0.8,SAT,37984811.6237071,11448484.95,75852906.5,425
0.8,0.7,DS Juv = 0.8,SNE,470804.275862069,36722.7,1070994.6,29
0.8,0.7,DS Juv = 0.9,CAN-NNE,41578669.7972828,15319421.375,78135012.075,400
0.8,0.7,DS Juv = 0.9,MAT,45484665.7307002,13395435.675,85808876.925,621
0.8,0.7,DS Juv = 0.9,MNE,547564.870967742,62089.25,1181543.5,31
0.8,0.7,DS Juv = 0.9,SAT,43896870.9108664,13671968.325,79274416.875,394
0.8,0.7,DS Juv = 0.9,SNE,527662.9375,92630.3,1221110.175,32
0.8,0.7,DS Juv = 1,CAN-NNE,44031890.1961643,15279211.85,83248280.525,408
0.8,0.7,DS Juv = 1,MAT,49140161.1179181,14932990.95,95179869.45,566
0.8,0.7,DS Juv = 1,MNE,679777.666666667,117307.325,1130746.475,30
0.8,0.7,DS Juv = 1,SAT,45790654.41558,15074895.6,85181699.5,423
0.8,0.7,DS Juv = 1,SNE,628139.441176471,129163.825,1278874.15,34
0.8,0.8,DS Juv = 0,CAN-NNE,36066380.2091054,13162246.8,66196250.5,419
0.8,0.8,DS Juv = 0,MAT,29234039.0394038,7260482.225,55431114.225,596
0.8,0.8,DS Juv = 0,MNE,1334.78378378378,0,13300.4,37
0.8,0.8,DS Juv = 0,SAT,32487173.6763183,8400526.25,62886380.975,414
0.8,0.8,DS Juv = 0,SNE,211832.404761905,1299.775,643860.275,42
0.8,0.8,DS Juv = 0.1,CAN-NNE,35479072.2638875,12602489.95,65236956.4,404
0.8,0.8,DS Juv = 0.1,MAT,27819140.3255824,7554404.65,55665259.975,609
0.8,0.8,DS Juv = 0.1,MNE,4037.16129032258,0,28723.25,31
0.8,0.8,DS Juv = 0.1,SAT,31564056.3019198,7978364.2,61595339.075,428
0.8,0.8,DS Juv = 0.1,SNE,193731.5,4700.9,494187.625,32
0.8,0.8,DS Juv = 0.2,CAN-NNE,36688176.8047024,12709399.25,66582537.925,384
0.8,0.8,DS Juv = 0.2,MAT,30946260.9442328,7641619.825,58352724.575,643
0.8,0.8,DS Juv = 0.2,MNE,12366.0285714286,0,72101.9,35
0.8,0.8,DS Juv = 0.2,SAT,34297269.8631917,9775174.5,65290223.65,435
0.8,0.8,DS Juv = 0.2,SNE,331956.36,14399.4,699216,25
0.8,0.8,DS Juv = 0.3,CAN-NNE,40137569.5816844,14443424,74608797.25,378
0.8,0.8,DS Juv = 0.3,MAT,31409866.7486707,8574886.9,61817354.775,604
0.8,0.8,DS Juv = 0.3,MNE,33115.0869565217,12.125,134284.125,46
0.8,0.8,DS Juv = 0.3,SAT,36592415.4969099,9909712.5,69746312.75,426
0.8,0.8,DS Juv = 0.3,SNE,315130.921052632,17289.625,664210.725,38
0.8,0.8,DS Juv = 0.4,CAN-NNE,37416915.5064426,13819767.55,71237368.85,400
0.8,0.8,DS Juv = 0.4,MAT,33310640.0690408,8470001.175,62591132.425,585
0.8,0.8,DS Juv = 0.4,MNE,45404.8378378378,12.6,174486.9,37
0.8,0.8,DS Juv = 0.4,SAT,38210889.8244605,8726555.325,71328896.925,419
0.8,0.8,DS Juv = 0.4,SNE,385761.714285714,35602.25,976601.55,28
0.8,0.8,DS Juv = 0.5,CAN-NNE,38233403.622974,12757177.95,72511110.15,417
0.8,0.8,DS Juv = 0.5,MAT,34021568.3381329,9280027.9,67180454.6,628
0.8,0.8,DS Juv = 0.5,MNE,67449.5,49.35,204297.275,28
0.8,0.8,DS Juv = 0.5,SAT,37688444.4263591,10668289,71264238.2,404
0.8,0.8,DS Juv = 0.5,SNE,369827.56,62421.2,685877.8,25
0.8,0.8,DS Juv = 0.6,CAN-NNE,37574713.9079654,13197562.3,75098519.5,413
0.8,0.8,DS Juv = 0.6,MAT,35380675.9266937,9625730.375,73258990.45,607
0.8,0.8,DS Juv = 0.6,MNE,172848.935483871,4219.5,428780,31
0.8,0.8,DS Juv = 0.6,SAT,38243926.3047197,11472265.75,75565999.45,423
0.8,0.8,DS Juv = 0.6,SNE,453244.441176471,67671.575,994312.675,34
0.8,0.8,DS Juv = 0.7,CAN-NNE,38721902.9760259,13350669.1,74557487.25,392
0.8,0.8,DS Juv = 0.7,MAT,41315991.9179743,11996646.45,77045826.675,633
0.8,0.8,DS Juv = 0.7,MNE,221608.166666667,5575.2,525917.55,42
0.8,0.8,DS Juv = 0.7,SAT,40017813.6141936,11692897.4,76509352.2,437
0.8,0.8,DS Juv = 0.7,SNE,479151.846153846,31510.625,1042495.25,26
0.8,0.8,DS Juv = 0.8,CAN-NNE,40779529.3007388,14498070.425,77789346.6,392
0.8,0.8,DS Juv = 0.8,MAT,43005670.7259817,13704625.675,78577137.7,615
0.8,0.8,DS Juv = 0.8,MNE,310040.769230769,35930.125,617461.5,26
0.8,0.8,DS Juv = 0.8,SAT,42302326.3537951,13055420.725,82782524.45,415
0.8,0.8,DS Juv = 0.8,SNE,518424.657142857,102688.7,1105233.1,35
0.8,0.8,DS Juv = 0.9,CAN-NNE,43164554.64686,15468016.7,82976549.35,404
0.8,0.8,DS Juv = 0.9,MAT,48430387.0712291,13338872.475,94692283.8,596
0.8,0.8,DS Juv = 0.9,MNE,506030.576923077,69292.25,1058764.125,26
0.8,0.8,DS Juv = 0.9,SAT,43146040.3517283,13918793.125,82963534.725,453
0.8,0.8,DS Juv = 0.9,SNE,483766.153846154,124771,1050170.125,26
0.8,0.8,DS Juv = 1,CAN-NNE,44376877.3352288,15342854.8,83721178.975,401
0.8,0.8,DS Juv = 1,MAT,54347588.0113674,17205746.475,103279428.525,680
0.8,0.8,DS Juv = 1,MNE,645086.777777778,157620.55,1208526.05,27
0.8,0.8,DS Juv = 1,SAT,48294352.8135787,15032920.775,88229418.95,451
0.8,0.8,DS Juv = 1,SNE,595115,163058,1133334.6,33
0.8,0.9,DS Juv = 0,CAN-NNE,37548563.4821823,10661130.725,71626823.625,412
0.8,0.9,DS Juv = 0,MAT,29070912.5853474,7650221.75,57426640.2,648
0.8,0.9,DS Juv = 0,MNE,4833.11904761905,0,32275.525,42
0.8,0.9,DS Juv = 0,SAT,33498568.7561224,8003436.825,67432607.7,446
0.8,0.9,DS Juv = 0,SNE,331827.565217391,5413.55,710157.55,23
0.8,0.9,DS Juv = 0.1,CAN-NNE,39202411.4924392,12538478.625,71294205.25,400
0.8,0.9,DS Juv = 0.1,MAT,30844384.0484114,8116792.175,61508707.95,654
0.8,0.9,DS Juv = 0.1,MNE,6869,0,40224.8,37
0.8,0.9,DS Juv = 0.1,SAT,34576177.0556117,10187207.4,69159341.625,458
0.8,0.9,DS Juv = 0.1,SNE,305191,20610,758021.4,33
0.8,0.9,DS Juv = 0.2,CAN-NNE,37569779.3854604,12867839.8,68751176.425,416
0.8,0.9,DS Juv = 0.2,MAT,33378003.4745063,8460121.475,64598330.65,658
0.8,0.9,DS Juv = 0.2,MNE,22867.8409090909,7,96528.8,44
0.8,0.9,DS Juv = 0.2,SAT,35296433.7312843,9913424.375,66722001.85,444
0.8,0.9,DS Juv = 0.2,SNE,356290.355555556,5953.3,820413.2,45
0.8,0.9,DS Juv = 0.3,CAN-NNE,38788679.7075746,13194800.35,71913818.575,409
0.8,0.9,DS Juv = 0.3,MAT,31274384.2850824,8086967.175,65755781.675,586
0.8,0.9,DS Juv = 0.3,MNE,39712.4444444444,8.45,168222.95,27
0.8,0.9,DS Juv = 0.3,SAT,36462280.8742888,10475110.275,71610603.275,440
0.8,0.9,DS Juv = 0.3,SNE,383874.233333333,34945.25,688360.05,30
0.8,0.9,DS Juv = 0.4,CAN-NNE,38902168.2338116,12593456.05,74903259.85,431
0.8,0.9,DS Juv = 0.4,MAT,33702976.1271192,9792847.65,66143242.375,594
0.8,0.9,DS Juv = 0.4,MNE,57487.6296296296,141.65,220995.25,27
0.8,0.9,DS Juv = 0.4,SAT,35433187.2863602,9918035.6,68129106.8,396
0.8,0.9,DS Juv = 0.4,SNE,342971.948717949,43005.4,825481.15,39
0.8,0.9,DS Juv = 0.5,CAN-NNE,42893996.7621313,13614515.45,77783087.6,353
0.8,0.9,DS Juv = 0.5,MAT,36644016.6656982,10097381.4,69616018.475,610
0.8,0.9,DS Juv = 0.5,MNE,136302.448275862,2428.1,323582.7,29
0.8,0.9,DS Juv = 0.5,SAT,38078336.892692,10608637.65,70113952.125,389
0.8,0.9,DS Juv = 0.5,SNE,347000.5,62525.625,818112.25,26
0.8,0.9,DS Juv = 0.6,CAN-NNE,41777834.4295579,13426221.875,78428597.675,396
0.8,0.9,DS Juv = 0.6,MAT,39550569.8234351,10142749.875,75811320.225,625
0.8,0.9,DS Juv = 0.6,MNE,166846.277777778,11403.325,378123.05,18
0.8,0.9,DS Juv = 0.6,SAT,39886563.4265867,12730964.4,76024718.525,422
0.8,0.9,DS Juv = 0.6,SNE,456234.513513513,78960.5,993842.1,37
0.8,0.9,DS Juv = 0.7,CAN-NNE,37585855.0682131,13393539.4,69736179.9,394
0.8,0.9,DS Juv = 0.7,MAT,41305922.9708316,11661812.625,83141352.35,642
0.8,0.9,DS Juv = 0.7,MNE,290542.612903226,17216.25,699757,31
0.8,0.9,DS Juv = 0.7,SAT,41150511.4060305,10905715.975,80785741.1,365
0.8,0.9,DS Juv = 0.7,SNE,505416.76,17624.8,1276431,25
0.8,0.9,DS Juv = 0.8,CAN-NNE,43683626.4065349,16417830.45,78930891.1,370
0.8,0.9,DS Juv = 0.8,MAT,45415016.7475634,12956739.725,88524186.075,642
0.8,0.9,DS Juv = 0.8,MNE,506866.382352941,70338.5,1076182.65,34
0.8,0.9,DS Juv = 0.8,SAT,47036672.9013408,14732720.85,87821867.85,458
0.8,0.9,DS Juv = 0.8,SNE,562311.206896552,99970.3,1164516.1,29
0.8,0.9,DS Juv = 0.9,CAN-NNE,47107154.9641532,16033223.8,84124884.875,411
0.8,0.9,DS Juv = 0.9,MAT,51242088.0812672,15764959.225,94890686.45,642
0.8,0.9,DS Juv = 0.9,MNE,562303.361111111,121093.875,1432893.375,36
0.8,0.9,DS Juv = 0.9,SAT,46649837.8772089,14701061.675,88318670.625,419
0.8,0.9,DS Juv = 0.9,SNE,634084.111111111,138329.05,1519735.2,27
0.8,0.9,DS Juv = 1,CAN-NNE,46479245.6097332,15890455.25,90118605.9,411
0.8,0.9,DS Juv = 1,MAT,60234868.5987484,20345349.95,108035407.325,624
0.8,0.9,DS Juv = 1,MNE,766563.425,283909.75,1623164.625,40
0.8,0.9,DS Juv = 1,SAT,50333831.2200649,17153535.6,89427902.975,388
0.8,0.9,DS Juv = 1,SNE,746123.047619048,157967.475,1479927.975,42
0.8,1,DS Juv = 0,CAN-NNE,37662956.8172475,13852810.85,72386759.525,429
0.8,1,DS Juv = 0,MAT,34176707.7988546,8294507.325,65195281.05,662
0.8,1,DS Juv = 0,MNE,10412.3125,0,67667.275,32
0.8,1,DS Juv = 0,SAT,33074105.2894997,9275875.025,63345690.025,427
0.8,1,DS Juv = 0,SNE,323845.620689655,41448.9,715066,29
0.8,1,DS Juv = 0.1,CAN-NNE,40127917.1566222,14236465.425,71415474.45,387
0.8,1,DS Juv = 0.1,MAT,32781706.0374382,8966294.275,64482074.7,606
0.8,1,DS Juv = 0.1,MNE,29553.724137931,12.6,128846.1,29
0.8,1,DS Juv = 0.1,SAT,34758631.3947548,9113925.775,67804419.275,448
0.8,1,DS Juv = 0.1,SNE,346785.633333333,7438.325,857351.625,30
0.8,1,DS Juv = 0.2,CAN-NNE,37283336.0160626,13718458.525,72489553.9,420
0.8,1,DS Juv = 0.2,MAT,35045929.9571943,10520594.375,66930783.775,585
0.8,1,DS Juv = 0.2,MNE,41642.5151515152,67.8,131753,33
0.8,1,DS Juv = 0.2,SAT,35167997.8545671,10600423.05,69530533.8,426
0.8,1,DS Juv = 0.2,SNE,412791.85,69680.725,882970.275,40
0.8,1,DS Juv = 0.3,CAN-NNE,39487694.4595536,12788251.85,69049926.425,406
0.8,1,DS Juv = 0.3,MAT,36304384.629018,10585947.15,70805061.825,590
0.8,1,DS Juv = 0.3,MNE,72431.0263157895,183.25,234789.975,38
0.8,1,DS Juv = 0.3,SAT,36150458.8100515,9265582.95,74208612.15,428
0.8,1,DS Juv = 0.3,SNE,441716.620689655,75641.7,805512.5,29
0.8,1,DS Juv = 0.4,CAN-NNE,37763091.015471,13267193.875,75264910.025,392
0.8,1,DS Juv = 0.4,MAT,39383681.7144125,11254826.25,75153592.125,601
0.8,1,DS Juv = 0.4,MNE,129693.157894737,1914.05,369628.65,19
0.8,1,DS Juv = 0.4,SAT,36827188.9991716,10246525.375,73846089.225,430
0.8,1,DS Juv = 0.4,SNE,397414.857142857,28494.15,885948.95,35
0.8,1,DS Juv = 0.5,CAN-NNE,40202393.3210205,13137171.225,74750882.725,407
0.8,1,DS Juv = 0.5,MAT,39639506.4618781,12595387.475,75237981.5,616
0.8,1,DS Juv = 0.5,MNE,188348.333333333,9073.925,472882.8,30
0.8,1,DS Juv = 0.5,SAT,40177201.6805047,11646335.6,81433992.375,394
0.8,1,DS Juv = 0.5,SNE,425264.72972973,51870.4,944410.8,37
0.8,1,DS Juv = 0.6,CAN-NNE,45455324.4786769,14414662.3,80122031.7,424
0.8,1,DS Juv = 0.6,MAT,43702599.2429878,13122524.725,82628703.125,613
0.8,1,DS Juv = 0.6,MNE,305265.826086957,50032.9,688711,23
0.8,1,DS Juv = 0.6,SAT,41293190.3392298,13104132.175,78959600.75,403
0.8,1,DS Juv = 0.6,SNE,446905.821428571,64405.025,1138558.75,28
0.8,1,DS Juv = 0.7,CAN-NNE,40249210.3895521,14324937.05,76253129.325,383
0.8,1,DS Juv = 0.7,MAT,47403222.6954772,14087583.525,89392642.625,578
0.8,1,DS Juv = 0.7,MNE,381448.45,54461.8,849153.1,40
0.8,1,DS Juv = 0.7,SAT,42204562.9540639,12674015.05,83224727.15,477
0.8,1,DS Juv = 0.7,SNE,673472.357142857,132361.075,1191284.1,28
0.8,1,DS Juv = 0.8,CAN-NNE,45488149.2780286,16086323.6,84746091.125,404
0.8,1,DS Juv = 0.8,MAT,50284980.7501024,16351131.45,97143746.15,645
0.8,1,DS Juv = 0.8,MNE,477010.347826087,115882.3,1091543.95,23
0.8,1,DS Juv = 0.8,SAT,44414710.5913363,13919243.4,86959641.5,411
0.8,1,DS Juv = 0.8,SNE,555031.703703704,138253.45,1239269.9,27
0.8,1,DS Juv = 0.9,CAN-NNE,49313822.9301978,16142409.775,92712650.725,398
0.8,1,DS Juv = 0.9,MAT,56500267.9645392,18677392.275,107097334.25,616
0.8,1,DS Juv = 0.9,MNE,813692.069767442,181415.65,1618765.05,43
0.8,1,DS Juv = 0.9,SAT,48465778.4975306,15164258.6,91528915.725,443
0.8,1,DS Juv = 0.9,SNE,610217.483870968,121024.25,1238286.5,31
0.8,1,DS Juv = 1,CAN-NNE,47666947.0369045,16810788.6,94627818.9,384
0.8,1,DS Juv = 1,MAT,64011214.4881042,20416990.8,118274947.6,642
0.8,1,DS Juv = 1,MNE,1102501.5,339097.625,2148484.75,32
0.8,1,DS Juv = 1,SAT,50521437.3571898,16830632.4,93564640.825,430
0.8,1,DS Juv = 1,SNE,852327.125,192632.05,1661911.575,24
0.9,0,DS Juv = 0,CAN-NNE,33728237.7201006,11762352.075,62478458.525,403
0.9,0,DS Juv = 0,MAT,22313007.4987136,5551165.075,43090117.8,618
0.9,0,DS Juv = 0,MNE,5.93939393939394,0,45.2000000000002,33
0.9,0,DS Juv = 0,SAT,25896808.769691,6640002.8,52113949.325,414
0.9,0,DS Juv = 0,SNE,137230.043478261,179.1,412912.55,23
0.9,0,DS Juv = 0.1,CAN-NNE,30745836.0708882,11003106.275,64753873.725,366
0.9,0,DS Juv = 0.1,MAT,22101307.0979107,4714294.275,45282046.725,610
0.9,0,DS Juv = 0.1,MNE,11.45,0,70.7749999999999,20
0.9,0,DS Juv = 0.1,SAT,27980682.1963642,6367820.9,53899316.35,416
0.9,0,DS Juv = 0.1,SNE,145582.371428571,861.75,403147.6,35
0.9,0,DS Juv = 0.2,CAN-NNE,37606065.3742206,13569320.05,69950650.075,399
0.9,0,DS Juv = 0.2,MAT,21498915.676707,4870981.55,44762161.725,645
0.9,0,DS Juv = 0.2,MNE,135.864864864865,0,983.9,37
0.9,0,DS Juv = 0.2,SAT,27408476.6309226,6799850.45,54598276.025,460
0.9,0,DS Juv = 0.2,SNE,171479.208333333,459.85,583533.275,24
0.9,0,DS Juv = 0.3,CAN-NNE,35298472.6825897,12137847.275,74210442.75,405
0.9,0,DS Juv = 0.3,MAT,22992854.3719322,5845609.35,47236130.475,623
0.9,0,DS Juv = 0.3,MNE,496.605263157895,0,2944.19999999999,38
0.9,0,DS Juv = 0.3,SAT,27991327.2205314,5797065.825,56636157.825,433
0.9,0,DS Juv = 0.3,SNE,222613.928571429,406.075,579418.85,28
0.9,0,DS Juv = 0.4,CAN-NNE,35741070.437784,12901299.325,66211084.225,402
0.9,0,DS Juv = 0.4,MAT,25100185.9760651,5511428.55,49760282.3,608
0.9,0,DS Juv = 0.4,MNE,17761.2222222222,1,83581.1,45
0.9,0,DS Juv = 0.4,SAT,29254773.9898736,5335624,58127393.675,431
0.9,0,DS Juv = 0.4,SNE,239328.882352941,2772.8,576048.8,17
0.9,0,DS Juv = 0.5,CAN-NNE,36127709.6763791,12688004.75,70097922.8,403
0.9,0,DS Juv = 0.5,MAT,26205386.8892135,5844881.025,52361957.2,670
0.9,0,DS Juv = 0.5,MNE,50427.7941176471,3.3,158220.475,34
0.9,0,DS Juv = 0.5,SAT,31247251.0471049,7727383.375,62718838.25,434
0.9,0,DS Juv = 0.5,SNE,223016.555555556,388.3,662906.5,45
0.9,0,DS Juv = 0.6,CAN-NNE,40375549.8170155,13045497.7,74822878.9,400
0.9,0,DS Juv = 0.6,MAT,28042190.4218709,6312307.65,56957432.1,623
0.9,0,DS Juv = 0.6,MNE,53367.1428571429,48,231902.575,14
0.9,0,DS Juv = 0.6,SAT,32462827.5957336,9700261.125,66478032.05,409
0.9,0,DS Juv = 0.6,SNE,294513.578947368,13356.6,694366.25,19
0.9,0,DS Juv = 0.7,CAN-NNE,36304830.7006005,13417980.35,71267227.775,403
0.9,0,DS Juv = 0.7,MAT,30630384.6553455,7160273.525,63063203.125,628
0.9,0,DS Juv = 0.7,MNE,169808.542857143,485.2,481060.95,35
0.9,0,DS Juv = 0.7,SAT,34170448.4718223,8888893.5,69337112.825,451
0.9,0,DS Juv = 0.7,SNE,347033.285714286,9291,887150.5,21
0.9,0,DS Juv = 0.8,CAN-NNE,39512061.5720714,12444836.3,74422227.425,411
0.9,0,DS Juv = 0.8,MAT,33379413.0427897,7692576.825,67143589.75,602
0.9,0,DS Juv = 0.8,MNE,260779.130434783,2040.45,708567.45,23
0.9,0,DS Juv = 0.8,SAT,37664080.5686927,10350880.5,71727470.6,466
0.9,0,DS Juv = 0.8,SNE,371594.608695652,17743.7,753011.05,23
0.9,0,DS Juv = 0.9,CAN-NNE,40782300.9358932,14640606.125,73986664.8,387
0.9,0,DS Juv = 0.9,MAT,39800353.9131756,10617130.125,75549786.9,635
0.9,0,DS Juv = 0.9,MNE,468515.714285714,84791,880816,21
0.9,0,DS Juv = 0.9,SAT,39580833.8285426,9579156.875,72149600.9,399
0.9,0,DS Juv = 0.9,SNE,452487.189189189,12378.1,924264.1,37
0.9,0,DS Juv = 1,CAN-NNE,46095726.2237305,15301235.55,84845648,398
0.9,0,DS Juv = 1,MAT,45547463.8409484,12750495.325,89192216.45,658
0.9,0,DS Juv = 1,MNE,548131.903225806,85821.75,1405063,31
0.9,0,DS Juv = 1,SAT,42084178.0810585,12750025.025,76004846.85,423
0.9,0,DS Juv = 1,SNE,472548.7,25907.275,1167278.6,30
0.9,0.1,DS Juv = 0,CAN-NNE,35739573.2215216,13530861.65,62872125.5,392
0.9,0.1,DS Juv = 0,MAT,21953441.1479864,4045829.775,44722032.475,604
0.9,0.1,DS Juv = 0,MNE,3.20512820512821,0,26.3,39
0.9,0.1,DS Juv = 0,SAT,26470100.3817227,6254045.775,54703362.975,426
0.9,0.1,DS Juv = 0,SNE,125896.185185185,302.25,342670.1,27
0.9,0.1,DS Juv = 0.1,CAN-NNE,33425815.5929629,11409586.25,63186483.5,408
0.9,0.1,DS Juv = 0.1,MAT,21089795.2833503,3921402.475,44992956.65,574
0.9,0.1,DS Juv = 0.1,MNE,50.6333333333333,0,337.799999999999,30
0.9,0.1,DS Juv = 0.1,SAT,28907007.037021,7532955,57999361.825,395
0.9,0.1,DS Juv = 0.1,SNE,132840.032258065,840.5,373620,31
0.9,0.1,DS Juv = 0.2,CAN-NNE,35252035.1956217,12484364.775,65439668.175,393
0.9,0.1,DS Juv = 0.2,MAT,23097378.894577,5223876.725,46556195.3,629
0.9,0.1,DS Juv = 0.2,MNE,136.21875,0,1383.975,32
0.9,0.1,DS Juv = 0.2,SAT,28469510.698521,6029648.95,55208179.675,428
0.9,0.1,DS Juv = 0.2,SNE,159966.484848485,1039,538140.6,33
0.9,0.1,DS Juv = 0.3,CAN-NNE,38915553.2293195,13045782.375,64388423.025,408
0.9,0.1,DS Juv = 0.3,MAT,21836013.7217233,4621603.925,49102453.275,596
0.9,0.1,DS Juv = 0.3,MNE,493.24,0,4491,25
0.9,0.1,DS Juv = 0.3,SAT,29113621.1623191,6775433.8,56491967.35,434
0.9,0.1,DS Juv = 0.3,SNE,180476.807692308,64,478843.625,26
0.9,0.1,DS Juv = 0.4,CAN-NNE,38347936.1942609,12725817.45,68793373.9,366
0.9,0.1,DS Juv = 0.4,MAT,26481673.9955839,6095967.75,51334778,604
0.9,0.1,DS Juv = 0.4,MNE,9421.47826086957,0,48508.9,23
0.9,0.1,DS Juv = 0.4,SAT,30353676.9050423,7929993.05,63857340.35,451
0.9,0.1,DS Juv = 0.4,SNE,232991,1283,559607,41
0.9,0.1,DS Juv = 0.5,CAN-NNE,37250108.7065648,11925700.925,68896475,434
0.9,0.1,DS Juv = 0.5,MAT,26439790.7123494,5909344.15,54728362.775,587
0.9,0.1,DS Juv = 0.5,MNE,8667.18181818182,3.05,40864.1,22
0.9,0.1,DS Juv = 0.5,SAT,33140521.9479221,8123183.6,63663999,463
0.9,0.1,DS Juv = 0.5,SNE,299403.022222222,3685.9,696861.5,45
0.9,0.1,DS Juv = 0.6,CAN-NNE,39297465.6965457,13783130.35,73265219.75,416
0.9,0.1,DS Juv = 0.6,MAT,27519301.0958944,6193817.775,56376837.925,625
0.9,0.1,DS Juv = 0.6,MNE,111474.566666667,4,327124.5,30
0.9,0.1,DS Juv = 0.6,SAT,32803192.3231137,9527337.225,64720287.375,440
0.9,0.1,DS Juv = 0.6,SNE,280780.34375,8929.275,842004.575,32
0.9,0.1,DS Juv = 0.7,CAN-NNE,39030526.5870653,11333315.225,71270236.9,404
0.9,0.1,DS Juv = 0.7,MAT,30696275.5249175,7572044.225,62879430.8,647
0.9,0.1,DS Juv = 0.7,MNE,125482.736842105,153.8,437073.2,38
0.9,0.1,DS Juv = 0.7,SAT,35960181.8210233,9990043.925,68265308.2,428
0.9,0.1,DS Juv = 0.7,SNE,264043.75,1827,704803.25,36
0.9,0.1,DS Juv = 0.8,CAN-NNE,41144261.8105896,14064348.325,74901787.725,406
0.9,0.1,DS Juv = 0.8,MAT,35024599.7188931,8452529.85,67128296.2,621
0.9,0.1,DS Juv = 0.8,MNE,217377.129032258,775,551047.5,31
0.9,0.1,DS Juv = 0.8,SAT,34394697.3972707,8756950.65,71074541,455
0.9,0.1,DS Juv = 0.8,SNE,431194.272727273,6619.025,832213.75,22
0.9,0.1,DS Juv = 0.9,CAN-NNE,38444019.6251109,13989777.375,76016245.85,382
0.9,0.1,DS Juv = 0.9,MAT,40791206.462363,9506114.75,78182265.175,644
0.9,0.1,DS Juv = 0.9,MNE,533913.461538462,51156.75,1010897.375,26
0.9,0.1,DS Juv = 0.9,SAT,37791286.8516736,11186974.625,75347302.275,477
0.9,0.1,DS Juv = 0.9,SNE,404637.111111111,37017.5,896863.25,36
0.9,0.1,DS Juv = 1,CAN-NNE,43657995.3544895,15297213.575,84441445.925,372
0.9,0.1,DS Juv = 1,MAT,47544536.1855354,12767894.425,89995323.45,607
0.9,0.1,DS Juv = 1,MNE,539480.35483871,93665.75,1435226,31
0.9,0.1,DS Juv = 1,SAT,40637282.4192217,13038314.6,80955799.25,447
0.9,0.1,DS Juv = 1,SNE,567952.542857143,60884.5,1154885,35
0.9,0.2,DS Juv = 0,CAN-NNE,33464187.1796788,11658734.05,64278963.825,425
0.9,0.2,DS Juv = 0,MAT,22156893.6981794,4554553.925,43385746.325,578
0.9,0.2,DS Juv = 0,MNE,2.875,0,17.9,32
0.9,0.2,DS Juv = 0,SAT,27541492.6753935,6108218.075,55001628.35,422
0.9,0.2,DS Juv = 0,SNE,130316.542857143,188.15,379220.55,35
0.9,0.2,DS Juv = 0.1,CAN-NNE,36581529.9601843,13130304.975,65515893.325,371
0.9,0.2,DS Juv = 0.1,MAT,22171390.8911374,4776765.825,44514924.625,609
0.9,0.2,DS Juv = 0.1,MNE,20.952380952381,0,133.85,42
0.9,0.2,DS Juv = 0.1,SAT,28733115.8858302,6093789.825,54573914.725,417
0.9,0.2,DS Juv = 0.1,SNE,172841.461538462,289.375,503628.5,26
0.9,0.2,DS Juv = 0.2,CAN-NNE,37552372.1392879,12166434.15,69242767.425,388
0.9,0.2,DS Juv = 0.2,MAT,22792851.3097017,5077965.525,46347133.7,606
0.9,0.2,DS Juv = 0.2,MNE,467.15,0,7930.925,40
0.9,0.2,DS Juv = 0.2,SAT,31034646.5960585,6363599.95,60270691.775,443
0.9,0.2,DS Juv = 0.2,SNE,145772.625,1377.5,458923.825,24
0.9,0.2,DS Juv = 0.3,CAN-NNE,35144782.728708,13103252.3,66102706.2,365
0.9,0.2,DS Juv = 0.3,MAT,24277257.6502043,5602692.7,50961835.8,658
0.9,0.2,DS Juv = 0.3,MNE,509.529411764706,0,3628.97499999997,34
0.9,0.2,DS Juv = 0.3,SAT,30557222.5137939,5951155.475,60491976.675,451
0.9,0.2,DS Juv = 0.3,SNE,253423.538461538,562.25,556664.75,26
0.9,0.2,DS Juv = 0.4,CAN-NNE,38921229.9611361,12444552.35,69349133.1,406
0.9,0.2,DS Juv = 0.4,MAT,25649462.3027676,5877515.725,52797369.575,609
0.9,0.2,DS Juv = 0.4,MNE,5545.1052631579,0,32713.575,38
0.9,0.2,DS Juv = 0.4,SAT,33202668.4189082,8630405.575,61715326.25,442
0.9,0.2,DS Juv = 0.4,SNE,234920.9,4705.5,484984.525,20
0.9,0.2,DS Juv = 0.5,CAN-NNE,36286331.9633411,13132087.075,66212601.875,420
0.9,0.2,DS Juv = 0.5,MAT,26518507.8421532,5135439.275,54614624.5,680
0.9,0.2,DS Juv = 0.5,MNE,38433.5806451613,0,179437.25,31
0.9,0.2,DS Juv = 0.5,SAT,32425796.5158276,8100952,62509639.5,500
0.9,0.2,DS Juv = 0.5,SNE,218972.636363636,7742.2,537167.2,33
0.9,0.2,DS Juv = 0.6,CAN-NNE,39344209.2264753,12716352,73896569.575,410
0.9,0.2,DS Juv = 0.6,MAT,29190347.2667236,7036631.125,57439958.7,584
0.9,0.2,DS Juv = 0.6,MNE,71860,24.175,205250.875,24
0.9,0.2,DS Juv = 0.6,SAT,33522672.5120014,8927584.8,65189591.3,455
0.9,0.2,DS Juv = 0.6,SNE,337431.620689655,2813.7,716681,29
0.9,0.2,DS Juv = 0.7,CAN-NNE,40061875.8163026,12424177.15,75383170.275,403
0.9,0.2,DS Juv = 0.7,MAT,32065678.652747,7595174.05,62608673.775,640
0.9,0.2,DS Juv = 0.7,MNE,131599.172413793,252.3,472548.8,29
0.9,0.2,DS Juv = 0.7,SAT,34279536.0241526,10377877.925,68024231.375,388
0.9,0.2,DS Juv = 0.7,SNE,355430.227272727,17294.2,862644.925,44
0.9,0.2,DS Juv = 0.8,CAN-NNE,41865087.9669532,14081408.7,75617605.7,385
0.9,0.2,DS Juv = 0.8,MAT,34126533.5004708,7772092,67929851.85,659
0.9,0.2,DS Juv = 0.8,MNE,218674.958333333,1470.025,611297.55,24
0.9,0.2,DS Juv = 0.8,SAT,33534433.6756516,9544096.375,66199086.45,432
0.9,0.2,DS Juv = 0.8,SNE,383324.916666667,63264.65,763016.075,24
0.9,0.2,DS Juv = 0.9,CAN-NNE,46318312.4450459,13558668.775,79441454.375,405
0.9,0.2,DS Juv = 0.9,MAT,41306577.9360373,10509893.05,80611107.775,609
0.9,0.2,DS Juv = 0.9,MNE,471104.933333333,26589.475,1021748.3,30
0.9,0.2,DS Juv = 0.9,SAT,37798668.8724563,11384985,75363428.5,444
0.9,0.2,DS Juv = 0.9,SNE,508043.764705882,47389.975,1097772.875,34
0.9,0.2,DS Juv = 1,CAN-NNE,46887619.4739533,14821151.675,88615527.05,367
0.9,0.2,DS Juv = 1,MAT,44523165.9574352,12227754.4,90578420.55,605
0.9,0.2,DS Juv = 1,MNE,660723.826086957,259064.1,1352261,23
0.9,0.2,DS Juv = 1,SAT,42335045.0374172,11904186.5,80296420.925,427
0.9,0.2,DS Juv = 1,SNE,529762.3,48603.85,1161933.525,30
0.9,0.3,DS Juv = 0,CAN-NNE,36858451.9761613,12121619.475,65538578.625,411
0.9,0.3,DS Juv = 0,MAT,23892864.7581238,4882976.625,45507893.75,568
0.9,0.3,DS Juv = 0,MNE,6.38461538461539,0,72.5,26
0.9,0.3,DS Juv = 0,SAT,26956958.0331706,6036052.825,54229519.7,418
0.9,0.3,DS Juv = 0,SNE,160730.054054054,319.1,437792.3,37
0.9,0.3,DS Juv = 0.1,CAN-NNE,35396853.6187988,11611920.65,65164842.425,405
0.9,0.3,DS Juv = 0.1,MAT,23388321.0597183,5624830.75,44288853.2,579
0.9,0.3,DS Juv = 0.1,MNE,44.9722222222222,0,379.5,36
0.9,0.3,DS Juv = 0.1,SAT,28193254.5067292,6017792.65,57278993.1,422
0.9,0.3,DS Juv = 0.1,SNE,185904.741935484,505.75,517251.75,31
0.9,0.3,DS Juv = 0.2,CAN-NNE,37463061.81665,12109258.65,73168010.575,406
0.9,0.3,DS Juv = 0.2,MAT,24723209.5061325,5108565.6,49025396.275,602
0.9,0.3,DS Juv = 0.2,MNE,234.594594594595,0,2169.5,37
0.9,0.3,DS Juv = 0.2,SAT,29244819.8135978,6880437.95,58875552.5,368
0.9,0.3,DS Juv = 0.2,SNE,144512.742857143,291.4,466734.6,35
0.9,0.3,DS Juv = 0.3,CAN-NNE,37543533.125422,14506750.6,67241693.05,380
0.9,0.3,DS Juv = 0.3,MAT,23459268.7577853,5369084.575,47320351.975,548
0.9,0.3,DS Juv = 0.3,MNE,1246.42307692308,0,8697.125,26
0.9,0.3,DS Juv = 0.3,SAT,30485477.7110101,7235962.275,61121432.55,430
0.9,0.3,DS Juv = 0.3,SNE,216549.857142857,2169,567465.05,35
0.9,0.3,DS Juv = 0.4,CAN-NNE,36078372.1639307,11114723.675,68071819.9,400
0.9,0.3,DS Juv = 0.4,MAT,25734017.386988,5807643.125,54535451.7,632
0.9,0.3,DS Juv = 0.4,MNE,9034.03448275862,0,72766.9,29
0.9,0.3,DS Juv = 0.4,SAT,30087285.0475216,6574393,61929639.65,396
0.9,0.3,DS Juv = 0.4,SNE,238253.137931034,3384.4,526073.3,29
0.9,0.3,DS Juv = 0.5,CAN-NNE,36231603.3407018,12479027.825,64341309.85,366
0.9,0.3,DS Juv = 0.5,MAT,28244406.7201164,6237695.5,54686931.925,588
0.9,0.3,DS Juv = 0.5,MNE,17074.5151515152,4.2,95009.6000000003,33
0.9,0.3,DS Juv = 0.5,SAT,33309315.4457656,8685883.15,65910206.55,442
0.9,0.3,DS Juv = 0.5,SNE,303671.2,3540.3,845918.2,30
0.9,0.3,DS Juv = 0.6,CAN-NNE,38201286.2129662,12488948.45,70293234.875,466
0.9,0.3,DS Juv = 0.6,MAT,28352967.3992701,6470698.6,56790547.75,603
0.9,0.3,DS Juv = 0.6,MNE,76687.75,42.675,301015.125,32
0.9,0.3,DS Juv = 0.6,SAT,33853510.6415378,9292678.975,66024322.05,428
0.9,0.3,DS Juv = 0.6,SNE,334172.916666667,18756.5,732809.25,36
0.9,0.3,DS Juv = 0.7,CAN-NNE,39888085.4062527,14306979,77080351.2,409
0.9,0.3,DS Juv = 0.7,MAT,32563321.876189,8695847.7,64823212.825,630
0.9,0.3,DS Juv = 0.7,MNE,172901.025641026,122.9,442192.85,39
0.9,0.3,DS Juv = 0.7,SAT,37200266.359775,9664012.95,75002734.425,452
0.9,0.3,DS Juv = 0.7,SNE,324661,27659.7,784026.05,23
0.9,0.3,DS Juv = 0.8,CAN-NNE,39134191.306832,13406276.6,71964563.425,406
0.9,0.3,DS Juv = 0.8,MAT,35307788.266339,8166780.975,71683619.95,611
0.9,0.3,DS Juv = 0.8,MNE,269829.285714286,13596.2,602897.5,35
0.9,0.3,DS Juv = 0.8,SAT,38446411.5864557,9893088.65,75433931.1,442
0.9,0.3,DS Juv = 0.8,SNE,351261.125,26470.2,751220.6,40
0.9,0.3,DS Juv = 0.9,CAN-NNE,43276143.4085492,14064439.6,79187137.675,392
0.9,0.3,DS Juv = 0.9,MAT,41909213.5758322,10896105.3,78594260.125,610
0.9,0.3,DS Juv = 0.9,MNE,603772,58243.05,1119864.75,38
0.9,0.3,DS Juv = 0.9,SAT,41838126.3194556,11293079.65,79943288.975,403
0.9,0.3,DS Juv = 0.9,SNE,531882.892857143,41781.825,969882.275,28
0.9,0.3,DS Juv = 1,CAN-NNE,45493584.4229598,14484791.375,82334599.75,403
0.9,0.3,DS Juv = 1,MAT,48659749.4124104,13375238.075,92138202.025,662
0.9,0.3,DS Juv = 1,MNE,793067.777777778,203053.7,1556874.25,27
0.9,0.3,DS Juv = 1,SAT,43041923.468642,12889174.1,83448133.225,382
0.9,0.3,DS Juv = 1,SNE,611391.675675676,113261.4,1058513.4,37
0.9,0.4,DS Juv = 0,CAN-NNE,33335963.3928809,11343605.6,63291238.55,407
0.9,0.4,DS Juv = 0,MAT,23021682.6086811,5505950.85,46323769.35,646
0.9,0.4,DS Juv = 0,MNE,2.04347826086957,0,9.35,23
0.9,0.4,DS Juv = 0,SAT,28837395.2058234,6738042.75,54910272.775,399
0.9,0.4,DS Juv = 0,SNE,167974.75,575.7,399067.375,40
0.9,0.4,DS Juv = 0.1,CAN-NNE,34805913.5925055,11445489.575,65439595.5,414
0.9,0.4,DS Juv = 0.1,MAT,23371781.5330124,5266468.45,47082680.55,612
0.9,0.4,DS Juv = 0.1,MNE,154.6,0,1256.65,35
0.9,0.4,DS Juv = 0.1,SAT,30668742.9215155,7028024.35,59961848.475,432
0.9,0.4,DS Juv = 0.1,SNE,196583.428571429,8343.075,510644.375,28
0.9,0.4,DS Juv = 0.2,CAN-NNE,32960296.4782967,11337685.625,66386077.1,392
0.9,0.4,DS Juv = 0.2,MAT,24638061.4803968,5750407.25,50854285.425,620
0.9,0.4,DS Juv = 0.2,MNE,214.421052631579,0,1180.62499999998,38
0.9,0.4,DS Juv = 0.2,SAT,31589043.8920937,7663487.25,61307643.7,388
0.9,0.4,DS Juv = 0.2,SNE,170706.257142857,358.25,447449.25,35
0.9,0.4,DS Juv = 0.3,CAN-NNE,35777779.1689745,12107832.5,63228974.275,375
0.9,0.4,DS Juv = 0.3,MAT,24978307.3230502,5565644.3,52400169.775,614
0.9,0.4,DS Juv = 0.3,MNE,2049.30434782609,0,11220.6,23
0.9,0.4,DS Juv = 0.3,SAT,29357996.4075566,7086638.9,60879033.675,431
0.9,0.4,DS Juv = 0.3,SNE,198408.259259259,6843.8,537211.25,27
0.9,0.4,DS Juv = 0.4,CAN-NNE,35298847.8743883,13627540.575,65457031.75,401
0.9,0.4,DS Juv = 0.4,MAT,26112289.4471529,6134139.925,52869978.2,629
0.9,0.4,DS Juv = 0.4,MNE,9443.5,0.875,75582.75,36
0.9,0.4,DS Juv = 0.4,SAT,31476318.1830708,7719532.1,64803189.275,411
0.9,0.4,DS Juv = 0.4,SNE,235260.571428571,16110.025,631264.375,28
0.9,0.4,DS Juv = 0.5,CAN-NNE,38385172.1356522,13658217.05,72284894.075,401
0.9,0.4,DS Juv = 0.5,MAT,29378585.3525851,6638125.25,57842885.825,621
0.9,0.4,DS Juv = 0.5,MNE,43965.7368421053,1.925,150687.5,38
0.9,0.4,DS Juv = 0.5,SAT,36170873.7654092,8881031.55,70357912.05,466
0.9,0.4,DS Juv = 0.5,SNE,357466.896551724,2942.8,606314.2,29
0.9,0.4,DS Juv = 0.6,CAN-NNE,39259505.1053695,11999292.875,72050499.85,385
0.9,0.4,DS Juv = 0.6,MAT,29177428.6506022,7204196.125,57856522.125,575
0.9,0.4,DS Juv = 0.6,MNE,61338.7777777778,4,277603.625,36
0.9,0.4,DS Juv = 0.6,SAT,34505894.7208946,9712933.125,68148977.475,431
0.9,0.4,DS Juv = 0.6,SNE,266358.233333333,12397.475,725024.7,30
0.9,0.4,DS Juv = 0.7,CAN-NNE,39824820.6676686,13682837.5,79070161.4,382
0.9,0.4,DS Juv = 0.7,MAT,32959623.7209611,6538064.675,66764473.25,585
0.9,0.4,DS Juv = 0.7,MNE,178299.515151515,354.4,469910,33
0.9,0.4,DS Juv = 0.7,SAT,35876981.4854914,10810455.35,74444212.775,420
0.9,0.4,DS Juv = 0.7,SNE,361181.576923077,25702.5,806761.75,26
0.9,0.4,DS Juv = 0.8,CAN-NNE,37462285.259888,14187841.1,72216571.025,396
0.9,0.4,DS Juv = 0.8,MAT,35625156.1608741,8622546.7,71850814.7,634
0.9,0.4,DS Juv = 0.8,MNE,263625.75,9843.25,664696.25,24
0.9,0.4,DS Juv = 0.8,SAT,40387050.5942502,10193866.7,79355766.725,424
0.9,0.4,DS Juv = 0.8,SNE,403282.303030303,21785.4,882835.2,33
0.9,0.4,DS Juv = 0.9,CAN-NNE,42624996.8561562,13043704.25,78768186.675,394
0.9,0.4,DS Juv = 0.9,MAT,41744745.8963669,10741894.675,83655954.8,632
0.9,0.4,DS Juv = 0.9,MNE,430912.689655172,62498.9,936238.1,29
0.9,0.4,DS Juv = 0.9,SAT,40589472.5733345,11678693.375,79353470.925,424
0.9,0.4,DS Juv = 0.9,SNE,352531.535714286,29906.6,820565.425,28
0.9,0.4,DS Juv = 1,CAN-NNE,47630842.7460362,16452044.45,83824821.175,388
0.9,0.4,DS Juv = 1,MAT,47728353.5060172,14108531.825,92412343.975,587
0.9,0.4,DS Juv = 1,MNE,872200.48,177941,1805723,25
0.9,0.4,DS Juv = 1,SAT,42783035.5678302,12633593.1,84833785.9,418
0.9,0.4,DS Juv = 1,SNE,533411.375,84993.475,1044885.85,40
0.9,0.5,DS Juv = 0,CAN-NNE,38388533.189125,10978384.125,67264980.4,381
0.9,0.5,DS Juv = 0,MAT,22232926.7713122,4241077.825,46399278.375,657
0.9,0.5,DS Juv = 0,MNE,3.37142857142857,0,21.3,35
0.9,0.5,DS Juv = 0,SAT,28561325.9418212,6351914.15,56233372.375,418
0.9,0.5,DS Juv = 0,SNE,166569.805555556,21,489225,36
0.9,0.5,DS Juv = 0.1,CAN-NNE,38277128.5286362,12238914.625,67338152.525,375
0.9,0.5,DS Juv = 0.1,MAT,22489112.2259671,5410081.625,46929919.525,613
0.9,0.5,DS Juv = 0.1,MNE,58.75,0,394.15,24
0.9,0.5,DS Juv = 0.1,SAT,30280799.9578553,7433046.525,59167013.175,419
0.9,0.5,DS Juv = 0.1,SNE,226128.657894737,3759.15,560137.074999999,38
0.9,0.5,DS Juv = 0.2,CAN-NNE,34580940.4901775,11408075.95,69488038.9,356
0.9,0.5,DS Juv = 0.2,MAT,24179456.5539698,5055361.825,48652066.8,577
0.9,0.5,DS Juv = 0.2,MNE,766.51724137931,0,5739.1,29
0.9,0.5,DS Juv = 0.2,SAT,29659660.7248653,7827083.45,60218991.775,397
0.9,0.5,DS Juv = 0.2,SNE,173060.708333333,582.65,435997.2,24
0.9,0.5,DS Juv = 0.3,CAN-NNE,35779323.8237556,11536708.275,71964692.275,379
0.9,0.5,DS Juv = 0.3,MAT,25878850.153585,4624593.7,54044878.75,659
0.9,0.5,DS Juv = 0.3,MNE,1221.96296296296,0,10593.8,27
0.9,0.5,DS Juv = 0.3,SAT,31720620.1076126,8388206.725,62972361.8,426
0.9,0.5,DS Juv = 0.3,SNE,231286.484848485,54.2,672233.800000001,33
0.9,0.5,DS Juv = 0.4,CAN-NNE,36624498.6382292,10888650.05,74517343.775,407
0.9,0.5,DS Juv = 0.4,MAT,27747319.594119,6908526.95,54622908.5,602
0.9,0.5,DS Juv = 0.4,MNE,10143.0625,0,88050.4999999999,32
0.9,0.5,DS Juv = 0.4,SAT,32972683.4086945,8279606.525,65696503.3,431
0.9,0.5,DS Juv = 0.4,SNE,266008.682926829,2347,652401,41
0.9,0.5,DS Juv = 0.5,CAN-NNE,39406446.1661479,12990610.2,73339427.375,391
0.9,0.5,DS Juv = 0.5,MAT,28355773.4676425,6733992.175,58177836.625,631
0.9,0.5,DS Juv = 0.5,MNE,28272.3846153846,7.6,179354.75,39
0.9,0.5,DS Juv = 0.5,SAT,34772823.0821634,7602532.75,69389045.3,414
0.9,0.5,DS Juv = 0.5,SNE,256708.64516129,11027.75,544819,31
0.9,0.5,DS Juv = 0.6,CAN-NNE,38964250.6201729,12381133.975,75927600.775,387
0.9,0.5,DS Juv = 0.6,MAT,31985151.6438266,7394534.6,63742366.575,606
0.9,0.5,DS Juv = 0.6,MNE,95431.5333333333,20.85,296099.825,30
0.9,0.5,DS Juv = 0.6,SAT,35821045.0365235,9573173.7,67437815.525,446
0.9,0.5,DS Juv = 0.6,SNE,286617.5,29132.25,634331.5,26
0.9,0.5,DS Juv = 0.7,CAN-NNE,39051580.9640399,11214234.625,70990601.8,394
0.9,0.5,DS Juv = 0.7,MAT,33534182.726087,8239520.8,68225531.1,604
0.9,0.5,DS Juv = 0.7,MNE,240405.806451613,1146.5,614276.5,31
0.9,0.5,DS Juv = 0.7,SAT,36073818.2010961,9659980.325,70525345.15,476
0.9,0.5,DS Juv = 0.7,SNE,359538.102564103,15677.95,833691.15,39
0.9,0.5,DS Juv = 0.8,CAN-NNE,38690829.8628046,12458734.5,73823433.825,394
0.9,0.5,DS Juv = 0.8,MAT,37573297.3962145,9403524.175,75337146.725,630
0.9,0.5,DS Juv = 0.8,MNE,289935.766666667,2707.925,635005.8,30
0.9,0.5,DS Juv = 0.8,SAT,35283785.2597856,9903316.45,72203158.575,422
0.9,0.5,DS Juv = 0.8,SNE,415491.128205128,43433.15,989690.5,39
0.9,0.5,DS Juv = 0.9,CAN-NNE,41470884.5033871,13048070.7,84246568.8,378
0.9,0.5,DS Juv = 0.9,MAT,42703925.8541438,10494875.15,83267688.95,628
0.9,0.5,DS Juv = 0.9,MNE,427347.382352941,81233.375,994408.875,34
0.9,0.5,DS Juv = 0.9,SAT,42045756.5295997,12185283.6,83703128.325,393
0.9,0.5,DS Juv = 0.9,SNE,528133.72,109451.4,1165976.8,25
0.9,0.5,DS Juv = 1,CAN-NNE,45027634.9640692,17268191.95,85226697.7,419
0.9,0.5,DS Juv = 1,MAT,52784646.0352094,14750991.2,98609069.5,609
0.9,0.5,DS Juv = 1,MNE,720028.3,192306.425,1641054.6,30
0.9,0.5,DS Juv = 1,SAT,43683386.7491065,13886660.55,84589556.15,436
0.9,0.5,DS Juv = 1,SNE,665867.454545455,194732,1271314.4,33
0.9,0.6,DS Juv = 0,CAN-NNE,36019788.3445121,11841166.425,67836448.85,407
0.9,0.6,DS Juv = 0,MAT,23532230.4560063,4929041.95,48019549.8,574
0.9,0.6,DS Juv = 0,MNE,11.2,0,79.75,35
0.9,0.6,DS Juv = 0,SAT,28537675.7943337,7370802.85,58648765,425
0.9,0.6,DS Juv = 0,SNE,209678.733333333,795.65,485476.4,30
0.9,0.6,DS Juv = 0.1,CAN-NNE,35117166.3121662,11307540.45,72760967.3,370
0.9,0.6,DS Juv = 0.1,MAT,24505263.9288829,5765073.875,49744236.15,622
0.9,0.6,DS Juv = 0.1,MNE,94.65625,0,788.424999999999,32
0.9,0.6,DS Juv = 0.1,SAT,28452386.696954,7039825.725,59470119.025,454
0.9,0.6,DS Juv = 0.1,SNE,227010.473684211,1996.1,620697.85,38
0.9,0.6,DS Juv = 0.2,CAN-NNE,37513318.2386848,13305313.35,68022794.25,381
0.9,0.6,DS Juv = 0.2,MAT,26741601.3756057,5929778,51636916.875,642
0.9,0.6,DS Juv = 0.2,MNE,921.837837837838,0,9086.8,37
0.9,0.6,DS Juv = 0.2,SAT,31719335.4983715,7791444.05,65184505.55,417
0.9,0.6,DS Juv = 0.2,SNE,261938.375,3714.5,666981.675,40
0.9,0.6,DS Juv = 0.3,CAN-NNE,37873298.6197274,11773646.6,71687055.675,399
0.9,0.6,DS Juv = 0.3,MAT,27117525.0040234,6389627.525,54450502.475,644
0.9,0.6,DS Juv = 0.3,MNE,4981.875,0,46169.1249999999,32
0.9,0.6,DS Juv = 0.3,SAT,32016405.9501788,9766999,58920264.325,441
0.9,0.6,DS Juv = 0.3,SNE,200641.777777778,2920.7,522312.8,27
0.9,0.6,DS Juv = 0.4,CAN-NNE,38268785.9507971,12933599.375,73328598.175,411
0.9,0.6,DS Juv = 0.4,MAT,29129014.3939807,6766641.475,56987301.1,624
0.9,0.6,DS Juv = 0.4,MNE,17835.2631578947,0,73679.85,19
0.9,0.6,DS Juv = 0.4,SAT,33797461.812885,8544703.625,65325185.85,429
0.9,0.6,DS Juv = 0.4,SNE,325828.485714286,6418.05,818076.4,35
0.9,0.6,DS Juv = 0.5,CAN-NNE,38555675.023474,14017452.375,73231486.6,417
0.9,0.6,DS Juv = 0.5,MAT,30607915.2072722,7811195.725,60418857.65,614
0.9,0.6,DS Juv = 0.5,MNE,49543.619047619,7,230692,21
0.9,0.6,DS Juv = 0.5,SAT,36675242.1770406,7948201.225,71958757.45,456
0.9,0.6,DS Juv = 0.5,SNE,355026.625,25349.25,829785.975,32
0.9,0.6,DS Juv = 0.6,CAN-NNE,37472859.0758685,13173895.225,72003488.225,414
0.9,0.6,DS Juv = 0.6,MAT,32873195.1749086,8050030.9,63559161.225,593
0.9,0.6,DS Juv = 0.6,MNE,87997.347826087,48.6,301546.9,23
0.9,0.6,DS Juv = 0.6,SAT,36867199.3153298,10434964.425,70728568.2,416
0.9,0.6,DS Juv = 0.6,SNE,322991.317073171,15270,757462,41
0.9,0.6,DS Juv = 0.7,CAN-NNE,39492049.2263155,12385297.55,74713665.475,394
0.9,0.6,DS Juv = 0.7,MAT,35477060.4771836,9558417.025,69842268.6,616
0.9,0.6,DS Juv = 0.7,MNE,181279.5,263.5,634946.975,32
0.9,0.6,DS Juv = 0.7,SAT,37585705.0951024,10658087.225,74746420.95,433
0.9,0.6,DS Juv = 0.7,SNE,374122.344827586,23976.6,834097.6,29
0.9,0.6,DS Juv = 0.8,CAN-NNE,42162821.9022535,14756757.525,76930187.725,367
0.9,0.6,DS Juv = 0.8,MAT,38955227.2911722,9955617.8,76957900.6,603
0.9,0.6,DS Juv = 0.8,MNE,278828.34375,501.975,669037.125,32
0.9,0.6,DS Juv = 0.8,SAT,39691096.9011855,11277988.325,78347431,438
0.9,0.6,DS Juv = 0.8,SNE,402356,94718.725,827129.625,24
0.9,0.6,DS Juv = 0.9,CAN-NNE,46504985.9622396,14183912,84523550.5,405
0.9,0.6,DS Juv = 0.9,MAT,43598340.4836497,10117159.85,85870392.7,648
0.9,0.6,DS Juv = 0.9,MNE,482151.96,79865.2,1110124.2,25
0.9,0.6,DS Juv = 0.9,SAT,42046855.6486837,13334392.225,75505192.9,437
0.9,0.6,DS Juv = 0.9,SNE,676525.258064516,64748.25,1314718.5,31
0.9,0.6,DS Juv = 1,CAN-NNE,46922953.8943532,15185429.775,83441560.65,387
0.9,0.6,DS Juv = 1,MAT,53281917.9997457,15433492.5,100092929.775,595
0.9,0.6,DS Juv = 1,MNE,767902.347826087,272891.1,1455608.45,23
0.9,0.6,DS Juv = 1,SAT,43320525.7727936,13529466.025,89290271.7,466
0.9,0.6,DS Juv = 1,SNE,733351.138888889,171367.5,1393877.5,36
0.9,0.7,DS Juv = 0,CAN-NNE,35910338.3791741,11454511.55,69729309.85,391
0.9,0.7,DS Juv = 0,MAT,23940483.7253827,5479002.775,49951806.175,604
0.9,0.7,DS Juv = 0,MNE,24.5428571428571,0,179.05,35
0.9,0.7,DS Juv = 0,SAT,27444399.9060727,6268586.6,59765910.575,427
0.9,0.7,DS Juv = 0,SNE,187803.115384615,2492.875,483962.25,26
0.9,0.7,DS Juv = 0.1,CAN-NNE,38398648.0594744,13148575.55,65533690.775,412
0.9,0.7,DS Juv = 0.1,MAT,27264925.7053444,6077066.225,53039610.775,654
0.9,0.7,DS Juv = 0.1,MNE,95.8387096774194,0,860.25,31
0.9,0.7,DS Juv = 0.1,SAT,31135768.4793083,7200945.05,61025859.925,415
0.9,0.7,DS Juv = 0.1,SNE,213470.971428571,2402,631066.3,35
0.9,0.7,DS Juv = 0.2,CAN-NNE,37271506.5550508,13033227.675,72234757.6,420
0.9,0.7,DS Juv = 0.2,MAT,28283584.3928052,6791834.525,55808448.95,593
0.9,0.7,DS Juv = 0.2,MNE,735.647058823529,0,5530.4,34
0.9,0.7,DS Juv = 0.2,SAT,34890505.9336306,8766970.6,66491446.6,427
0.9,0.7,DS Juv = 0.2,SNE,248135.081081081,13421.9,623292.2,37
0.9,0.7,DS Juv = 0.3,CAN-NNE,37968197.8441821,12738963.85,66165327.9,386
0.9,0.7,DS Juv = 0.3,MAT,29084827.0381377,6872039.525,56963996.65,608
0.9,0.7,DS Juv = 0.3,MNE,9046.46875,0,50233.65,32
0.9,0.7,DS Juv = 0.3,SAT,32414467.000076,7366553.875,63012864,429
0.9,0.7,DS Juv = 0.3,SNE,188994.9375,6430.05,576433.05,32
0.9,0.7,DS Juv = 0.4,CAN-NNE,37178184.9748332,14398339.975,74392517.25,387
0.9,0.7,DS Juv = 0.4,MAT,29934903.4761943,7438909.75,59771836.175,581
0.9,0.7,DS Juv = 0.4,MNE,23420,2,131315.05,30
0.9,0.7,DS Juv = 0.4,SAT,34560543.7824826,8820703.75,68549155.85,446
0.9,0.7,DS Juv = 0.4,SNE,249549.966666667,5916.1,595686.1,30
0.9,0.7,DS Juv = 0.5,CAN-NNE,40863000.196922,12565085.625,76124690.425,404
0.9,0.7,DS Juv = 0.5,MAT,31395267.9012863,7701972.45,61526903.1,692
0.9,0.7,DS Juv = 0.5,MNE,60194.4285714286,27.5,232705.25,35
0.9,0.7,DS Juv = 0.5,SAT,35291936.1843269,10270233.275,64810180.225,389
0.9,0.7,DS Juv = 0.5,SNE,379885.696969697,14732.6,825202,33
0.9,0.7,DS Juv = 0.6,CAN-NNE,39130014.5532326,12513319.775,70562432.75,421
0.9,0.7,DS Juv = 0.6,MAT,33147563.9420221,8046560.1,68453164.225,619
0.9,0.7,DS Juv = 0.6,MNE,110154.333333333,352.3,422598,39
0.9,0.7,DS Juv = 0.6,SAT,36800117.8221508,8542259.975,72225479.725,420
0.9,0.7,DS Juv = 0.6,SNE,325767.133333333,9280.575,709940.175,30
0.9,0.7,DS Juv = 0.7,CAN-NNE,38124526.4239454,13788623.8,74523419.55,405
0.9,0.7,DS Juv = 0.7,MAT,37378173.5573319,10146557.875,73853211.9,593
0.9,0.7,DS Juv = 0.7,MNE,192410.28125,530.35,515295.775,32
0.9,0.7,DS Juv = 0.7,SAT,42943131.0788697,13236159.075,79398044.075,401
0.9,0.7,DS Juv = 0.7,SNE,406190.161290323,16435.5,1016057,31
0.9,0.7,DS Juv = 0.8,CAN-NNE,39536095.8436714,14055073.675,79488001.35,404
0.9,0.7,DS Juv = 0.8,MAT,41062702.437907,9800716.1,81582016.475,584
0.9,0.7,DS Juv = 0.8,MNE,312787.96875,9804.725,876939.65,32
0.9,0.7,DS Juv = 0.8,SAT,41981663.6539941,10911367.125,81691757.025,413
0.9,0.7,DS Juv = 0.8,SNE,556432.538461538,56162.75,1071441.625,26
0.9,0.7,DS Juv = 0.9,CAN-NNE,43987395.971574,15314126.8,86505659.1,388
0.9,0.7,DS Juv = 0.9,MAT,45390772.8349672,11927553.75,89815299.675,599
0.9,0.7,DS Juv = 0.9,MNE,574786.075,62195.525,1163218.75,40
0.9,0.7,DS Juv = 0.9,SAT,45006944.0387749,13662780.75,82224378.525,409
0.9,0.7,DS Juv = 0.9,SNE,481171.310344828,73031.8,1019588.3,29
0.9,0.7,DS Juv = 1,CAN-NNE,47092274.2461279,16833193.1,88198420.45,409
0.9,0.7,DS Juv = 1,MAT,54085351.7078073,17816749,101954381.275,582
0.9,0.7,DS Juv = 1,MNE,782784.448275862,286027.4,1350554.9,29
0.9,0.7,DS Juv = 1,SAT,45357808.4022069,12897911.25,88760182.1,418
0.9,0.7,DS Juv = 1,SNE,703372.90625,178810.9,1521002.45,32
0.9,0.8,DS Juv = 0,CAN-NNE,39130647.5440258,12156166.9,67247681.8,394
0.9,0.8,DS Juv = 0,MAT,25686607.1730743,5064447.9,53722188.975,632
0.9,0.8,DS Juv = 0,MNE,145.230769230769,0,1020.7,39
0.9,0.8,DS Juv = 0,SAT,31895758.4161274,9561641.425,62205570.825,396
0.9,0.8,DS Juv = 0,SNE,165941.655172414,4090.6,503236.1,29
0.9,0.8,DS Juv = 0.1,CAN-NNE,36617554.3772397,13693791.1,65862312.15,397
0.9,0.8,DS Juv = 0.1,MAT,26347839.0954877,6196608.85,53323965.625,634
0.9,0.8,DS Juv = 0.1,MNE,194.216216216216,0,1653,37
0.9,0.8,DS Juv = 0.1,SAT,30343075.322487,7100203.15,61823318.825,417
0.9,0.8,DS Juv = 0.1,SNE,239689.594594595,1759.4,595630,37
0.9,0.8,DS Juv = 0.2,CAN-NNE,38919500.2596189,12524725.2,73950041.375,399
0.9,0.8,DS Juv = 0.2,MAT,29034852.9723392,7244316.325,56733353.75,611
0.9,0.8,DS Juv = 0.2,MNE,4300.48148148148,0,33088.55,27
0.9,0.8,DS Juv = 0.2,SAT,30645893.6097931,8569989.15,61144308.525,447
0.9,0.8,DS Juv = 0.2,SNE,228760.088235294,2955.075,539662.65,34
0.9,0.8,DS Juv = 0.3,CAN-NNE,38897276.9453162,12344765.425,72522596.1,417
0.9,0.8,DS Juv = 0.3,MAT,30091225.2608902,8062905.675,62095246.425,622
0.9,0.8,DS Juv = 0.3,MNE,8847.03846153846,0,66882.625,26
0.9,0.8,DS Juv = 0.3,SAT,33649850.6071546,8065539.8,70622857.925,423
0.9,0.8,DS Juv = 0.3,SNE,326415.136363636,21511.8,676828.749999999,22
0.9,0.8,DS Juv = 0.4,CAN-NNE,35915753.1593592,12161039.925,70353899.875,411
0.9,0.8,DS Juv = 0.4,MAT,29158455.9903005,7377239.5,60291473.6,581
0.9,0.8,DS Juv = 0.4,MNE,36199.5405405405,0.9,163812.3,37
0.9,0.8,DS Juv = 0.4,SAT,35944042.3271506,8033001.425,73222102.3,401
0.9,0.8,DS Juv = 0.4,SNE,431913.032258065,5275,893049.75,31
0.9,0.8,DS Juv = 0.5,CAN-NNE,41528773.7726724,14542587.2,73739798.15,390
0.9,0.8,DS Juv = 0.5,MAT,31866410.6602764,8243439.45,64816552.725,592
0.9,0.8,DS Juv = 0.5,MNE,91734.7631578947,72.125,313179.199999999,38
0.9,0.8,DS Juv = 0.5,SAT,36638201.1846837,10600135.2,71814140.725,468
0.9,0.8,DS Juv = 0.5,SNE,360136.757575758,10300.4,768696.4,33
0.9,0.8,DS Juv = 0.6,CAN-NNE,39020331.1220965,13575227.125,74330635.85,381
0.9,0.8,DS Juv = 0.6,MAT,36548763.8830047,10201415.75,71820227.5,609
0.9,0.8,DS Juv = 0.6,MNE,72859.7272727273,31.875,284579.25,22
0.9,0.8,DS Juv = 0.6,SAT,37655974.798156,11378259.85,71171485.425,411
0.9,0.8,DS Juv = 0.6,SNE,341289.771428571,27424.65,860718,35
0.9,0.8,DS Juv = 0.7,CAN-NNE,39394049.6090731,13638146.875,71746841.825,392
0.9,0.8,DS Juv = 0.7,MAT,38949222.7080848,10530253.475,76551386.525,560
0.9,0.8,DS Juv = 0.7,MNE,205389.291666667,938.025,528032.425,24
0.9,0.8,DS Juv = 0.7,SAT,42675051.4953808,12183886.925,80197810,474
0.9,0.8,DS Juv = 0.7,SNE,446880.083333333,55890.375,1099899.875,36
0.9,0.8,DS Juv = 0.8,CAN-NNE,39793992.7222526,11954231.325,80729111.95,387
0.9,0.8,DS Juv = 0.8,MAT,45694641.8811893,11455757.15,86720521.2,639
0.9,0.8,DS Juv = 0.8,MNE,493840.5,49955.125,917751,26
0.9,0.8,DS Juv = 0.8,SAT,46349960.3914984,13067259.475,84256462.225,428
0.9,0.8,DS Juv = 0.8,SNE,417181.793103448,32814.5,1248416.2,29
0.9,0.8,DS Juv = 0.9,CAN-NNE,48668560.8484872,15203738.4,91356632.525,396
0.9,0.8,DS Juv = 0.9,MAT,50676188.1031184,14608173.025,97092583.1,648
0.9,0.8,DS Juv = 0.9,MNE,686503.303030303,120671.4,1481015,33
0.9,0.8,DS Juv = 0.9,SAT,44516704.7221268,14203863.75,85826079.125,469
0.9,0.8,DS Juv = 0.9,SNE,552374.647058823,41724.825,1096299.55,34
0.9,0.8,DS Juv = 1,CAN-NNE,49852256.4136831,17130885.25,89730633.25,396
0.9,0.8,DS Juv = 1,MAT,59929562.13484,18921289.3,114932579.35,577
0.9,0.8,DS Juv = 1,MNE,908938.48,275584,1837414.6,25
0.9,0.8,DS Juv = 1,SAT,47302720.5432624,14670853.675,93978742.45,423
0.9,0.8,DS Juv = 1,SNE,717482.6,143816,1353544.8,25
0.9,0.9,DS Juv = 0,CAN-NNE,39669982.7613619,11937758.375,73740193.5,404
0.9,0.9,DS Juv = 0,MAT,29346390.997819,6790303.5,57199204.675,627
0.9,0.9,DS Juv = 0,MNE,420.423076923077,0,3310.75,26
0.9,0.9,DS Juv = 0,SAT,30043640.8725009,6685885.95,61593096.75,430
0.9,0.9,DS Juv = 0,SNE,296478.055555556,3763.5,677544.25,36
0.9,0.9,DS Juv = 0.1,CAN-NNE,34300333.8728339,12428569.575,70290699.45,393
0.9,0.9,DS Juv = 0.1,MAT,28557952.9367291,7302972.5,56747837.475,614
0.9,0.9,DS Juv = 0.1,MNE,2642.20588235294,0,21082.8499999999,34
0.9,0.9,DS Juv = 0.1,SAT,33359848.1190824,6892863.4,66321574.375,441
0.9,0.9,DS Juv = 0.1,SNE,293994.52173913,29292.3,608248.2,23
0.9,0.9,DS Juv = 0.2,CAN-NNE,37870243.3613988,12034747.5,68839509.8,405
0.9,0.9,DS Juv = 0.2,MAT,30666923.9366069,7017142,60751874.975,702
0.9,0.9,DS Juv = 0.2,MNE,4639.51428571429,1.7,28381.5,35
0.9,0.9,DS Juv = 0.2,SAT,33428656.1045082,8661507.775,65789136.4,430
0.9,0.9,DS Juv = 0.2,SNE,285371.11627907,18353.2,742110.249999999,43
0.9,0.9,DS Juv = 0.3,CAN-NNE,42430933.2325256,15563781.35,78592610.85,358
0.9,0.9,DS Juv = 0.3,MAT,32660806.2662565,7910334.9,64276678.5,599
0.9,0.9,DS Juv = 0.3,MNE,20233.84375,0,120726.475,32
0.9,0.9,DS Juv = 0.3,SAT,37904096.88569,11149701.575,71278932.025,411
0.9,0.9,DS Juv = 0.3,SNE,349507,10430.125,777427,26
0.9,0.9,DS Juv = 0.4,CAN-NNE,42513481.3586621,13032711.075,74674785.025,400
0.9,0.9,DS Juv = 0.4,MAT,32034093.4418951,9049834.275,66564069.625,588
0.9,0.9,DS Juv = 0.4,MNE,58580.625,4.55,239963.425,32
0.9,0.9,DS Juv = 0.4,SAT,34448803.1287084,9221743.85,68107734.125,444
0.9,0.9,DS Juv = 0.4,SNE,338252.733333333,8170.975,840137.675,30
0.9,0.9,DS Juv = 0.5,CAN-NNE,43710310.1030012,15397408.175,78190048.95,349
0.9,0.9,DS Juv = 0.5,MAT,35899564.3851082,9003995.325,70846067.7,622
0.9,0.9,DS Juv = 0.5,MNE,123230.166666667,23.15,395428.4,30
0.9,0.9,DS Juv = 0.5,SAT,36158187.7551924,9601456.9,71429131.65,432
0.9,0.9,DS Juv = 0.5,SNE,402812.777777778,33149.5,840468.625,36
0.9,0.9,DS Juv = 0.6,CAN-NNE,42527515.1219363,13726054.95,78018082.65,375
0.9,0.9,DS Juv = 0.6,MAT,37300688.8883057,10405733.225,74959468.65,603
0.9,0.9,DS Juv = 0.6,MNE,196245.5,3043.975,485768.325,20
0.9,0.9,DS Juv = 0.6,SAT,40460044.07016,11751490.075,73643133.175,428
0.9,0.9,DS Juv = 0.6,SNE,473786.823529412,41608.525,959630.925,34
0.9,0.9,DS Juv = 0.7,CAN-NNE,42853769.0642189,14273870.35,77583406.6,406
0.9,0.9,DS Juv = 0.7,MAT,44069061.4029668,12149672.775,85874842.65,605
0.9,0.9,DS Juv = 0.7,MNE,384842.807692308,8279.75,765014.75,26
0.9,0.9,DS Juv = 0.7,SAT,40417058.370598,12576903.875,82015199.825,419
0.9,0.9,DS Juv = 0.7,SNE,441720.551724138,21292,1168498.1,29
0.9,0.9,DS Juv = 0.8,CAN-NNE,43608417.0189076,13321846.925,85145458.475,419
0.9,0.9,DS Juv = 0.8,MAT,50425248.2122083,13162749.25,95554976.025,561
0.9,0.9,DS Juv = 0.8,MNE,474772.4,50288.6,1152122,25
0.9,0.9,DS Juv = 0.8,SAT,43386375.1614487,13496682.575,84534783.1,413
0.9,0.9,DS Juv = 0.8,SNE,562789.705882353,120935.3,1423540.975,34
0.9,0.9,DS Juv = 0.9,CAN-NNE,44194013.6705995,16625270.15,81177587.4,359
0.9,0.9,DS Juv = 0.9,MAT,54857952.5812322,15779422.05,104698008.25,621
0.9,0.9,DS Juv = 0.9,MNE,867098.071428571,170254.825,1710887.775,28
0.9,0.9,DS Juv = 0.9,SAT,45962517.4210353,14231353.15,89132398.15,490
0.9,0.9,DS Juv = 0.9,SNE,638021.142857143,148676.2,1327460.6,35
0.9,0.9,DS Juv = 1,CAN-NNE,51271058.7619384,18421877.175,96451360.2,440
0.9,0.9,DS Juv = 1,MAT,66552269.2092254,22544711.4,126402519.925,595
0.9,0.9,DS Juv = 1,MNE,1276456.15909091,281523.5,2406876.95,44
0.9,0.9,DS Juv = 1,SAT,49370955.6133837,14510537.1,93420300.125,435
0.9,0.9,DS Juv = 1,SNE,804424.366666667,100756.925,1687204.65,30
0.9,1,DS Juv = 0,CAN-NNE,38574258.0737248,11333989.075,73645952.4,423
0.9,1,DS Juv = 0,MAT,31934725.0146673,8333544.65,62169044.025,609
0.9,1,DS Juv = 0,MNE,4207.94871794872,0,31001.85,39
0.9,1,DS Juv = 0,SAT,32761638.2638281,7744050.125,65627133.075,433
0.9,1,DS Juv = 0,SNE,307283.225806452,12381,740265.75,31
0.9,1,DS Juv = 0.1,CAN-NNE,36707805.7400885,12865701.3,71394924.975,425
0.9,1,DS Juv = 0.1,MAT,32226145.996857,8024105.5,64683002.075,643
0.9,1,DS Juv = 0.1,MNE,6704.86956521739,0,49845.1,23
0.9,1,DS Juv = 0.1,SAT,34244491.819032,9185307.125,68467504.925,439
0.9,1,DS Juv = 0.1,SNE,386012.541666667,24225.525,878448.375,24
0.9,1,DS Juv = 0.2,CAN-NNE,40159541.1327439,12657187.025,72596154.3,412
0.9,1,DS Juv = 0.2,MAT,34980548.0051268,8819919.45,67293602.8,599
0.9,1,DS Juv = 0.2,MNE,12967.3214285714,5.375,60633.7,28
0.9,1,DS Juv = 0.2,SAT,34590344.3263661,10010658.65,64993343.5,430
0.9,1,DS Juv = 0.2,SNE,448782.090909091,15360.625,881109.225,22
0.9,1,DS Juv = 0.3,CAN-NNE,38646399.6073874,13108825.275,76588468,379
0.9,1,DS Juv = 0.3,MAT,37958313.8185233,8756531.675,73011580.875,619
0.9,1,DS Juv = 0.3,MNE,38422.78125,4.55,140448.6,32
0.9,1,DS Juv = 0.3,SAT,38915253.3052077,8782328.975,79382804.45,431
0.9,1,DS Juv = 0.3,SNE,457965.96875,48744.125,888792.825,32
0.9,1,DS Juv = 0.4,CAN-NNE,38545297.9857352,13589955.35,70288315.075,388
0.9,1,DS Juv = 0.4,MAT,36798124.5480856,9636756.1,71821465.25,601
0.9,1,DS Juv = 0.4,MNE,90040.8918918919,53,268792.8,37
0.9,1,DS Juv = 0.4,SAT,39806147.7492623,10896952.575,74992500.55,424
0.9,1,DS Juv = 0.4,SNE,427414.978723404,21775.6,1025712.8,47
0.9,1,DS Juv = 0.5,CAN-NNE,40190684.7782697,14115907.925,75373977.05,386
0.9,1,DS Juv = 0.5,MAT,40102547.4198989,10756305.2,79967131.275,594
0.9,1,DS Juv = 0.5,MNE,161038.064516129,2550.5,496639.75,31
0.9,1,DS Juv = 0.5,SAT,40419365.256966,11208130.85,78695068.7,418
0.9,1,DS Juv = 0.5,SNE,471438.84375,27190.925,1006803.95,32
0.9,1,DS Juv = 0.6,CAN-NNE,43231519.5898606,14771073.95,82848089.975,397
0.9,1,DS Juv = 0.6,MAT,41776565.1719864,11543591.525,86170631.45,595
0.9,1,DS Juv = 0.6,MNE,313071.433333333,8709.525,748784.65,30
0.9,1,DS Juv = 0.6,SAT,40506974.2849672,11550925.775,76342578.325,445
0.9,1,DS Juv = 0.6,SNE,630605.692307692,70002.625,1153230,26
0.9,1,DS Juv = 0.7,CAN-NNE,45054921.2661351,15480897.175,80700001.95,411
0.9,1,DS Juv = 0.7,MAT,48223145.7823742,13569047.8,96002763.225,582
0.9,1,DS Juv = 0.7,MNE,502626.571428571,20990.1,1093062.15,35
0.9,1,DS Juv = 0.7,SAT,44805448.2686442,14349489.175,86267832.3,392
0.9,1,DS Juv = 0.7,SNE,562580.916666667,126360.375,1232006.375,36
0.9,1,DS Juv = 0.8,CAN-NNE,48061986.7396673,16037975.1,90856142.95,419
0.9,1,DS Juv = 0.8,MAT,55453326.8237943,16138220.2,104297166.775,636
0.9,1,DS Juv = 0.8,MNE,829420.529411765,199091.8,1457816.3,34
0.9,1,DS Juv = 0.8,SAT,44601238.3407879,13234564.425,87694075.325,412
0.9,1,DS Juv = 0.8,SNE,567503.676470588,119068.975,1222300.1,34
0.9,1,DS Juv = 0.9,CAN-NNE,49380813.9476019,18374740.825,89059228.925,445
0.9,1,DS Juv = 0.9,MAT,63826531.4454907,19913852.925,120117503.6,645
0.9,1,DS Juv = 0.9,MNE,1229518.32,335671.8,2134930.8,25
0.9,1,DS Juv = 0.9,SAT,48075173.2550465,15188129.625,89648158.15,460
0.9,1,DS Juv = 0.9,SNE,800104.045454545,170163.625,1653657.875,22
0.9,1,DS Juv = 1,CAN-NNE,54463225.3681616,20425061.75,97372819.425,419
0.9,1,DS Juv = 1,MAT,77437931.2718306,24073832.825,146332643.5,572
0.9,1,DS Juv = 1,MNE,1330656.29166667,353126.8,2821353.875,24
0.9,1,DS Juv = 1,SAT,50797351.6263029,18592174.625,97788000.375,396
0.9,1,DS Juv = 1,SNE,994991.485714286,195766.5,1806305.45,35
1,0,DS Juv = 0,CAN-NNE,34211984.6684643,11244657.25,62640122.1,420
1,0,DS Juv = 0,MAT,19641457.8302046,3785267.625,38783309.15,626
1,0,DS Juv = 0,MNE,0.0909090909090909,0,0.600000000000009,33
1,0,DS Juv = 0,SAT,24784794.3011379,5047446.25,54069148.425,453
1,0,DS Juv = 0,SNE,84330.7777777778,30.875,281822,36
1,0,DS Juv = 0.1,CAN-NNE,38146657.9291429,13264479.575,69613692.4,397
1,0,DS Juv = 0.1,MAT,20302193.3152924,3703105.875,43171613.75,591
1,0,DS Juv = 0.1,MNE,0.28,0,2.4,25
1,0,DS Juv = 0.1,SAT,26437505.2375567,6123863.125,49940758.525,418
1,0,DS Juv = 0.1,SNE,101173.441176471,157.1,440643.55,34
1,0,DS Juv = 0.2,CAN-NNE,36162160.6704917,13365827.575,64897760.575,393
1,0,DS Juv = 0.2,MAT,21321487.3691557,4191522.625,43592735.75,621
1,0,DS Juv = 0.2,MNE,1.17241379310345,0,10.9,29
1,0,DS Juv = 0.2,SAT,25852925.9129357,5791135.7,55208562.025,406
1,0,DS Juv = 0.2,SNE,89330,61.7,310175.55,23
1,0,DS Juv = 0.3,CAN-NNE,36800988.2913437,13805457.975,63762109.375,341
1,0,DS Juv = 0.3,MAT,20917807.1453936,3952749.8,44474686.175,612
1,0,DS Juv = 0.3,MNE,153.575757575758,0,1300,33
1,0,DS Juv = 0.3,SAT,26898001.6122921,4904104.625,54557739.3,439
1,0,DS Juv = 0.3,SNE,98164.9696969697,98.2,324905,33
1,0,DS Juv = 0.4,CAN-NNE,37510202.4625556,12318016.05,70291250.825,439
1,0,DS Juv = 0.4,MAT,23106993.5858368,5160375.175,48032081.75,624
1,0,DS Juv = 0.4,MNE,3382.25,0,26394.625,36
1,0,DS Juv = 0.4,SAT,27558213.7400355,6600470.9,56798299.275,457
1,0,DS Juv = 0.4,SNE,136532.193548387,33,451078.25,31
1,0,DS Juv = 0.5,CAN-NNE,33482240.6157735,11344282.05,65923108.175,419
1,0,DS Juv = 0.5,MAT,24280027.5105264,4909234.475,49717569.325,601
1,0,DS Juv = 0.5,MNE,21501.8333333333,0,125231.375,36
1,0,DS Juv = 0.5,SAT,31002737.5094256,7403958.775,62731083.65,458
1,0,DS Juv = 0.5,SNE,199908.269230769,3213.25,496074.875,26
1,0,DS Juv = 0.6,CAN-NNE,37670499.5482586,12243263.6,69189408.95,389
1,0,DS Juv = 0.6,MAT,26636417.6009471,5143711,55096768.175,618
1,0,DS Juv = 0.6,MNE,78431.5151515152,5.8,286499.2,33
1,0,DS Juv = 0.6,SAT,32987012.7292629,7923289.3,63186256.7,456
1,0,DS Juv = 0.6,SNE,283004.037037037,1342.65,795832.85,27
1,0,DS Juv = 0.7,CAN-NNE,36334917.8442294,12611714.7,66572539.35,425
1,0,DS Juv = 0.7,MAT,28086072.8938882,5661033.35,59091933.2,625
1,0,DS Juv = 0.7,MNE,185250.675675676,60.6,510383.5,37
1,0,DS Juv = 0.7,SAT,33880933.2002953,8597473.525,69588466.725,409
1,0,DS Juv = 0.7,SNE,247291.538461538,1765.625,647723.5,26
1,0,DS Juv = 0.8,CAN-NNE,38711777.251142,12722929.775,77813545.75,394
1,0,DS Juv = 0.8,MAT,33674396.5758195,6574095.425,70857475.95,609
1,0,DS Juv = 0.8,MNE,341155.193548387,1086.25,831315.25,31
1,0,DS Juv = 0.8,SAT,35913802.2047094,10344856.675,72176169.45,423
1,0,DS Juv = 0.8,SNE,392667.107142857,9563.325,834411.325,28
1,0,DS Juv = 0.9,CAN-NNE,42659707.9775156,14167770.8,82559366,380
1,0,DS Juv = 0.9,MAT,40754977.5639403,9556362.575,83724091.35,608
1,0,DS Juv = 0.9,MNE,590663.606060606,30149.6,1357969,33
1,0,DS Juv = 0.9,SAT,36634563.1276246,10714458.525,73453334.575,429
1,0,DS Juv = 0.9,SNE,443072.571428571,15948.5,1027577,21
1,0,DS Juv = 1,CAN-NNE,47870527.074372,15981938.625,87362760.325,392
1,0,DS Juv = 1,MAT,50294942.2586176,12389715.525,99187900.625,583
1,0,DS Juv = 1,MNE,789795.709677419,169713.75,1840389.75,31
1,0,DS Juv = 1,SAT,42225150.1917353,11614358.325,85242341.75,432
1,0,DS Juv = 1,SNE,584635.888888889,86620.85,1311625.65,27
1,0.1,DS Juv = 0,CAN-NNE,32932686.3354923,11448695.1,65337957.55,405
1,0.1,DS Juv = 0,MAT,19998631.4219641,3914262.4,40769009.425,600
1,0.1,DS Juv = 0,MNE,0.0526315789473684,0,0.550000000000001,19
1,0.1,DS Juv = 0,SAT,26609668.1281108,5136486.475,54141128,429
1,0.1,DS Juv = 0,SNE,89183.1891891892,20.6,361332,37
1,0.1,DS Juv = 0.1,CAN-NNE,31440076.4598577,11451748.375,60852474.95,438
1,0.1,DS Juv = 0.1,MAT,20489690.990223,4365300.075,43130557.8,608
1,0.1,DS Juv = 0.1,MNE,0.214285714285714,0,2.65,28
1,0.1,DS Juv = 0.1,SAT,26228975.8119042,5136901.475,53372148.15,413
1,0.1,DS Juv = 0.1,SNE,114578.46875,11.85,411800.625,32
1,0.1,DS Juv = 0.2,CAN-NNE,36293315.8863329,12062198.9,64870884.025,441
1,0.1,DS Juv = 0.2,MAT,20518489.2432704,3699090.475,44441161.5,628
1,0.1,DS Juv = 0.2,MNE,16.59375,0,111.824999999999,32
1,0.1,DS Juv = 0.2,SAT,25452533.3251356,4897353.95,54632764.25,383
1,0.1,DS Juv = 0.2,SNE,102969.2,50.15,324906.25,35
1,0.1,DS Juv = 0.3,CAN-NNE,37978996.3246781,12002768.375,69685533.225,383
1,0.1,DS Juv = 0.3,MAT,21992219.8777278,3827053.15,46431022.75,601
1,0.1,DS Juv = 0.3,MNE,198.484848484848,0,1690.8,33
1,0.1,DS Juv = 0.3,SAT,26423501.6902002,6053389.5,54809542.625,427
1,0.1,DS Juv = 0.3,SNE,122720.214285714,200.3,380435.95,28
1,0.1,DS Juv = 0.4,CAN-NNE,37612951.3597829,12492108.9,67769152.075,390
1,0.1,DS Juv = 0.4,MAT,22285769.0996087,4548670.775,46515251.4,569
1,0.1,DS Juv = 0.4,MNE,1924.37254901961,0,14243.5,51
1,0.1,DS Juv = 0.4,SAT,30120962.333889,7898020.825,58490422.475,451
1,0.1,DS Juv = 0.4,SNE,178361.741935484,137.25,536867.25,31
1,0.1,DS Juv = 0.5,CAN-NNE,37024383.4918947,11202337.55,72522445.175,382
1,0.1,DS Juv = 0.5,MAT,26252583.6173588,4199147.875,51404444.275,569
1,0.1,DS Juv = 0.5,MNE,9944.61290322581,0,74898.75,31
1,0.1,DS Juv = 0.5,SAT,31756481.8787884,6663493.775,66190893.975,470
1,0.1,DS Juv = 0.5,SNE,260923.458333333,675.675,615211.925,24
1,0.1,DS Juv = 0.6,CAN-NNE,37695489.2483194,11337492.55,67480992.05,388
1,0.1,DS Juv = 0.6,MAT,28374267.9775985,6358960.55,56378465.775,643
1,0.1,DS Juv = 0.6,MNE,48258.5777777778,4.1,312253.8,45
1,0.1,DS Juv = 0.6,SAT,34121132.6743775,8602709.425,61983322.725,410
1,0.1,DS Juv = 0.6,SNE,229470.125,243.275,645294.875,24
1,0.1,DS Juv = 0.7,CAN-NNE,39616956.6641099,10972995.55,78216808.85,398
1,0.1,DS Juv = 0.7,MAT,31413984.5388417,6884324.45,63302341.175,667
1,0.1,DS Juv = 0.7,MNE,209905.333333333,189.65,536412,27
1,0.1,DS Juv = 0.7,SAT,36586582.234198,9001724.375,68459764.4,440
1,0.1,DS Juv = 0.7,SNE,265340.413793103,4123.8,676798.5,29
1,0.1,DS Juv = 0.8,CAN-NNE,43101114.1571616,12999257.775,81369820.9,416
1,0.1,DS Juv = 0.8,MAT,36607531.5215535,7979736,73049936.275,639
1,0.1,DS Juv = 0.8,MNE,273239.821428571,398.725,787666.3,28
1,0.1,DS Juv = 0.8,SAT,39020006.6797834,10926195.9,72458141.475,444
1,0.1,DS Juv = 0.8,SNE,349731.535714286,1473.375,961760.425,28
1,0.1,DS Juv = 0.9,CAN-NNE,40860251.3114918,14660671.25,84378192.95,404
1,0.1,DS Juv = 0.9,MAT,41425725.0275659,9861816.175,83209297.475,576
1,0.1,DS Juv = 0.9,MNE,517665.166666667,38308.425,1279333.475,24
1,0.1,DS Juv = 0.9,SAT,39020347.3682027,9813860.35,77303925.325,427
1,0.1,DS Juv = 0.9,SNE,406555.848484849,9278.8,1030570.4,33
1,0.1,DS Juv = 1,CAN-NNE,47764739.7637332,18933606.05,85959389.75,386
1,0.1,DS Juv = 1,MAT,51667683.8691819,13460878.475,99614732.1,649
1,0.1,DS Juv = 1,MNE,928702.458333333,113311.325,1905058.55,24
1,0.1,DS Juv = 1,SAT,41596585.0089713,12709156.025,84053504.425,397
1,0.1,DS Juv = 1,SNE,542182.416666667,63924.125,1439435.25,36
1,0.2,DS Juv = 0,CAN-NNE,32848712.6514635,10743394.6,60984345.925,428
1,0.2,DS Juv = 0,MAT,18168874.4221026,3463446.975,40157390.775,607
1,0.2,DS Juv = 0,MNE,0.1,0,1.05,20
1,0.2,DS Juv = 0,SAT,24375782.5989699,4984637.125,51822790.55,397
1,0.2,DS Juv = 0,SNE,112674.071428571,29.175,355656.9,28
1,0.2,DS Juv = 0.1,CAN-NNE,33435863.0073365,11054498.55,65845997.725,394
1,0.2,DS Juv = 0.1,MAT,19054718.9588886,3396111,41384877.925,613
1,0.2,DS Juv = 0.1,MNE,0.88,0,7.2,25
1,0.2,DS Juv = 0.1,SAT,25712234.5469124,5573770.125,55202728,434
1,0.2,DS Juv = 0.1,SNE,107744.064516129,55.25,364009.5,31
1,0.2,DS Juv = 0.2,CAN-NNE,34670975.547243,12232191.65,66526354.95,393
1,0.2,DS Juv = 0.2,MAT,20947367.3190874,4346926.775,43555700.8,596
1,0.2,DS Juv = 0.2,MNE,14.75,0,102.3,28
1,0.2,DS Juv = 0.2,SAT,27133488.709348,6640373.275,51860240.725,464
1,0.2,DS Juv = 0.2,SNE,182489.48,241.4,579055.4,25
1,0.2,DS Juv = 0.3,CAN-NNE,34801712.2754934,11724781.5,68654789.025,369
1,0.2,DS Juv = 0.3,MAT,22639002.6190829,4675355.675,46114004.925,628
1,0.2,DS Juv = 0.3,MNE,36.2647058823529,0,214.375,34
1,0.2,DS Juv = 0.3,SAT,27894945.6985146,6501727.8,60545681.325,419
1,0.2,DS Juv = 0.3,SNE,147323.142857143,135.6,544734.1,35
1,0.2,DS Juv = 0.4,CAN-NNE,34560718.3069569,11646459.675,65542289.9,410
1,0.2,DS Juv = 0.4,MAT,22512271.5647826,4001575.025,47869312.875,568
1,0.2,DS Juv = 0.4,MNE,390.6,0,2692.37499999999,30
1,0.2,DS Juv = 0.4,SAT,28586794.4005308,6352064.075,58428770.2,404
1,0.2,DS Juv = 0.4,SNE,213016.925,416.975,496682.05,40
1,0.2,DS Juv = 0.5,CAN-NNE,34989618.3771503,12525272.125,70531913.45,387
1,0.2,DS Juv = 0.5,MAT,26025006.6102892,5953235.775,53565203,606
1,0.2,DS Juv = 0.5,MNE,25909.962962963,0,196633.55,27
1,0.2,DS Juv = 0.5,SAT,31386686.9875642,6056933.1,61624812.45,432
1,0.2,DS Juv = 0.5,SNE,246233.692307692,196.375,549622,26
1,0.2,DS Juv = 0.6,CAN-NNE,36516585.4137199,13416424.15,68396851.65,385
1,0.2,DS Juv = 0.6,MAT,28029930.8318485,5990581.725,57624513.125,580
1,0.2,DS Juv = 0.6,MNE,63742.3428571429,19.7,236826.3,35
1,0.2,DS Juv = 0.6,SAT,31738134.0506717,7117401.925,63860195.275,443
1,0.2,DS Juv = 0.6,SNE,233720.9,1695.725,645838.175,20
1,0.2,DS Juv = 0.7,CAN-NNE,38001747.1673554,12533061.9,71912564.875,382
1,0.2,DS Juv = 0.7,MAT,32624850.3788528,7091550.7,66230134.375,630
1,0.2,DS Juv = 0.7,MNE,194875.923076923,269,471911.75,26
1,0.2,DS Juv = 0.7,SAT,34370585.3532605,9237206.675,70804640.55,415
1,0.2,DS Juv = 0.7,SNE,288524.903225806,3477.25,801790.25,31
1,0.2,DS Juv = 0.8,CAN-NNE,39467661.9972741,12588465.925,75314770.725,395
1,0.2,DS Juv = 0.8,MAT,36437189.5584442,8884749.4,72040908.1,573
1,0.2,DS Juv = 0.8,MNE,314311.846153846,3871,823126,26
1,0.2,DS Juv = 0.8,SAT,38326729.4980009,11218008.2,73994639.6,397
1,0.2,DS Juv = 0.8,SNE,276277.125,8835.525,754968.9,32
1,0.2,DS Juv = 0.9,CAN-NNE,43506263.1951441,13760066.875,83588847.725,380
1,0.2,DS Juv = 0.9,MAT,42422113.722564,9875720.675,84215194.825,632
1,0.2,DS Juv = 0.9,MNE,542773.580645161,32825,1170246.5,31
1,0.2,DS Juv = 0.9,SAT,39394326.2742209,8370909.4,75096110.5,409
1,0.2,DS Juv = 0.9,SNE,413309.951219512,7705,945096,41
1,0.2,DS Juv = 1,CAN-NNE,50216871.5680393,15784441.8,90421809.225,401
1,0.2,DS Juv = 1,MAT,50637234.5795972,13804761.275,101057137.3,631
1,0.2,DS Juv = 1,MNE,961469.419354839,244760.5,1881446.75,31
1,0.2,DS Juv = 1,SAT,43482876.5070426,13955092.6,84503326.475,434
1,0.2,DS Juv = 1,SNE,601303.206896552,55861.1,1338924.8,29
1,0.3,DS Juv = 0,CAN-NNE,34557373.4788114,12106285.925,64587389.25,386
1,0.3,DS Juv = 0,MAT,19833271.7059941,3934292.725,42575381.975,604
1,0.3,DS Juv = 0,MNE,0.0967741935483871,0,1.25,31
1,0.3,DS Juv = 0,SAT,25070818.548197,5527030.375,52900327.8,435
1,0.3,DS Juv = 0,SNE,114759.448275862,211.3,395327.7,29
1,0.3,DS Juv = 0.1,CAN-NNE,32146553.7457784,9700538.9,64558989.925,423
1,0.3,DS Juv = 0.1,MAT,20523661.6244972,3479691.45,43388613.6,643
1,0.3,DS Juv = 0.1,MNE,2.11764705882353,0,15.0749999999999,34
1,0.3,DS Juv = 0.1,SAT,26316138.271283,5498412.65,52941250.025,384
1,0.3,DS Juv = 0.1,SNE,106854.8,19.625,327942.775,30
1,0.3,DS Juv = 0.2,CAN-NNE,35482739.0884697,11852408.75,66735175.625,371
1,0.3,DS Juv = 0.2,MAT,21396710.5931878,3796470.675,45792523.05,595
1,0.3,DS Juv = 0.2,MNE,63,0,727,25
1,0.3,DS Juv = 0.2,SAT,27773085.0798072,5905353.275,56895818.825,426
1,0.3,DS Juv = 0.2,SNE,89079.7222222222,53.75,325547.875,36
1,0.3,DS Juv = 0.3,CAN-NNE,34324609.736916,11637409.75,65215677.1,406
1,0.3,DS Juv = 0.3,MAT,21442798.0582461,4162069.625,47438095.725,653
1,0.3,DS Juv = 0.3,MNE,121.676470588235,0,782.024999999999,34
1,0.3,DS Juv = 0.3,SAT,30090099.5029638,5883917.275,61931596.75,445
1,0.3,DS Juv = 0.3,SNE,174770.321428571,167.8,573541.575,28
1,0.3,DS Juv = 0.4,CAN-NNE,35949518.2251867,12632369.175,68397136.6,414
1,0.3,DS Juv = 0.4,MAT,24048323.3774938,5227254,50901992.75,660
1,0.3,DS Juv = 0.4,MNE,799.024390243902,0,3520,41
1,0.3,DS Juv = 0.4,SAT,31933269.7655754,6959723.975,60711149.775,417
1,0.3,DS Juv = 0.4,SNE,212407.382352941,482.4,535220.425,34
1,0.3,DS Juv = 0.5,CAN-NNE,36587223.4124513,12074364.15,66603133.7,403
1,0.3,DS Juv = 0.5,MAT,25971094.0570826,5477867.4,54785131.325,645
1,0.3,DS Juv = 0.5,MNE,14131.8157894737,0,113115.85,38
1,0.3,DS Juv = 0.5,SAT,32753510.6377874,8324815.55,64279345.175,428
1,0.3,DS Juv = 0.5,SNE,197525.225,86.75,631382.95,40
1,0.3,DS Juv = 0.6,CAN-NNE,39256798.545776,12370147.6,71268436.45,436
1,0.3,DS Juv = 0.6,MAT,28115555.2542594,5708417.85,58045159.225,605
1,0.3,DS Juv = 0.6,MNE,109562.636363636,8.4,293046.375,22
1,0.3,DS Juv = 0.6,SAT,33285757.1929934,7979520.375,64818977.125,423
1,0.3,DS Juv = 0.6,SNE,221194.941176471,1784.575,561738.75,34
1,0.3,DS Juv = 0.7,CAN-NNE,37347221.0899237,11851852.425,68224609,375
1,0.3,DS Juv = 0.7,MAT,30048037.2120345,7301933.025,62721821.25,607
1,0.3,DS Juv = 0.7,MNE,184113.95,306.65,586705.525,20
1,0.3,DS Juv = 0.7,SAT,36430105.048149,10390272.125,68676199.8,428
1,0.3,DS Juv = 0.7,SNE,383108.484848485,2431.8,847741.6,33
1,0.3,DS Juv = 0.8,CAN-NNE,41723256.5870765,13185916.775,78093961.925,383
1,0.3,DS Juv = 0.8,MAT,37616448.6024736,8111308.85,76093810.425,685
1,0.3,DS Juv = 0.8,MNE,230973.972972973,4406.3,785549.6,37
1,0.3,DS Juv = 0.8,SAT,40057428.5772084,9896281.925,81255590.025,456
1,0.3,DS Juv = 0.8,SNE,404993.621621622,17408.7,837504.2,37
1,0.3,DS Juv = 0.9,CAN-NNE,44509216.0735341,14071434.55,80496992.075,391
1,0.3,DS Juv = 0.9,MAT,43980428.1990812,8875044.975,86394094.175,612
1,0.3,DS Juv = 0.9,MNE,538754.433333333,36905.775,1077067.475,30
1,0.3,DS Juv = 0.9,SAT,43069686.3712934,12193623.575,82244380.425,457
1,0.3,DS Juv = 0.9,SNE,381286.64516129,19899.25,1025706.5,31
1,0.3,DS Juv = 1,CAN-NNE,46319062.6394951,15697356.6,88705467.95,404
1,0.3,DS Juv = 1,MAT,51618195.009089,13669465.725,96374647.925,616
1,0.3,DS Juv = 1,MNE,935440.580645161,120856.75,1797500.75,31
1,0.3,DS Juv = 1,SAT,46360397.9663625,13495752.3,88065617.625,425
1,0.3,DS Juv = 1,SNE,521396.827586207,131810.4,1160431.9,29
1,0.4,DS Juv = 0,CAN-NNE,32935727.770748,11197264.55,67144842.325,410
1,0.4,DS Juv = 0,MAT,21183687.4010188,4509302.35,43593169.15,604
1,0.4,DS Juv = 0,MNE,0.515151515151515,0,3.40000000000005,33
1,0.4,DS Juv = 0,SAT,26526875.9866612,5126747.075,56039425.325,439
1,0.4,DS Juv = 0,SNE,70043.1724137931,36.5,266059.5,29
1,0.4,DS Juv = 0.1,CAN-NNE,38105032.3407388,12024966.05,67014848.95,395
1,0.4,DS Juv = 0.1,MAT,21159855.3580044,4215599.175,46379836.9,628
1,0.4,DS Juv = 0.1,MNE,2.79310344827586,0,24.8,29
1,0.4,DS Juv = 0.1,SAT,26969842.5145408,6146568.275,57659544.125,480
1,0.4,DS Juv = 0.1,SNE,92300.6551724138,42.1,410472.7,29
1,0.4,DS Juv = 0.2,CAN-NNE,36156345.0310367,12726964.575,69578214.275,408
1,0.4,DS Juv = 0.2,MAT,21390689.3764617,4169762.3,46975351.45,622
1,0.4,DS Juv = 0.2,MNE,21.3913043478261,0,138.2,23
1,0.4,DS Juv = 0.2,SAT,27495677.9378572,6210937.125,55615236.575,410
1,0.4,DS Juv = 0.2,SNE,121051.827586207,103.1,383038,29
1,0.4,DS Juv = 0.3,CAN-NNE,37363930.0192252,12417996.2,66744923.85,411
1,0.4,DS Juv = 0.3,MAT,23045193.4882495,4900747.825,49037136.725,633
1,0.4,DS Juv = 0.3,MNE,44.04,0,433.799999999999,25
1,0.4,DS Juv = 0.3,SAT,29338043.8373366,6147329.6,58964756.1,459
1,0.4,DS Juv = 0.3,SNE,164746.483870968,1308,453346.5,31
1,0.4,DS Juv = 0.4,CAN-NNE,38241741.9898806,12774824.675,71687907.025,379
1,0.4,DS Juv = 0.4,MAT,24017785.7385257,5615766.825,51486072.8,613
1,0.4,DS Juv = 0.4,MNE,2393.08695652174,0,18897.5,23
1,0.4,DS Juv = 0.4,SAT,31515638.3429095,7104930.55,62771238.35,418
1,0.4,DS Juv = 0.4,SNE,231206.75,1491.375,610301.375,16
1,0.4,DS Juv = 0.5,CAN-NNE,37136202.7165069,13271179.775,65848163.775,411
1,0.4,DS Juv = 0.5,MAT,26339775.6065278,5319190.85,54601538.45,675
1,0.4,DS Juv = 0.5,MNE,14288,0,83922,31
1,0.4,DS Juv = 0.5,SAT,32877552.5907512,9132678.8,64483903.05,403
1,0.4,DS Juv = 0.5,SNE,167235.24137931,102.8,400072.2,29
1,0.4,DS Juv = 0.6,CAN-NNE,40349028.1650731,11520810.6,72890860.625,419
1,0.4,DS Juv = 0.6,MAT,30547652.2241108,6847929.175,61416022.95,605
1,0.4,DS Juv = 0.6,MNE,59548.8846153846,2.5,272497,26
1,0.4,DS Juv = 0.6,SAT,36159428.7446829,9394118.175,66805950.8,437
1,0.4,DS Juv = 0.6,SNE,225791.888888889,2202.45,634935.05,27
1,0.4,DS Juv = 0.7,CAN-NNE,40847426.4091541,13264292.3,77808581.3,383
1,0.4,DS Juv = 0.7,MAT,32049405.0736647,7500941.75,64013347.525,638
1,0.4,DS Juv = 0.7,MNE,203564.333333333,76.5,536290,36
1,0.4,DS Juv = 0.7,SAT,38028467.618694,9890604.225,71049419.275,425
1,0.4,DS Juv = 0.7,SNE,314862.055555556,2779.975,736857.75,18
1,0.4,DS Juv = 0.8,CAN-NNE,41794654.3575899,14222542.575,76724323.05,383
1,0.4,DS Juv = 0.8,MAT,39356535.9384564,8868722.65,72491073.7,593
1,0.4,DS Juv = 0.8,MNE,291382.878787879,1037,686478.400000001,33
1,0.4,DS Juv = 0.8,SAT,38784269.4853363,10173225.15,77137014.975,390
1,0.4,DS Juv = 0.8,SNE,277988.161290323,20508.75,739998.75,31
1,0.4,DS Juv = 0.9,CAN-NNE,44940176.0329305,13777930.625,84029409.75,397
1,0.4,DS Juv = 0.9,MAT,45367713.5891185,10524052.5,89712910.475,654
1,0.4,DS Juv = 0.9,MNE,531186.233333333,6375.725,1323504.2,30
1,0.4,DS Juv = 0.9,SAT,43268803.6467902,12061591.575,81520889.075,447
1,0.4,DS Juv = 0.9,SNE,467500.814814815,44874.9,941708.1,27
1,0.4,DS Juv = 1,CAN-NNE,48073637.5133265,16489715.05,93920253.15,428
1,0.4,DS Juv = 1,MAT,55158015.7744635,15416325.375,107232584.45,628
1,0.4,DS Juv = 1,MNE,1139128.5,191340.375,2419652.025,34
1,0.4,DS Juv = 1,SAT,45376162.4403528,13467463.225,86184233.75,417
1,0.4,DS Juv = 1,SNE,629287.571428571,74214,1217642.45,35
1,0.5,DS Juv = 0,CAN-NNE,35246738.7671122,11554387.1,70298958.025,385
1,0.5,DS Juv = 0,MAT,21665580.5672452,4296169.675,46349883.875,606
1,0.5,DS Juv = 0,MNE,0.945945945945946,0,8.50000000000002,37
1,0.5,DS Juv = 0,SAT,26647447.0543796,4366957.75,54859906.975,431
1,0.5,DS Juv = 0,SNE,111548.066666667,41.425,353814.25,30
1,0.5,DS Juv = 0.1,CAN-NNE,34952407.2499644,12554796.45,69565125.3,423
1,0.5,DS Juv = 0.1,MAT,22111296.9543652,4712862.575,46322670.7,599
1,0.5,DS Juv = 0.1,MNE,2.32258064516129,0,20.5,31
1,0.5,DS Juv = 0.1,SAT,29024292.2434506,6202038.45,55656754.375,451
1,0.5,DS Juv = 0.1,SNE,143721.53125,275.45,376621.65,32
1,0.5,DS Juv = 0.2,CAN-NNE,34711945.7523525,12498745.325,69537031.725,425
1,0.5,DS Juv = 0.2,MAT,22547246.8449143,4788084.125,47727409.925,652
1,0.5,DS Juv = 0.2,MNE,22,0,146.3,29
1,0.5,DS Juv = 0.2,SAT,30250597.4280175,5965969.25,62540296.1,415
1,0.5,DS Juv = 0.2,SNE,149262.935483871,548.5,453174,31
1,0.5,DS Juv = 0.3,CAN-NNE,35745379.5701828,12345016,70945029.275,419
1,0.5,DS Juv = 0.3,MAT,23142871.0742239,4129726.225,50312461.175,578
1,0.5,DS Juv = 0.3,MNE,517.033333333333,0,3904.14999999999,30
1,0.5,DS Juv = 0.3,SAT,32085165.1523181,8332589.675,60867434.95,443
1,0.5,DS Juv = 0.3,SNE,200428.6,405.8,514183.6,25
1,0.5,DS Juv = 0.4,CAN-NNE,36710629.5202846,12658756.75,68321405.875,415
1,0.5,DS Juv = 0.4,MAT,25791146.3558522,5987198.775,54064621.925,623
1,0.5,DS Juv = 0.4,MNE,3387.75862068966,0,15353,29
1,0.5,DS Juv = 0.4,SAT,31727018.7261578,7389255.975,63127639.525,416
1,0.5,DS Juv = 0.4,SNE,200324.171428571,191.05,608389.4,35
1,0.5,DS Juv = 0.5,CAN-NNE,37303685.8023533,11297686.525,68594297.075,400
1,0.5,DS Juv = 0.5,MAT,26512704.3930565,6481082.225,55437404.475,604
1,0.5,DS Juv = 0.5,MNE,11765.2068965517,0,63441.5,29
1,0.5,DS Juv = 0.5,SAT,33558746.3164596,9542814.2,66249710.9,420
1,0.5,DS Juv = 0.5,SNE,242714.378378378,313.9,618715.1,37
1,0.5,DS Juv = 0.6,CAN-NNE,39070214.0291234,13669850.025,68000250.375,394
1,0.5,DS Juv = 0.6,MAT,30172913.749637,6734167.875,64184386.325,616
1,0.5,DS Juv = 0.6,MNE,70396.0344827586,28,238488.6,29
1,0.5,DS Juv = 0.6,SAT,37535524.976316,9449104.875,72914040.45,398
1,0.5,DS Juv = 0.6,SNE,272086.473684211,1959.5,781786.599999999,38
1,0.5,DS Juv = 0.7,CAN-NNE,36622005.9869471,12488930.25,71942622.675,403
1,0.5,DS Juv = 0.7,MAT,35252204.9494325,7825659.825,70140587.425,628
1,0.5,DS Juv = 0.7,MNE,178576.769230769,751.5,487339.5,26
1,0.5,DS Juv = 0.7,SAT,36222977.8517635,11216156.85,71050924.375,432
1,0.5,DS Juv = 0.7,SNE,386723.972972973,869.1,836506.5,37
1,0.5,DS Juv = 0.8,CAN-NNE,42733788.4352325,13228891.15,76615534.55,415
1,0.5,DS Juv = 0.8,MAT,39855525.4159409,8943209,79499235.8,630
1,0.5,DS Juv = 0.8,MNE,348548.333333333,11852.45,811083.55,27
1,0.5,DS Juv = 0.8,SAT,39228905.8446981,9852825.225,81548310.975,445
1,0.5,DS Juv = 0.8,SNE,429818.558823529,4177.425,929594.449999999,34
1,0.5,DS Juv = 0.9,CAN-NNE,45156031.5464771,13179895,86795627.075,401
1,0.5,DS Juv = 0.9,MAT,46890987.9023856,11285302.45,92058836.25,605
1,0.5,DS Juv = 0.9,MNE,645383.424242424,21383.2,1507207,33
1,0.5,DS Juv = 0.9,SAT,42358441.7949956,11196692.55,83777378.55,462
1,0.5,DS Juv = 0.9,SNE,442195.740740741,38997.15,948822.45,27
1,0.5,DS Juv = 1,CAN-NNE,51113034.0829633,17368548.05,94765656.225,406
1,0.5,DS Juv = 1,MAT,55974849.1547882,15222732.9,106805221.125,586
1,0.5,DS Juv = 1,MNE,1161086,271378.75,2185311.5,26
1,0.5,DS Juv = 1,SAT,45744550.8039549,12909384.1,91303112.975,458
1,0.5,DS Juv = 1,SNE,597848.384615385,97563.25,1430919.5,39
1,0.6,DS Juv = 0,CAN-NNE,37067534.8775329,11868915.025,67742695.475,423
1,0.6,DS Juv = 0,MAT,23498668.7485982,4675604.45,45780837.25,612
1,0.6,DS Juv = 0,MNE,0.478260869565217,0,4.8,23
1,0.6,DS Juv = 0,SAT,28453807.3379615,6765667.95,58099414.65,444
1,0.6,DS Juv = 0,SNE,103040.151515152,78.4,384050,33
1,0.6,DS Juv = 0.1,CAN-NNE,34601927.5270802,11452933.4,63126247.2,397
1,0.6,DS Juv = 0.1,MAT,24186873.7539018,5087506,47708932.3,587
1,0.6,DS Juv = 0.1,MNE,10.5,0,77.9999999999998,22
1,0.6,DS Juv = 0.1,SAT,30146542.8450701,5647309.525,61342656.7,418
1,0.6,DS Juv = 0.1,SNE,116999.206896552,133.9,460004.7,29
1,0.6,DS Juv = 0.2,CAN-NNE,38986103.1325601,11980723.55,71638112.5,385
1,0.6,DS Juv = 0.2,MAT,23055322.1730858,5162355.425,47453159,642
1,0.6,DS Juv = 0.2,MNE,21.9756097560976,0,237,41
1,0.6,DS Juv = 0.2,SAT,29782304.9401168,7071642.7,59580518.75,467
1,0.6,DS Juv = 0.2,SNE,173867.09375,497.5,437895.65,32
1,0.6,DS Juv = 0.3,CAN-NNE,33983448.2233904,11196409.025,70110550.475,384
1,0.6,DS Juv = 0.3,MAT,24893835.4470691,5071831.3,50048278.35,631
1,0.6,DS Juv = 0.3,MNE,309.457142857143,0,2728.34999999999,35
1,0.6,DS Juv = 0.3,SAT,33226419.5672173,8192301.2,65354770.65,395
1,0.6,DS Juv = 0.3,SNE,198257.612903226,350.5,485983.25,31
1,0.6,DS Juv = 0.4,CAN-NNE,36965342.6434328,12157089.975,70994512.85,386
1,0.6,DS Juv = 0.4,MAT,25401070.7318555,5589040.95,54190754.4,632
1,0.6,DS Juv = 0.4,MNE,5014.07142857143,0,27700.425,28
1,0.6,DS Juv = 0.4,SAT,33262222.9418257,8821194.675,64904791.625,378
1,0.6,DS Juv = 0.4,SNE,151001.743589744,207.7,539295,39
1,0.6,DS Juv = 0.5,CAN-NNE,39765956.9533584,12602056.025,69962929.1,394
1,0.6,DS Juv = 0.5,MAT,29064220.8623563,6621350.15,58258148.3,598
1,0.6,DS Juv = 0.5,MNE,19105.4444444444,0.65,124784.15,27
1,0.6,DS Juv = 0.5,SAT,37203224.9812397,8857287,69270812.75,388
1,0.6,DS Juv = 0.5,SNE,268778.176470588,175.4,588840.675,34
1,0.6,DS Juv = 0.6,CAN-NNE,39566522.784413,13380341.825,72284869.125,410
1,0.6,DS Juv = 0.6,MAT,31930361.6286732,5983246.2,66354393,642
1,0.6,DS Juv = 0.6,MNE,57534.2,4.35,284265.025,30
1,0.6,DS Juv = 0.6,SAT,40212984.6787389,9563685.45,71824849.3,396
1,0.6,DS Juv = 0.6,SNE,250893.066666667,864.7,646032.5,45
1,0.6,DS Juv = 0.7,CAN-NNE,40762536.2402984,13404193.575,78823711.2,408
1,0.6,DS Juv = 0.7,MAT,35942807.2716316,8478389.9,72133453.1,616
1,0.6,DS Juv = 0.7,MNE,181059.966666667,857.625,532889.6,30
1,0.6,DS Juv = 0.7,SAT,38255159.7239247,8886875.35,76526193.45,458
1,0.6,DS Juv = 0.7,SNE,419371.3125,12987.9,830603.275,32
1,0.6,DS Juv = 0.8,CAN-NNE,42539360.5935149,14761415.15,79274813.35,410
1,0.6,DS Juv = 0.8,MAT,41570703.5162899,10124988.025,85016141.375,598
1,0.6,DS Juv = 0.8,MNE,432651.071428571,5328.6,865456.6,28
1,0.6,DS Juv = 0.8,SAT,40463107.641192,11399609.55,83275159.475,405
1,0.6,DS Juv = 0.8,SNE,500376.081081081,13885.6,948354.7,37
1,0.6,DS Juv = 0.9,CAN-NNE,43653567.65639,13846917.15,83997544.275,385
1,0.6,DS Juv = 0.9,MAT,49196709.5822607,10818582.575,94472137.6,629
1,0.6,DS Juv = 0.9,MNE,619354.615384615,64473.125,1437915.75,26
1,0.6,DS Juv = 0.9,SAT,46350589.7752296,13071772.5,88939629.525,416
1,0.6,DS Juv = 0.9,SNE,570220.791666667,21717.025,1271103.675,24
1,0.6,DS Juv = 1,CAN-NNE,50279039.0703,16950045.275,94542068.5,398
1,0.6,DS Juv = 1,MAT,59758924.5698519,16817816.725,111483955.25,611
1,0.6,DS Juv = 1,MNE,1229680.23333333,248532,2219614.975,30
1,0.6,DS Juv = 1,SAT,47514976.9781466,13453420.725,87956044.175,410
1,0.6,DS Juv = 1,SNE,812414.24,63650.2,1781791,25
1,0.7,DS Juv = 0,CAN-NNE,34585502.6462635,11994955.925,67977457.725,445
1,0.7,DS Juv = 0,MAT,23890018.7173097,4527182.675,47596048.2,605
1,0.7,DS Juv = 0,MNE,0.225806451612903,0,3.25,31
1,0.7,DS Juv = 0,SAT,27589137.7881392,5788647.275,56307874.95,434
1,0.7,DS Juv = 0,SNE,137084.5625,97.65,369516.4,32
1,0.7,DS Juv = 0.1,CAN-NNE,36347424.4826851,11896565.9,69685299.35,412
1,0.7,DS Juv = 0.1,MAT,24285803.2689694,4973794.275,49412066.3,612
1,0.7,DS Juv = 0.1,MNE,4.58333333333333,0,22.975,24
1,0.7,DS Juv = 0.1,SAT,31583436.546214,7887787.9,61957497.65,429
1,0.7,DS Juv = 0.1,SNE,120718.35483871,236,485797.75,31
1,0.7,DS Juv = 0.2,CAN-NNE,34413195.6512588,11864950.35,62333884.25,428
1,0.7,DS Juv = 0.2,MAT,25815570.7362558,5210443.675,51471662.05,633
1,0.7,DS Juv = 0.2,MNE,24.0714285714286,0,205.775,28
1,0.7,DS Juv = 0.2,SAT,31918823.6830103,7306090.3,64232416.65,405
1,0.7,DS Juv = 0.2,SNE,158307.125,364.575,520573.25,48
1,0.7,DS Juv = 0.3,CAN-NNE,36440605.6235675,13177106.9,70512043.8,374
1,0.7,DS Juv = 0.3,MAT,25571534.7600017,5789681.65,53181629.625,637
1,0.7,DS Juv = 0.3,MNE,924.384615384615,0,6314.25,26
1,0.7,DS Juv = 0.3,SAT,31968666.6937951,7706575.325,63737942.775,431
1,0.7,DS Juv = 0.3,SNE,249120.444444444,367.45,612498.25,27
1,0.7,DS Juv = 0.4,CAN-NNE,38567463.1904805,13630304.525,70875106.2,432
1,0.7,DS Juv = 0.4,MAT,27259432.8728844,5489840.45,55895410.675,619
1,0.7,DS Juv = 0.4,MNE,6286.63333333333,0,54166.5999999999,30
1,0.7,DS Juv = 0.4,SAT,32421917.8117852,7984004.5,67225269.475,446
1,0.7,DS Juv = 0.4,SNE,263828.777777778,3187.6,610548.45,27
1,0.7,DS Juv = 0.5,CAN-NNE,39660575.8944337,13788768.3,75199592.6,405
1,0.7,DS Juv = 0.5,MAT,32190648.2364419,6582553.5,64525341.275,619
1,0.7,DS Juv = 0.5,MNE,55022.4375,3.1,214270.725,32
1,0.7,DS Juv = 0.5,SAT,36343932.0824311,8349321.15,70521700.75,470
1,0.7,DS Juv = 0.5,SNE,300652.586206897,3998.9,622061.8,29
1,0.7,DS Juv = 0.6,CAN-NNE,41257653.9387316,13186922.4,78230453.75,400
1,0.7,DS Juv = 0.6,MAT,33400429.2300706,7779561.475,68986852.75,626
1,0.7,DS Juv = 0.6,MNE,109699.545454545,189.95,253173.5,22
1,0.7,DS Juv = 0.6,SAT,36599312.3226721,8995968.55,74165135.775,459
1,0.7,DS Juv = 0.6,SNE,327776.791666667,21926.7,774022.2,24
1,0.7,DS Juv = 0.7,CAN-NNE,43163971.4650061,13794011.075,81014438,386
1,0.7,DS Juv = 0.7,MAT,37753760.8701602,9160200.275,72902974.375,613
1,0.7,DS Juv = 0.7,MNE,216231.722222222,241.125,577462.25,36
1,0.7,DS Juv = 0.7,SAT,39922857.5004083,11576985.1,84908626.25,440
1,0.7,DS Juv = 0.7,SNE,344780.413793103,10292.4,818326.8,29
1,0.7,DS Juv = 0.8,CAN-NNE,43187610.2273142,14026983.8,81430466.025,417
1,0.7,DS Juv = 0.8,MAT,42356169.6650834,11015998.525,82932796.9,660
1,0.7,DS Juv = 0.8,MNE,368211.583333333,8354.275,943867.925,24
1,0.7,DS Juv = 0.8,SAT,42882928.3289139,10208018.875,83587212.575,445
1,0.7,DS Juv = 0.8,SNE,367013.090909091,12339.2,833866.8,33
1,0.7,DS Juv = 0.9,CAN-NNE,45209525.6670195,14829607.725,84579809.6,356
1,0.7,DS Juv = 0.9,MAT,51080882.670799,12311139.825,101671242.9,612
1,0.7,DS Juv = 0.9,MNE,855383.695652174,351797.85,1693251.4,23
1,0.7,DS Juv = 0.9,SAT,43186777.083336,11813448.875,87603235.25,408
1,0.7,DS Juv = 0.9,SNE,558527.756756757,80513.1,1364011.6,37
1,0.7,DS Juv = 1,CAN-NNE,53509594.1854715,19121929.5,95784065.75,341
1,0.7,DS Juv = 1,MAT,65558827.3860398,17431392.25,124881693.625,619
1,0.7,DS Juv = 1,MNE,1277868.64285714,237603.075,2354532.6,28
1,0.7,DS Juv = 1,SAT,50008060.1560438,16020654.75,96930850.45,443
1,0.7,DS Juv = 1,SNE,853958.2,135364.825,1785983.15,30
1,0.8,DS Juv = 0,CAN-NNE,37313932.0542355,11494098.275,69981324.775,409
1,0.8,DS Juv = 0,MAT,24715638.8205094,4907638.475,52504947.975,627
1,0.8,DS Juv = 0,MNE,4.06451612903226,0,32.75,31
1,0.8,DS Juv = 0,SAT,29104336.6267024,6340363.425,59521801.175,389
1,0.8,DS Juv = 0,SNE,130074.457142857,136.7,393271.8,35
1,0.8,DS Juv = 0.1,CAN-NNE,38303289.3783967,12005304.05,69928826.55,410
1,0.8,DS Juv = 0.1,MAT,25645372.3803379,4201119.05,50076903.45,593
1,0.8,DS Juv = 0.1,MNE,13.3448275862069,0,109.7,29
1,0.8,DS Juv = 0.1,SAT,30957350.9863096,5979658.225,66323518.75,438
1,0.8,DS Juv = 0.1,SNE,210575.653846154,2363.875,510631.25,26
1,0.8,DS Juv = 0.2,CAN-NNE,36375429.573583,12442747.975,68136546.575,401
1,0.8,DS Juv = 0.2,MAT,26819271.8769378,5203075.075,55082204.75,627
1,0.8,DS Juv = 0.2,MNE,34.1052631578947,0,217.1,19
1,0.8,DS Juv = 0.2,SAT,33187359.9902962,6880342.4,64472703.325,474
1,0.8,DS Juv = 0.2,SNE,196519.611111111,201.25,509475.625,36
1,0.8,DS Juv = 0.3,CAN-NNE,36117783.6520004,12273034.3,66526212.125,393
1,0.8,DS Juv = 0.3,MAT,28354606.7104161,6716201.825,56159286.05,609
1,0.8,DS Juv = 0.3,MNE,3451.94285714286,0,24061.4,35
1,0.8,DS Juv = 0.3,SAT,33493663.0575305,7743195.75,65944754.8,437
1,0.8,DS Juv = 0.3,SNE,187170.304347826,1362.85,615357.65,23
1,0.8,DS Juv = 0.4,CAN-NNE,34578983.5369775,11934833.125,68560477.675,375
1,0.8,DS Juv = 0.4,MAT,28794325.5796438,5714076.15,62264471.75,604
1,0.8,DS Juv = 0.4,MNE,4131.75,0,28165.775,28
1,0.8,DS Juv = 0.4,SAT,35104657.0892205,8631731.925,70246936.775,409
1,0.8,DS Juv = 0.4,SNE,248367.391304348,637.7,746842.8,23
1,0.8,DS Juv = 0.5,CAN-NNE,41199993.929005,12903091.775,77881597.75,420
1,0.8,DS Juv = 0.5,MAT,32004944.0898436,7497456.275,64202277.875,631
1,0.8,DS Juv = 0.5,MNE,43981.9393939394,0,271890.8,33
1,0.8,DS Juv = 0.5,SAT,36690127.1903252,8927225.9,74696499.7,417
1,0.8,DS Juv = 0.5,SNE,267307.137931034,1907.9,728365.8,29
1,0.8,DS Juv = 0.6,CAN-NNE,39048761.7932332,12938902.825,76016413.725,447
1,0.8,DS Juv = 0.6,MAT,34949665.8567999,8153601.65,72694277.775,609
1,0.8,DS Juv = 0.6,MNE,137797.9375,44.35,438666.275,32
1,0.8,DS Juv = 0.6,SAT,39753311.9264838,11895975.1,79152634.65,401
1,0.8,DS Juv = 0.6,SNE,265512.387096774,2176.5,856426.75,31
1,0.8,DS Juv = 0.7,CAN-NNE,40612390.7749214,14754087.525,76710682,396
1,0.8,DS Juv = 0.7,MAT,39166634.5697229,9177021.525,79563235.725,613
1,0.8,DS Juv = 0.7,MNE,283043.813953488,171.4,820109.049999999,43
1,0.8,DS Juv = 0.7,SAT,42418304.2403893,12709793.35,81968449.775,421
1,0.8,DS Juv = 0.7,SNE,346127.592592593,26781,817059.95,27
1,0.8,DS Juv = 0.8,CAN-NNE,41417691.5239393,13228976.025,84766273.125,394
1,0.8,DS Juv = 0.8,MAT,45799898.9579813,12709047.55,85582801.075,583
1,0.8,DS Juv = 0.8,MNE,480414.571428571,13692.425,1065932.775,28
1,0.8,DS Juv = 0.8,SAT,43685872.0946994,12193655.35,84899672.55,447
1,0.8,DS Juv = 0.8,SNE,438583.891891892,22845.4,1021910.8,37
1,0.8,DS Juv = 0.9,CAN-NNE,50842074.8014995,17753357.175,85799235.525,388
1,0.8,DS Juv = 0.9,MAT,57589787.0453516,14495352.475,106757860.875,615
1,0.8,DS Juv = 0.9,MNE,854343.266666667,123432.875,1714933.4,30
1,0.8,DS Juv = 0.9,SAT,46596595.1009923,15528023,85621537.125,394
1,0.8,DS Juv = 0.9,SNE,537744.814814815,58154.1,1135773.65,27
1,0.8,DS Juv = 1,CAN-NNE,53624864.2072499,18917870.4,97532307.775,371
1,0.8,DS Juv = 1,MAT,68045217.0497717,19823575.85,127227846.875,632
1,0.8,DS Juv = 1,MNE,1622666.8125,448749.4,2900879.15,32
1,0.8,DS Juv = 1,SAT,50468014.509037,15923735,99609684.025,422
1,0.8,DS Juv = 1,SNE,752734.290322581,152915.5,1683505,31
1,0.9,DS Juv = 0,CAN-NNE,38113919.0126973,13428084.95,71366763.9,358
1,0.9,DS Juv = 0,MAT,27373897.170528,6597815.325,55380843.1,629
1,0.9,DS Juv = 0,MNE,17.9333333333333,0,148,30
1,0.9,DS Juv = 0,SAT,30499123.6268415,5658863.45,65414053.225,412
1,0.9,DS Juv = 0,SNE,212998.103448276,3076.6,517047.9,29
1,0.9,DS Juv = 0.1,CAN-NNE,38877460.2810573,12114984.95,73289401.275,395
1,0.9,DS Juv = 0.1,MAT,27684830.8813205,6226201.7,57516478.575,663
1,0.9,DS Juv = 0.1,MNE,70.2647058823529,0,889.275,34
1,0.9,DS Juv = 0.1,SAT,33082619.355166,7336638.8,62699984.575,453
1,0.9,DS Juv = 0.1,SNE,235060.4,2769.375,563654.075,30
1,0.9,DS Juv = 0.2,CAN-NNE,36160608.1296176,12382447.95,68476192.325,400
1,0.9,DS Juv = 0.2,MAT,29421999.3713888,6832911.175,57476388.575,614
1,0.9,DS Juv = 0.2,MNE,1300.69696969697,0,8692.20000000005,33
1,0.9,DS Juv = 0.2,SAT,32325528.8535862,7543419.7,65221353.375,444
1,0.9,DS Juv = 0.2,SNE,260371.5,4858.5,605302.3,34
1,0.9,DS Juv = 0.3,CAN-NNE,38189198.0526937,12788338.275,69070154.95,399
1,0.9,DS Juv = 0.3,MAT,29921381.8642469,6475530.775,61824313.775,588
1,0.9,DS Juv = 0.3,MNE,4912.11428571429,0,39865.7499999999,35
1,0.9,DS Juv = 0.3,SAT,33716879.5264726,9970612.5,64408751.9,410
1,0.9,DS Juv = 0.3,SNE,333657.838709677,35164.5,746354.5,31
1,0.9,DS Juv = 0.4,CAN-NNE,39180251.1399472,13384983.425,72532156.75,427
1,0.9,DS Juv = 0.4,MAT,33193157.1954237,7478237.375,68237005.125,631
1,0.9,DS Juv = 0.4,MNE,10909.6666666667,0,74175.6999999999,27
1,0.9,DS Juv = 0.4,SAT,35358978.779995,10785278.275,66998438.95,395
1,0.9,DS Juv = 0.4,SNE,253747.677419355,1735.5,637065,31
1,0.9,DS Juv = 0.5,CAN-NNE,37821383.9406241,12131089.8,76399743.9,410
1,0.9,DS Juv = 0.5,MAT,33337642.1393209,9489351,68799648.575,596
1,0.9,DS Juv = 0.5,MNE,36812.5,71.35,210055.225,22
1,0.9,DS Juv = 0.5,SAT,38939787.1613693,10605871.475,75452637,378
1,0.9,DS Juv = 0.5,SNE,298291.965517241,6608.1,819682.2,29
1,0.9,DS Juv = 0.6,CAN-NNE,41096521.5835865,11821640.8,78865002.45,385
1,0.9,DS Juv = 0.6,MAT,38134458.0456458,9679916.125,77349571.775,600
1,0.9,DS Juv = 0.6,MNE,235869.47826087,379.3,452883.8,23
1,0.9,DS Juv = 0.6,SAT,39256363.233834,11618513.825,76711450.9,438
1,0.9,DS Juv = 0.6,SNE,422434.185185185,8373.9,929136.85,27
1,0.9,DS Juv = 0.7,CAN-NNE,42335757.0942171,13726524.45,76799167.825,379
1,0.9,DS Juv = 0.7,MAT,44468839.4368838,11999866.425,88456529.85,588
1,0.9,DS Juv = 0.7,MNE,318468.111111111,4329,955509.9,45
1,0.9,DS Juv = 0.7,SAT,40950095.4510365,10765561.125,78666765.025,445
1,0.9,DS Juv = 0.7,SNE,420656.105263158,8121.05,932922.924999998,38
1,0.9,DS Juv = 0.8,CAN-NNE,42501486.2449955,14336688.925,83787506.05,411
1,0.9,DS Juv = 0.8,MAT,51101687.4742483,11551480.2,104196298.35,563
1,0.9,DS Juv = 0.8,MNE,696434.612903226,21576.75,1512012.5,31
1,0.9,DS Juv = 0.8,SAT,44273416.676445,12604170.525,90648234.55,427
1,0.9,DS Juv = 0.8,SNE,518794.161290323,39349.25,1254800.25,31
1,0.9,DS Juv = 0.9,CAN-NNE,51886147.9435718,17159779.775,93495366.85,408
1,0.9,DS Juv = 0.9,MAT,64259289.7087111,19171387.225,117482978.775,654
1,0.9,DS Juv = 0.9,MNE,1014818.38095238,235175,1977419.5,21
1,0.9,DS Juv = 0.9,SAT,49583625.0361341,14903052.525,92900782.65,424
1,0.9,DS Juv = 0.9,SNE,724393,97340.75,1614716,26
1,0.9,DS Juv = 1,CAN-NNE,54900703.3472684,19567792.025,105444379.75,387
1,0.9,DS Juv = 1,MAT,74786354.047563,24249365.05,140624036.65,613
1,0.9,DS Juv = 1,MNE,1363368.6,384191.875,2636362.15,30
1,0.9,DS Juv = 1,SAT,53373861.9893006,16156337.1,103732849.35,434
1,0.9,DS Juv = 1,SNE,825868.6,169454.55,1803780.075,30
1,1,DS Juv = 0,CAN-NNE,37354691.5447427,13077197.675,71053143.575,397
1,1,DS Juv = 0,MAT,28484823.8130157,5953892.8,60507448.725,609
1,1,DS Juv = 0,MNE,126.095238095238,0,1009,21
1,1,DS Juv = 0,SAT,31445458.0185852,6558183.75,67429367.5,398
1,1,DS Juv = 0,SNE,235535.567567568,523.2,634514.7,37
1,1,DS Juv = 0.1,CAN-NNE,38926899.5910939,14384808.275,73001641.275,413
1,1,DS Juv = 0.1,MAT,32010900.3523421,7821757.35,65234477.325,637
1,1,DS Juv = 0.1,MNE,1482.86666666667,0,10799.125,30
1,1,DS Juv = 0.1,SAT,32894638.3475471,7874866.275,64058087.95,438
1,1,DS Juv = 0.1,SNE,260419.653846154,7525.125,744893.5,26
1,1,DS Juv = 0.2,CAN-NNE,38003223.1008947,13505667.225,70508321.425,372
1,1,DS Juv = 0.2,MAT,33598462.7488808,8180175.3,66164609.2,588
1,1,DS Juv = 0.2,MNE,1749.31818181818,0.225000000000001,12695.6,44
1,1,DS Juv = 0.2,SAT,33278778.8273035,7876370.65,65240751.825,447
1,1,DS Juv = 0.2,SNE,286637.142857143,5747.575,662493.875,28
1,1,DS Juv = 0.3,CAN-NNE,40021565.0707597,12277358.75,71594964.25,403
1,1,DS Juv = 0.3,MAT,34851169.6441687,8587465.85,71159540.5,636
1,1,DS Juv = 0.3,MNE,25827.5185185185,0,168566,27
1,1,DS Juv = 0.3,SAT,34302510.6765701,9862077.55,68413655.9,451
1,1,DS Juv = 0.3,SNE,309778.315789474,3271.275,893352.175,38
1,1,DS Juv = 0.4,CAN-NNE,39951150.4206609,14020354.475,75528310.075,404
1,1,DS Juv = 0.4,MAT,36498686.2481506,9363172.675,71704760.975,611
1,1,DS Juv = 0.4,MNE,62989.64,44,221952,25
1,1,DS Juv = 0.4,SAT,41402966.8677622,11965344.675,80180306.275,429
1,1,DS Juv = 0.4,SNE,328832.03030303,23192.2,767819.8,33
1,1,DS Juv = 0.5,CAN-NNE,40366202.8406247,13412620.15,76427865.275,403
1,1,DS Juv = 0.5,MAT,39816726.4124147,10125823.1,75734433.4,582
1,1,DS Juv = 0.5,MNE,195169.555555556,16.375,516504.875,36
1,1,DS Juv = 0.5,SAT,39889987.1390272,9291301.425,79861637.85,410
1,1,DS Juv = 0.5,SNE,419302.666666667,52750.65,957848.5,27
1,1,DS Juv = 0.6,CAN-NNE,40387167.7970154,13353367.5,80465435.525,433
1,1,DS Juv = 0.6,MAT,45299863.3808747,12405607.25,88716385.65,616
1,1,DS Juv = 0.6,MNE,395322.588235294,645.475,959197.125,34
1,1,DS Juv = 0.6,SAT,42670735.0152615,12111545.425,80583322.3,417
1,1,DS Juv = 0.6,SNE,435012.5625,39729.575,1002524,32
1,1,DS Juv = 0.7,CAN-NNE,43923828.1030932,14614205.1,85920736.925,404
1,1,DS Juv = 0.7,MAT,51191238.5805873,13444834.875,101006992.475,611
1,1,DS Juv = 0.7,MNE,586255.933333333,23482.225,1332626.95,30
1,1,DS Juv = 0.7,SAT,47902230.9117163,14668309.125,91113321.925,456
1,1,DS Juv = 0.7,SNE,638248.55,74346.45,1367239.675,40
1,1,DS Juv = 0.8,CAN-NNE,49109384.5659465,16136844.25,87483900.875,382
1,1,DS Juv = 0.8,MAT,60159190.8394003,16185864.7,118041427.025,630
1,1,DS Juv = 0.8,MNE,793552.121212121,91605,2000867.2,33
1,1,DS Juv = 0.8,SAT,48403231.8773369,15891437.225,89154519.575,420
1,1,DS Juv = 0.8,SNE,620524.35,33368.3,1430343.05,40
1,1,DS Juv = 0.9,CAN-NNE,54655585.9988199,17310656.225,100501303.175,408
1,1,DS Juv = 0.9,MAT,75538064.1078,22471387.375,141917362.525,612
1,1,DS Juv = 0.9,MNE,1344757.52,418004.8,2529127.8,25
1,1,DS Juv = 0.9,SAT,54366989.8392759,16488644.025,103032430.725,432
1,1,DS Juv = 0.9,SNE,783411.310344828,102423.9,1652187.6,29
1,1,DS Juv = 1,CAN-NNE,62377414.9964694,21052049.425,115681747.625,385
1,1,DS Juv = 1,MAT,91139809.1971863,28536668.15,178599068.8,608
1,1,DS Juv = 1,MNE,2033823.43478261,664657.15,3985508.3,23
1,1,DS Juv = 1,SAT,57184499.745445,19576997.975,110070559.7,431
1,1,DS Juv = 1,SNE,1024176.19354839,289615.75,1958627.25,31
