scenario,pop,lwr,upr
Current,115537072.114328,36777050.35,227483842.95
No dams,211541911.620289,66678259,421700710.175
No passage,111012908.285473,34828576.775,216275663.9
