POP,Habitat,first_dam,difference,percent_difference
CAN-NNE,1133.56665779495,727.68084087026,405.88581692469,36
MAT,2219.00995762077,862.20884647146,1356.80111114931,61
MNE,86.33558083291,7.96417834807,78.37140248484,91
SAT,1391.88294743328,875.81872137087,516.06422606241,37
SNE,45.74322771298,16.83847918147,28.90474853151,63
